-- phpMyAdmin SQL Dump
-- version 4.7.7
-- https://www.phpmyadmin.net/
--
-- Servidor: localhost
-- Tiempo de generación: 03-06-2019 a las 04:11:31
-- Versión del servidor: 10.1.30-MariaDB
-- Versión de PHP: 5.6.33

SET SQL_MODE = "NO_AUTO_VALUE_ON_ZERO";
SET AUTOCOMMIT = 0;
START TRANSACTION;
SET time_zone = "+00:00";


/*!40101 SET @OLD_CHARACTER_SET_CLIENT=@@CHARACTER_SET_CLIENT */;
/*!40101 SET @OLD_CHARACTER_SET_RESULTS=@@CHARACTER_SET_RESULTS */;
/*!40101 SET @OLD_COLLATION_CONNECTION=@@COLLATION_CONNECTION */;
/*!40101 SET NAMES utf8mb4 */;

--
-- Base de datos: `libros`
--

-- --------------------------------------------------------

--
-- Estructura de tabla para la tabla `asignatura`
--

CREATE TABLE `asignatura` (
  `id` int(5) NOT NULL,
  `nombre` varchar(200) NOT NULL,
  `semestre` int(4) NOT NULL,
  `plan_estudio_id` int(11) NOT NULL
) ENGINE=InnoDB DEFAULT CHARSET=utf8 ROW_FORMAT=COMPACT;

--
-- Volcado de datos para la tabla `asignatura`
--

INSERT INTO `asignatura` (`id`, `nombre`, `semestre`, `plan_estudio_id`) VALUES
(1, 'IDIOMAS I', 1, 1),
(2, 'ALGEBRA LINEAL', 1, 1),
(3, 'TEORIA DE CONJUNTO Y ALGEBRA DE BOOLE', 1, 1),
(4, 'GEOMETRIA ANALITICA', 1, 1),
(5, 'INTRODUCCION A LA INFORMATICA', 1, 1),
(6, 'ALGORITMICA', 1, 1),
(7, 'IDIOMAS II', 2, 1),
(8, 'CALCULO I', 2, 1),
(9, 'FISICA I', 2, 1),
(10, 'ARQUITECTURA DE COMPUTADORAS I', 2, 1),
(11, 'LENGUAJE C Y ESTRUCTURA DE DATOS', 2, 1),
(12, 'ANALISIS VECTORIAL', 3, 1),
(13, 'LENGUAJES FORMALES', 3, 1),
(14, 'SISTEMAS OPERATIVOS I', 3, 1),
(15, 'IDIOMAS III', 3, 1),
(16, 'CALCULO II', 3, 1),
(17, 'FISICA II', 3, 1),
(18, 'COMPILADORES', 4, 1),
(19, 'INGENIERIA DE SOFTWARE I', 4, 1),
(20, 'CALCULO III', 4, 1),
(21, 'FISICA III', 4, 1),
(22, 'CONTABILIDAD Y CONTROL DE GESTION', 4, 1),
(23, 'IDIOMAS IV', 4, 1),
(24, 'SEMINARIO I', 4, 1),
(25, 'PROGRAMACION ORIENTADA A OBJETOS', 5, 1),
(26, 'METODOS NUMERICOS', 5, 1),
(27, 'FISICA IV', 5, 1),
(28, 'IDIOMAS V', 5, 1),
(29, 'SEMINARIO II', 5, 1),
(30, 'SISTEMAS OPERATIVOS II', 5, 1),
(31, 'PROBABILIDADES Y ESTADISTICAS I', 5, 1),
(32, 'NUMEROS COMPLEJOS', 6, 1),
(33, 'COSTOS Y PROYECTOS', 6, 1),
(34, 'ADMINISTRACION', 6, 1),
(35, 'IDIOMAS VI', 6, 1),
(36, 'SEMINARIO III', 6, 1),
(37, 'SIMULACION DE SISTEMAS ESTOCASTICOS', 6, 1),
(38, 'COMPUTACION GRAFICA', 6, 1),
(39, 'PROBABILIDADES Y ESTADISTICAS II', 7, 1),
(40, 'ELECTROMAGNETISMO', 7, 1),
(41, 'ECONOMIA', 7, 1),
(42, 'IDIOMAS VII', 7, 1),
(43, 'SEMINARIO IV', 7, 1),
(44, 'REDES DE COMPUTADORAS I', 7, 1),
(45, 'INGENIERIA DE SOFTWARE II', 7, 1),
(46, 'SEMINARIO V', 8, 1),
(47, 'REDES DE COMPUTADORAS II', 8, 1),
(48, 'PROGRAMACION PARALELA', 8, 1),
(49, 'BASE DE DATOS', 8, 1),
(50, 'INVESTIGACION DE OPERACIONES I', 8, 1),
(51, 'AUDITORIA DE SISTEMAS INFORMATICOS', 8, 1),
(52, 'ARQUITECTURA DE COMPUTADORAS II', 9, 1),
(53, 'INVESTIGACION DE OPERACIONES II', 9, 1),
(54, 'INTELIGENCIA ARTIFICIAL', 9, 1),
(55, 'ADMINISTRACION DE SISTEMAS INFORMATICOS', 9, 1),
(56, 'METODOLOGIA DE LA INVESTIGACION', 9, 1),
(57, 'ETICA Y ASPECTOS LEGALES DE LA INGENIERIA', 10, 1),
(58, 'INTELIGENCIA ARTIFICIAL II', 10, 1),
(59, 'PROYECTO DE GRADUACION', 10, 1),
(60, 'SEGURIDAD DE SISTEMAS INFORMATICOS', 10, 1),
(61, 'GEOMETRIA ANALITICA', 1, 2),
(62, 'ALGEBRA LINEAL', 1, 2),
(63, 'EMPRENDEDURISMO Y LIDERAZGO', 1, 2),
(64, 'MATEMATICA DISCRETA', 1, 2),
(65, 'COMUNICACION ORAL Y ESCRITA', 1, 2),
(66, 'ALGORITMICA Y ESTRUCTURA DE DATOS I', 1, 2),
(67, 'CALCULO I', 2, 2),
(68, 'ARQUITECTURA DE COMPUTADORAS I', 2, 2),
(69, 'PROBABILIDAD Y ESTADISTICA I', 2, 2),
(70, 'IDIOMAS I', 2, 2),
(71, 'ALGORITMICA Y ESTRUCTURA DE DATOS II', 2, 2),
(72, 'FISICA I', 2, 2),
(73, 'SISTEMAS OPERATIVOS', 2, 2),
(74, 'ARQUITECTURA DE COMPUTADORAS II', 3, 2),
(75, 'LENGUAJE DE PROGRAMACIÓN I', 3, 2),
(76, 'LENGUAJES FORMALES Y AUTÓMATAS', 3, 2),
(77, 'PROBABILIDAD Y ESTADÍSTICAS II', 3, 2),
(78, 'CÁLCULO II', 3, 2),
(79, 'FÍSICA II', 3, 2),
(80, 'IDIOMAS II', 3, 2),
(81, 'REDES DE COMPUTADORAS I', 4, 2),
(82, 'CONTABILIDAD', 4, 2),
(83, 'COMPILADORES', 4, 2),
(84, 'INGENIERIA DE SOFTWARE I', 4, 2),
(85, 'CALCULO III', 4, 2),
(86, 'FISICA III', 4, 2),
(87, 'BASE DE DATOS I', 4, 2),
(88, 'FISICA IV', 5, 2),
(89, 'INVESTIGACION OPERATIVA', 5, 2),
(90, 'BASES DE DATOS II', 5, 2),
(91, 'REDES DE COMPUTADORAS II', 5, 2),
(92, 'LENGUAJE DE PROGRAMACION II', 5, 2),
(93, 'ADMINISTRACION', 5, 2),
(94, 'SISTEMAS DISTRIBUIDOS', 6, 2),
(95, 'SIMULACION DE SISTEMAS ESTOCASTICOS', 6, 2),
(96, 'INGENIERIA DE SOFTWARE II', 6, 2),
(97, 'INTELIGENCIA ARTIFICIAL I', 6, 2),
(98, 'LENGUAJE DE PROGRAMACION III', 6, 2),
(99, 'ECONOMIA Y FINANZAS', 6, 2),
(100, 'AUDITORIA Y PERITAJE DE SISTEMAS INFORMATICOS', 7, 2),
(101, 'INGENIERIA DE SOFTWARE III', 7, 2),
(102, 'ADMINISTRACION DE SISTEMAS INFORMATICOS', 7, 2),
(103, 'APLICACIONES PARA AMBIENTE WEB', 7, 2),
(104, 'INTERACCION HOMBRE-MAQUINA', 7, 2),
(105, 'INTELIGENCIA ARTIFICIAL II', 7, 2),
(106, 'ETICA Y ASPECTOS LEGALES DE LA INGENIERIA', 7, 2),
(107, 'MICROCONTROLADORES Y DISE˜NO CON MICROCONTROLADORES', 7, 2),
(108, 'SISTEMAS OPERATIVOS Y PROGRAMACION CONCURRENTE', 7, 2),
(109, 'INTRODUCCION A LA ELECTRONICA PARA SISTEMAS EMPOTRADOS', 7, 2),
(110, 'SEGURIDAD INFORMATICA', 8, 2),
(111, 'PASANTIA PROFESIONAL SUPERVISADA', 8, 2),
(112, 'TECNOLOGIAS EMERGENTES', 8, 2),
(113, 'APLICACIONES PARA DISPOSITIVOS MOVILES ', 8, 2),
(114, 'PRUEBA (TESTING) Y MANTENIMIENTO DE SOFTWARE', 8, 2),
(115, 'GESTION EMPRESARIAL TIC', 8, 2),
(116, 'DISE˜NO AVANZADO DE SISTEMAS DIGITALES Y DISE˜NO DE HW Y SW', 8, 2),
(117, 'TIEMPO REAL EN SISTEMAS EMPOTRADOS', 8, 2),
(118, 'CONTROL EN SISTEMAS EMPOTRADOS', 8, 2),
(119, 'TRABAJO FINAL DE GRADO I', 9, 2),
(120, 'GESTION DE CENTRO DE PROCESOS DE DATOS', 9, 2),
(121, 'GESTION DEL CONOCIMIENTO Y GOBIERNO ELECTRONICO', 9, 2),
(122, 'SOFTWARE DE GESTION INTEGRADA', 9, 2),
(123, 'BUSES Y COMUNICACIONES EN SISTEMAS EMPOTRADOS', 9, 2),
(124, 'PROCESADO DIGITAL DE SE˜NALES Y HARDWARE PARA PDS', 9, 2),
(125, 'SENSORES Y ACTUADORES', 9, 2),
(126, 'TRABAJO FINAL DE GRADO II', 10, 2),
(127, 'DISE˜NO ADMINISTRACION Y SEGURIDAD EN REDES DE COMPUTADORAS', 10, 2),
(128, 'INTELIGENCIA DE NEGOCIO', 10, 2),
(129, 'PROCESAMIENTO DIGITAL DE IMAGENES', 10, 2),
(130, 'DISE˜NO DE SISTEMAS INTEGRADOS ON-CHIP. DISE˜NO BASADO EN MODELOS', 10, 2),
(131, 'SOFTWARE DE COMUNICACION EN AMBIENTES EMPOTRADOS. FIABILIDAD EN SISTEMAS EMPOTRADOS', 10, 2),
(132, 'INTELIGENCIA EMPOTRADA. SISTEMAS UBICUOS', 10, 2);

-- --------------------------------------------------------

--
-- Estructura de tabla para la tabla `asignatura_contenido`
--

CREATE TABLE `asignatura_contenido` (
  `id` int(11) NOT NULL,
  `asignatura_id` int(11) NOT NULL,
  `contenido_id` int(11) NOT NULL
) ENGINE=InnoDB DEFAULT CHARSET=utf8;

--
-- Volcado de datos para la tabla `asignatura_contenido`
--

INSERT INTO `asignatura_contenido` (`id`, `asignatura_id`, `contenido_id`) VALUES
(1, 10, 57),
(2, 10, 688),
(3, 10, 691),
(4, 10, 696),
(5, 10, 700),
(6, 10, 715),
(7, 10, 720),
(8, 10, 721),
(9, 10, 725),
(11, 10, 727),
(12, 10, 730),
(13, 10, 742),
(14, 10, 743),
(15, 10, 744),
(16, 10, 745),
(17, 5, 605),
(18, 5, 606),
(19, 5, 607),
(20, 5, 608),
(21, 5, 609),
(22, 5, 610),
(23, 5, 611),
(24, 5, 612),
(25, 5, 614),
(26, 5, 613),
(27, 5, 615),
(28, 5, 616),
(29, 5, 617),
(30, 5, 618),
(31, 5, 619),
(32, 5, 620),
(33, 5, 623),
(34, 5, 624),
(35, 5, 625),
(36, 5, 627),
(37, 5, 626),
(38, 5, 622),
(39, 5, 628),
(40, 5, 629),
(41, 5, 630),
(42, 5, 631),
(43, 5, 4),
(44, 5, 632),
(45, 5, 633),
(50, 5, 638),
(51, 5, 639),
(52, 5, 643),
(53, 5, 644),
(54, 5, 645),
(55, 5, 646),
(56, 5, 647),
(57, 5, 648),
(58, 5, 642),
(59, 5, 751),
(60, 5, 649),
(61, 5, 650),
(62, 5, 651),
(63, 5, 652),
(64, 5, 653),
(65, 5, 654),
(66, 5, 655),
(67, 5, 640),
(68, 5, 641),
(69, 5, 656),
(70, 5, 657),
(71, 5, 658),
(72, 5, 659),
(73, 5, 660),
(74, 5, 661),
(75, 5, 662),
(76, 5, 663),
(77, 5, 664),
(78, 5, 665),
(79, 5, 666),
(80, 5, 667),
(81, 5, 668),
(82, 5, 5),
(83, 5, 669),
(84, 5, 670),
(85, 5, 671),
(86, 5, 672),
(87, 5, 673),
(88, 5, 674),
(89, 5, 675),
(90, 5, 676),
(91, 5, 677),
(92, 5, 678),
(93, 5, 679),
(94, 5, 680),
(95, 5, 835),
(96, 5, 681),
(97, 5, 682),
(98, 5, 683),
(99, 5, 684),
(100, 5, 685),
(101, 5, 686),
(102, 5, 687),
(103, 5, 689),
(104, 5, 6),
(105, 5, 690),
(106, 5, 692),
(107, 5, 693),
(108, 5, 694),
(109, 5, 695),
(110, 5, 7),
(111, 5, 697),
(112, 5, 698),
(113, 5, 701),
(114, 5, 702),
(115, 5, 703),
(116, 5, 704),
(117, 5, 705),
(118, 5, 706),
(119, 5, 707),
(120, 5, 708),
(121, 5, 709),
(122, 5, 8),
(123, 5, 710),
(124, 5, 711),
(125, 5, 712),
(126, 5, 713),
(127, 5, 714),
(128, 5, 716),
(129, 5, 717),
(130, 5, 718),
(131, 5, 719),
(132, 5, 722),
(133, 5, 723),
(134, 5, 724),
(135, 5, 726),
(136, 5, 9),
(137, 5, 728),
(138, 5, 729),
(139, 5, 731),
(140, 5, 732),
(141, 5, 733),
(142, 5, 734),
(143, 5, 735),
(144, 5, 736),
(145, 5, 737),
(146, 5, 738),
(147, 5, 739),
(148, 5, 740),
(149, 5, 741),
(150, 5, 748),
(151, 5, 749),
(152, 5, 750);

-- --------------------------------------------------------

--
-- Estructura de tabla para la tabla `bibliografia`
--

CREATE TABLE `bibliografia` (
  `id` int(5) NOT NULL,
  `titulo` varchar(200) NOT NULL,
  `autor1` varchar(200) DEFAULT NULL,
  `autor2` varchar(200) DEFAULT NULL,
  `volumen` varchar(200) DEFAULT NULL
) ENGINE=InnoDB DEFAULT CHARSET=utf8 ROW_FORMAT=COMPACT;

--
-- Volcado de datos para la tabla `bibliografia`
--

INSERT INTO `bibliografia` (`id`, `titulo`, `autor1`, `autor2`, `volumen`) VALUES
(1, 'COMANDO Y PROTECCION EN BAJA TENSION                                                                ', 'Kemper; Messeguer                                                                                   ', 'Kihara                                                                                              ', '1'),
(5, 'ACIONAMENTOS ELETRICOS', 'Caliton Moro Franchi', '', '4'),
(6, 'SEGURIDAD E HIGIENE EN EL TRABAJO', 'Jose Maria Cortes Diaz', '', ''),
(7, 'APRENDA EM 21 DIAS JAVA 2: PROFESSIONAL REFERENCE', 'CADENHEAD, ROGERS', 'LEMAY, LAURA', '1'),
(8, 'MECANICA DE FLUIDOS Y MAQUINAS HIDRAULICAS', 'Mataix, Claudio', '', '2'),
(9, 'ADMINISTRACION DEL TURISMO 2', 'Acerenza, Miguel Angel', '', '1'),
(10, 'PRINCIPIOS DE ELECTRONICA', 'Malvino', '', '5'),
(11, 'INSTALACION ELECTRICA DE BAJA TENSION                                                               ', 'Kemper; Messeguer                                                                                   ', 'Kihara; Herreros                                                                                    ', '1'),
(15, 'COMANDO Y PROTECCION EN BAJA TENSION                                                                ', 'Kemper; Messeguer                                                                                   ', 'Kihara                                                                                              ', '1'),
(20, 'R.P.G. II - UN LENGUAJE EN CUESTION', 'Tutor', 'Velasco', '1'),
(21, 'R.P.G. II - UN LENGUAJE EN CUESTION', 'Tutor', 'Velasco', '1'),
(24, 'INTRODUCCION AL R.P.G. II', 'I.B.M.', '', '1'),
(25, 'INTRODUCCION AL R.P.G. II', 'I.B.M.', '', '1'),
(26, 'BREVE RESE?A HISTORICA DE LOS AVA GUARANI DE LA CO', 'UNIVERSIDAD EVANGELICA DEL', 'PARAGUAY', '1'),
(27, 'EL ULTIMO VUELO DEL PAJARO CAMPANA', 'COLMAN GUTIERREZ', '', '1'),
(28, 'ACIONAMENTOS ELETRICOS', 'Claiton Moro Franchi', '', '4'),
(29, 'NORTON UTILITIES VER. 4.0', 'Richard Evans', '', ''),
(30, 'INTRODUCCION A LA INVESTIGACION DE OPERACIONES', 'HILLIER, FREDERICK S.', 'LIEBERMAN, GERALD J.', '1'),
(31, 'PRIMA PAR - MANUAL DE COMPUTACION E INFO', '', '', ''),
(32, 'SOFTWARE Y HARDWARE DE SU PC', 'Jos? A. Carballar', '', ''),
(33, 'PRIMA PAR - MANUAL DE COMPUTACION E INFO', '', '', ''),
(34, 'INTRODUCCION A LA ESTADISTICA', 'MERRILL', 'FOX', '1'),
(35, 'TODO EL MS-DOS 6.22 EN UN SOLO LIBRO', 'Carlos Boqu?', '', ''),
(36, 'TODO EL MS-DOS 6.22 EN UN SOLO LIBRO', 'Carlos Boqu?', '', ''),
(37, 'ANALISIS NUMERICO', 'Richard L. Burden', 'J. Douglas Faires.', '7'),
(38, 'INTRODUCCION AL R.P.G. II', 'I.B.M.', '', '1'),
(39, 'INTRODUCCION AL R.P.G. II', 'I.B.M.', '', '1'),
(40, 'INTRODUCCION AL R.P.G. II', 'I.B.M.', '', '1'),
(41, 'LENGUAJE DE PROGRAMACION COBOL', 'Vignau', '', '1'),
(42, 'LENGUAJE DE PROGRAMACION COBOL', 'Vignau', '', '1'),
(43, 'LENGUAJE DE PROGRAMACION COBOL', 'Vignau', '', '1'),
(44, 'LENGUAJE EN PROGRAMACION COBOL                                                                      ', 'Vignau                                                                                              ', '                                                                                                    ', '1'),
(45, 'LENGUAJE DE PROGRAMACION COBOL', 'Vignau', '', '1'),
(46, 'PROGRAMACION AVANZADA EN COBOL ESTRUCTURADO', 'Newcomer', '', '1'),
(47, 'PROGRAMACION AVANZADA EN COBOL ESTRUCTURADO', 'Newcomer', '', '1'),
(48, 'PROGRAMACION AVANZADA EN COBOL ESTRUCTURADO', 'Newcomer', '', '1'),
(49, 'DIBUJO EN INGENIERIA                                                                                ', 'French                                                                                              ', 'Vierck                                                                                              ', '1'),
(50, 'REPUBLICA BOLIVARIANA DE VENEZUELA - CUADERNO DE L', 'EMBAJADA DE VENEZUELA', '', '2'),
(51, 'PRINCIPIOS DE MECATR?NICA', 'Joao Mauricio Rosario', '', ''),
(52, 'ACIONAMENTOS ELETRICOS', 'Claiton Moro Franchi', '', '4'),
(53, 'FORMULACION Y RESOLUCION DE MODELOS DE PROGRAMACIO', 'Castillo, Conejo, Pedregal', 'Garc?a, Alguacil', '1'),
(54, 'DICCIONARIO MCGRAW - HILL DE COMPUTACION', 'PARKER', '', '1'),
(55, 'LENGUAJE 2. COMUNICACION - CIENCIA - ARTE', 'Nasser, Emina', 'Natalizia, Rolando', '1'),
(56, 'EL CALCULO CON GEOMETRIA ANALITICA', 'Leithold. Louis', '', '1'),
(57, 'MARKETING TURISTICO', 'SERRA, ANTONI', '', '1'),
(58, 'BREVE DICCIONARIO DE LA LITERATURA GUARA', 'Teresa Mendez', 'Faith', '1'),
(59, 'CALCULUS', 'APOSTOL', '', '2'),
(60, 'EVALUACION DE PROYECTOS', 'Gabriel Baca Urbina', '', 'Tercera Edici?n'),
(61, 'BASES DE DATOS', 'Rodr?guez', '', '1'),
(62, 'COMPILADORES: PRINCIPIOS, TECNICAS Y HERRAMIENTAS', 'AHO, ALFRED V. - SETHI, RAVI', 'ULLMAN, JEFFREY D.', '1'),
(63, 'ANALISIS VECTIRIAL', 'Murray R. Spigel', '', '1'),
(64, 'MATHEMATICA', 'Enrrique Castillo', 'Andr?s Iglesias', ''),
(65, 'VARIABLE COMPLEJA', 'SPIEGEL, MURRAY R.', '', '1'),
(66, 'METODOLOGIA DE LA PROGRAMACION - APLICACIONES EN C', 'Alcalde', 'Garc?a', '2'),
(67, 'UN REGALO EXCEPCIONAL', 'Roger Patron Lujan', '', ''),
(68, 'PERSPECTIVAS EN ESTADISTICA E INVESTIGACION OPERAT', 'Antonio Pascal Acosta', 'Luis Parras Gui', '1'),
(69, 'ANALISIS VECTORIAL', 'Murray S. Espiegel', '', '1'),
(70, 'ALGEBRA LINEAL', 'Lipschutz', '', '1'),
(71, 'PROGRAMACION AVANZADA EN COBOL ESTRUCTURADO', 'Newcomer', '', '1'),
(72, 'CONTROLE DIGITAL', 'Castrucci', 'Moura', '1'),
(73, 'DISPOSITIVOS ELETRONICOS E TEORIA DE CIRCUITOS', 'Boylestad', 'Nashelsky', '3'),
(74, 'APPLICATIONS OF ARTIFICIAL INTELLIGENCE IN ENGINEE', 'International Conference', 'Southampton University, U.K.', '1'),
(75, 'ROBOTICA INDUSTRIAL', 'Ferrate', '', '1'),
(76, 'MECANICA VECTORIAL PARA INGENIEROS                                                                  ', 'Nara, Harry                                                                                         ', '                                                                                                    ', '1'),
(77, 'ANALISE DE CIRCUITOS EN ENGENHARIA                                                                  ', 'Hayt                                                                                                ', 'Kemmerly                                                                                            ', '1'),
(78, 'ENGLISH COMPUTER SCIENCE', 'D. Mullen', 'Brown', '1'),
(79, 'XVII JORNADAS DE JOVENES INVESTIGADORES-UNIVERSIDAD, CONOCIMIENTO Y DESARROLLO REGIONAL', 'Universidad Nacional del Entre Rios - Concordia - Argentina', '', 'Primera Edicion'),
(80, 'INTRODUCCION A LA LOGICA MATEMATICA', 'Suppes', 'Hill', '1'),
(81, 'CUENTOS COMPLETOS', 'Pla, Josefina', '', '1'),
(82, 'ACIONAMENTOS ELETRICOS', 'Claiton Moro Franchi', '', '4'),
(83, 'ARQUITECTURA DE COMPUTADORES', 'Anasagasti', 'Angulo', '1'),
(84, 'MENTES CREATIVAS', 'Howard Gardner', '', '1? edici?n'),
(85, 'MATERIAIS ELETRICOS', 'Delcyr Barbosa Saraiva', '', ''),
(86, 'INSTALACOES ELECTRICA', 'Helio Creder', '', '10? edici?n'),
(87, 'ROBOTICA PRACTICA - TECNOLOGIA Y APLICACIONES', 'Angulo Usategui', '', '2'),
(88, 'MECANICA VECTORIAL PARA INGENIEROS - ESTATICA', 'Beer', 'Johnston', '5'),
(89, 'RESISTENCIA DOS MATERIAIS', 'Beer, Ferdinand', 'Russell, Johnston', '1'),
(90, 'ALGEBRA LINEAL', 'Fraleigh', 'Beaurengrad', '1'),
(91, 'INSTALACION ELECTRICA DE BAJA TENSION                                                               ', 'Kemper; Messeguer                                                                                   ', 'Kihara; Herreros                                                                                    ', '1'),
(92, 'NOVELL NETWARE - SOLUCIONARIO DE PROBLEMAS', 'Scarola', '', '1'),
(93, 'VISION ARTIFICIAL POR COMPUTADOR', 'Angulo', 'I?igo Madrigal', '1'),
(94, 'N.C.R. IMOS COBOL STUDENT TEXT', 'N.C.R.', '', '1'),
(95, 'CALCULO CON GEOMETRIA ANALITICA', 'Purcell', 'Varberg', '6'),
(96, 'CONJUNTOS - APLICACIONES MATEMATICAS A LA ADMINIST', 'KLEIMAN', '', '1'),
(97, 'ALGEBRA  LINEAL', 'Jesus Rojo', '', '2'),
(98, 'ANALISIS ESTRUCTURADO MODERNO                                                                       ', 'Yourdon                                                                                             ', '                                                                                                    ', '1'),
(99, 'ANALISIS DE REDES', 'Van Valkenburg', '', '8'),
(100, 'LINHAS DE TRANSMISSAO E CIRCUITOS', 'Johnson', '', ''),
(101, 'ACIONAMENTOS ELETRICOS', 'Claiton Moro Franchi', '', '4'),
(102, 'MANUAL DE ENGENHARIA ELETRICA', 'Siemens', '', ''),
(103, 'MANUAL DE ENGENHARIA ELETRICA', 'Siemens', '', ''),
(104, 'MANUAL DE ENGENHARIA ELETRICA', 'Siemens', '', ''),
(105, 'INSTALACOES ELETRICAS', 'Siemens', '', ''),
(106, 'INSTALACOES ELETRICAS', 'SAIEMENS', '', ''),
(107, 'INSTALACOES ELETRICAS', 'Siemens', '', ''),
(108, 'INSTALACOES ELETRICAS', 'Siemens', '', ''),
(109, 'INSTALACOES ELETRICAS PREDIAIS', 'Alfonso Martignoni', '', ''),
(110, 'ELECTROTECNIA', 'Pablo Alcalde S. Miguel', '', ''),
(111, 'REPUBLICA BOLIVARIANA DE VENEZUELA - CUADERNO DE L', 'EMBAJADA DE VENEZUELA', '', '2'),
(112, 'Fisica Universitaria', 'Sears', 'Zemansky', '6'),
(113, 'INSTALACAO ELECTRICAS', 'Ademaro A. M.', 'B. Cotrim', '2? Edici?n'),
(114, 'ORIGENES DE LA GUERRA DE LA TRIPLE ALIANZA', 'Horton', '', '1'),
(115, 'RESISTENCIA DE MATERIALES', 'Berrocal, Luis O.', '', '1'),
(116, 'HISTORIA DE LA ESTUPIDEZ HUMANA', 'Paul Tabori', '', ''),
(117, 'B.B.I. dBASE II Y dBASE III', 'INGELEK', '', '1'),
(118, 'B.B.I. COMO ELEGIR UN ORDENADOR', 'INGELEK', '', '1'),
(119, 'B.B.I. INTELIGENCIA ARTIFICIAL Y SISTEMAS EXPERTOS', 'INGELEK', '', '1'),
(120, 'B.B.I. CUIDADOS DEL ORDENADOR', 'INGELEK', '', '1'),
(121, 'B.B.I. PROGRAMANDO COMO ES DEBIDO. N? 9', 'INGELEK', '', '1'),
(122, 'Estrategias para Especificacao de Sistema em Tempo Real', 'Hatley', 'Pirbhai', '1'),
(123, 'B.B.I. BANCO DE DATOS II. N? 22', 'INGELEK', '', '1'),
(124, 'Ejercitario de Algoritmica', 'Lic. Britez, Victor A.', '', '1'),
(125, 'EL MICROPROCESADOR Y SUS APLICACIONES', 'Aspinall', '', '1'),
(126, 'ANALISIS Y DISE?O ORIENTADO A OBJETOS', 'Martin', 'Odell', '1'),
(127, 'TEORIA DE CONJUNTOS Y TEMAS AFINES', 'LIPSCHUTZ', '', '1'),
(128, 'MATEMATICAS PARA COMPUTACION', 'Lipschutz', '', '1'),
(129, 'ALGEBRA LINEAL', 'de Burgos, Juan', '', '1'),
(130, '1001 TRUCOS PARA DOS Y PC, Y 114 TRUCOS MAS DE DOS                                                  ', 'Jamsa                                                                                               ', '                                                                                                    ', '1'),
(131, '50 IDEAS CONCRETAS PARA MEJORAR SU EMPRESA                                                          ', 'Sanguinetti                                                                                         ', '                                                                                                    ', '1'),
(132, 'SOFTWARE Y HARDWARE DE SU PC', 'Carballar', '', '1'),
(133, 'INTRODUCCION A LA INGENIERIA DE LA FIBRA OPTICA                                                     ', 'Mart?nez                                                                                            ', '                                                                                                    ', '1'),
(134, 'PASCAL Y ESTRUCTURA DE DATOS                                                                        ', 'Dale                                                                                                ', 'Lilly                                                                                               ', '2'),
(135, 'REINGENIERIA DE PROCESOS', 'de Oliveira', '', '1'),
(136, 'PROBLEMAS RESUELTOS DE TEORIA DE CIRCUITOS', 'A. gomez Exp?sito', 'J. A. Oliveira Ortiz de Urbina', '2? edici?n'),
(137, 'SISTEMAS POLIFASICOS', 'Baldomero Gonz?lez Sanchez', '', ''),
(138, 'USINAS HIDRELECTRICAS', 'Gerhard P. Schreiber', '', ''),
(139, 'INTRODUCCION A LA SOCIOLOGIA GENERAL', 'Guy Rocher', '', '1'),
(140, 'TURISMO E MEIO AMBIENTE NO BRASIL', 'Zysman Neiman', 'Andr?a Rabinovici', ''),
(141, 'NUEVAS TECNOLOGIAS APLICADAS A LA EDUCACION', 'Julio Cabero Almenara', '', '1'),
(143, 'HISTORIA PARAGUAYA', 'ACADEMIA PARAGUAYA', '', '1'),
(144, 'CLIPPER VERSION 5.0', 'Garcia', 'Badell', '1'),
(145, 'ARITMETICA - TEORICO PRACTICA', 'Baldor', '', '1'),
(146, 'HABLEMOS INGLES', 'ROMEISER - BRUNO', 'RICE', '1'),
(147, 'TELECOMUNICACIONES PARA PC', 'Dourak', 'Anis', '1'),
(148, 'SISTEMAS OPERATIVOS - CONCEPTOS FUNDAMENTALES', 'Silberschatz, Peterson', 'Galvin', '1'),
(149, 'HOW SOFTWARE WORKS', 'White', '', '1'),
(150, 'MICROPROCESADORES 8080 E 8085 HARDWARE', 'Franceschini', '', '1'),
(151, 'ALGEBRA LINEAL', 'Jesus Rojo', '', '2'),
(152, 'MATEMATICAS APLICADAS PARA ADMINISTRACION, ECONOMI', 'Budnick', '', '1'),
(153, 'TEORIA DE LA SOCIEDAD Y PEDAGOGIA', 'Luhmann', '', '1'),
(154, 'SISTEMAS DE CONTROL EN TIEMPO DISCRETO                                                              ', 'OGATA, KATSUHIKO                                                                                    ', '                                                                                                    ', '2'),
(155, 'INTRODUCCION A LOS SISTEMAS OPERATIVOS', 'E.Alcalde', 'J. Morera', '1'),
(156, 'FISICA *', 'Tipler', '', '3'),
(157, 'ROBOTICS: CONTROL, VISION AND INTELLIGENCE', 'Fu, Gonz?lez', 'Lee', '1'),
(158, 'FUNDAMENTOS DE PROGRAMACION', 'Joyanes Aguilar', '', '1'),
(159, 'MECANICA DE LOS FLUIDOS', 'Merle C. Potter', 'David C Wiggert', 'Segunda Edicion'),
(160, 'CALCULO DIFERENCIAL E INTEGRAL', 'Ayres', 'Meldelson', '3'),
(161, 'Comunicacao de Dados', 'Alves', '', '1'),
(162, 'FISICA *', 'Tippler', '', '3'),
(163, 'FISICA PARA ESTUDIANTES DE CIENCIAS E INGENIERIA', 'Frederick J. Bueche', '', '1'),
(164, 'INGENIERIA DEL SOFTWARE UN ENFOQUE PRACTICO', 'Pressman', '', '3'),
(165, 'FISICA CONCEPTOS Y APLICACIONES', 'Tippens, Paul', '', '6'),
(166, 'FUNDAMENTOS DE PROGRAMACION', 'Joyanes Aguilar', '', '1'),
(167, 'FUNDAMENTOS DE PROGRAMACION', 'Joyanes Aguilar', '', '1'),
(168, 'MS - DOS. VERSION 5.0', 'Hyunday Electronics', '', '1'),
(169, 'MS - DOS. VERSION 5.0', 'Hyunday Electronics', '', '1'),
(170, 'INFORMATICA E O HOMEN - INFORMATICA SUCESU 89', 'Lazzarini', '', '1'),
(171, 'WINDOWS MICROSOFT VERSION 3.1', 'Microsoft Corporation', '', '1'),
(172, 'FISICA', 'Raymond A. Serway.', 'Jerry S. Faughn', '1'),
(173, 'CALCULO CON GEOMETRIA ANALITICA', 'Purcell', 'Varberg', '1'),
(174, 'CALCULO CON GEOMETRIA ANALITICA', 'PROTTER', 'MORREY', '3'),
(175, 'FISICA 1', 'Halliday - Resnick', 'Krane', '4'),
(184, 'EL LIBRO DEL LOTUS 1-2-3', 'Alan Simpson', '', '3'),
(185, 'IBM PC AT - GUIA DE PROGRAMACAO                                                                     ', 'James T. Smith                                                                                      ', '                                                                                                    ', '1'),
(186, 'MATEMATICAS AVANZADAS PARA INGENIERIA', 'Kreyszing', '', '1'),
(187, 'LINEAS DE TRANSPORTE DE ENERGIA', 'CHECA, LUIS MARIA', '', '3'),
(188, 'LOS HOMBRES DE CELINA', 'Halley Mora', '', '1'),
(189, 'INTRODUCCION A LA INVESTIGACION DE OPERACIONES', 'Hillier', 'Liebermann', '1'),
(190, 'ANALISIS NUMERICO', 'Richard L. Burden', 'J. Douglas Faires', '7'),
(191, 'MATEMATICAS PARA COMPUTACION', 'Lipschutz', '', '1'),
(192, 'PROTECCION DE INSTALACIONES ELECTRICAS INDUSTRIALE', 'HARPER', '', '2'),
(193, 'METODOLOGIA DE LA PROGRAMACION', 'M. Angel Rodr?guez', '', '1'),
(194, 'RESISTENCIA DE MATERIALES', 'Ort?z Berrocal, Luis', '', '2'),
(195, 'CALCULO DIFERENCIAL E INTEGRAL', 'Larson', 'Hostetler', '7'),
(196, 'CALCULO CON GEOMETRIA ANALITICA', 'Larson', 'Hostetler', '1'),
(197, 'ESTADISTICA', 'Spiegel', '', '1'),
(198, 'FISICA GENERAL', 'Frederick J. Bueche', '', '1'),
(199, 'FISICA - VOLUMEN 1', 'Resnick', 'Halliday - Krane', '4'),
(200, 'ENGLISH COMPUTER SCIENCE', 'Norma Mullen', 'Charles Brown', '1'),
(201, 'ENGLISH COMPUTER SCIENCE', 'Norma Mullen', 'Charles Brown', '1'),
(202, 'ENGLISH COMPUTER SCIENCE', 'Norma Muller', 'Charles Brown', '1'),
(203, 'ENGLISH COMPUTER SCIENCE', 'Norma Muller', 'Charles Brown', '1'),
(204, 'AN EASY GAME CALLED ENGLISH', 'Lafayatte Megale', 'Terezinha Fern?ndez', '1'),
(205, 'AN EASY GAME CALLED ENGLISH', 'Lafayatte Megale', 'Terezinha Fern?ndez', '1'),
(206, 'AN EASY GAME CALLED ENGLISH', 'Lafayatte Megale', 'Terezinha Fern?ndez', '1'),
(207, 'INTRODUCCION A LA LOGICA MATEMATICA', 'Patrik Suppes', 'Shirley Hill', '1'),
(208, 'COMPUTER DICTIONARY', 'Microsoft', '', '1'),
(209, 'PROBABILIDAD Y APLICACIONES ESTADISTICAS', 'Meyer', '', '1'),
(210, 'FUNDAMENTOS DE PROGRAMACION', 'Joyanes Aguilar', '', '1'),
(211, 'PROGRAMACION EN C', 'Gottfried', '1', '1'),
(212, 'FISICA *', 'Tippler', '', '3'),
(213, 'Fisica Universitaria', 'Sears', 'Zemansky', '6'),
(214, 'GEOMETRIA ANALITICA', 'Kindle', '', '1'),
(215, 'MATEMATICAS ESPECIALES PARA COMPUTACION', 'Jose L. Garc?a Valle', '', '1'),
(216, 'INSTRUMENTACION ELECTRONICA MODERNA Y TECNICAS DE', 'HELFRICK, ALBERT D.', 'COOPER, WILLIAM D.', '1'),
(217, 'INSTRUMENTACION ELECTRONICA MODERNA Y TECNICAS DE', 'HELFRICK, ALBERT D.', 'COOPER, WILLIAM D.', '1'),
(218, 'FISICA *', 'Tipler', '', '1'),
(219, 'APRENDER A APRENDER, TECNICAS DE ESTUDIOS', '', '', ''),
(220, 'ESTADISTICA', 'Spiegel', '', '2'),
(221, 'C.C.A.A. NO 2? GRAU', 'Dpto. de Pesquisa e Planejamen', '', '1'),
(222, 'TECNICAS DE BASES DE DATOS - ESTRUCTURACION EN DIS', 'Shakuntala Atre', '', '1'),
(223, 'METODOLOGIA DE LA PROGRAMACION', 'Rodriguez', '', '1'),
(224, 'ECONOMIA', 'Samuelson', 'Nordhaus', '1'),
(225, 'MATEMATICAS AVANZADAS PARA INGENIERIA 1', 'Kreyszing', '', '5'),
(226, 'MATEMATICAS AVANZADAS PARA INGENIERIA 1', 'KREYSZIG, ERWIN', '', '6'),
(227, 'GEOMETRIA ANALITICA', 'Fuller', 'Tarwater', '1'),
(228, 'CURSO DE WINDOWS 3.0 BASICO                                                                         ', 'MasterChip Corporation                                                                              ', '                                                                                                    ', '1'),
(229, 'MATEMATICAS ESPECIALES PARA COMPUTACION                                                             ', 'Jose L. Garc?a V.                                                                                   ', '                                                                                                    ', '1'),
(230, 'MATEMATICAS ESPECIALES PARA COMPUTACION', 'Jose L. Garc?a V.', '', '1'),
(231, 'MATEMATICAS PARA COMPUTACION', 'Seymour Lipschutz', '', '1'),
(232, 'MATEMATICAS PARA COMPUTACION', 'Seymour Lipschutz', '', '1'),
(233, 'MATEMATICAS PARA COMPUTACION', 'Seymour Lipschutz', '', '1'),
(234, 'MATEMATICAS PARA COMPUTACION', 'Seymour Lipschutz', '', '1'),
(235, 'INTRODUCCION A LOS SISTEMAS OPERATIVOS', 'Alcalde, Pascual', 'Perez, Campanero', '1'),
(236, 'IBM SISTEMAL/3 RPG II - MANUAL DE CONSULTA', 'Internat Machines Corporation', '', '1'),
(237, 'ESTRUCTURA DE LA INFORMACION: ORGAN. DE FICHEROS', 'Mu?oz L?pez', '', '1'),
(238, 'INTRODUCCION A LA INVESTIGHACION DE OPERACIONES', 'Hillier', 'Lieberman', '1'),
(239, 'COMUNICACION ORAL Y ESCRITA', 'Mart?nez- S?nchez', 'Artecona- Salomoni', '1'),
(240, 'LA LITERATURA PARAGUAYA COMO EXPRESION DE LA REALI', 'Vallejos', '', '1'),
(241, 'MANUAL DE INSTRUMENTOS DE MEDIDAS ELETRONICAS', 'RUIZ VASSALLO, FRANCISCO', '', '1'),
(242, 'ECONOMIA', 'LARROULET', 'MOCHON', '1'),
(243, 'CONTROL DE UN SISTEMA DOM?TICO Y SUPERVISI?N DE CONSUMO ENERG?TICO MEDIANTE SERVIDOR Y APLICACI?N ANDROID', 'Cristhian David Ben?tez Esp?nola.', 'Cristian Eduardo Olmedo Avalos', ''),
(244, 'INTRODUCAO A PROTECAO DOS SISTEMAS ELETR', 'CAMINHA, AMADEU C.', '', '1'),
(245, 'CONTROL DE UN SISTEMA DOM?TICO Y SUPERVISI?N DE CONSUMO ENERG?TICO MEDIANTE SERVIDOR Y APLICACI?N ANDROID', 'Cristhian David Ben?tez Esp?nola.', 'Cristian Eduardo Olmedo Avalos', ''),
(246, 'SISTEMA INFORM?TICO GANADERO (SIG)', 'Ismenia Mar?a P?rez G?mez', '', ''),
(247, 'ECUACIONES DIFERENCIALES - TEORIA Y PROBLEMAS', 'Ayres', '', '1'),
(248, 'GEOMETRIA ANALITICA', 'Fuller', 'Tarwater', '1'),
(249, 'INSTRUMENTACION ELECTRONICA MODERNA Y TECNICAS DE', 'Cooper', 'Helfrick', '1'),
(251, 'INSTALACIONES ELECTRICAS DE BAJA TENSION', 'Narciso Moreno Alfonso.', 'Ramon Cano Gonzalez.', '1'),
(252, 'GEOMETRIA ANALITICA', 'Kindle', '', '1'),
(253, 'INGENIERIA DEL SOFTWARE - UN ENFOQUE PRACTICO', 'Pressman', '', '4'),
(254, 'MATEMATICAS ESPECIALES PARA COMPUTACION', 'Jose L. Garc?a V.', '', '1'),
(255, 'ESTRUCTURA DE LA INFORMACION: ORGAN. DE FICHEROS', 'Mu?oz L?pez', '', '1'),
(256, 'ESTRUCTURA DE LA INFORMACION: ORGAN. DE FICHEROS', 'Mu?oz L?pez', '', '1'),
(257, 'SISTEMAS DIGITALES - PRINCIPIOS Y APLICACIONES', 'Ronald Tocci', '', '5'),
(258, 'CIRCUITOS ELECTRICOS                                                                                ', 'Edminister                                                                                          ', '                                                                                                    ', '2'),
(259, 'CIRCUITOS ELECTRICOS                                                                                ', 'Joseph Edminister                                                                                   ', '                                                                                                    ', '2'),
(260, 'ANALISIS VECTORIAL                                                                                  ', 'Murray Spiegel                                                                                      ', '                                                                                                    ', '1'),
(261, 'TRANSFORMADAS DE LAPLACE                                                                            ', 'Murray Spiegel                                                                                      ', '                                                                                                    ', '1'),
(262, 'ANALISIS DE CIRCUITOS EN INGENIERIA', 'Hayt', 'Kemmerly', '1'),
(263, 'ANALISIS DE CIRCUITOS EN INGENIERIA                                                                 ', 'Hayt                                                                                                ', 'Kemmerly                                                                                            ', '1'),
(264, 'ANALISIS INTRODUCTORIO DE CIRCUITOS                                                                 ', 'Robert Boylestad                                                                                    ', '                                                                                                    ', '2'),
(265, 'INVESTIGACION DE OPERACIONES: INTERPRETACION DE MO                                                  ', 'NAGHI, MOHAMMAD                                                                                     ', '                                                                                                    ', '1'),
(266, 'COMO PROGRAMAR EN JAVA', 'Harvey M. Dietel', 'Paul J. Deitel', '1'),
(267, 'SISTEMA INFORM?TICO GANADERO (SIG)', 'Ismenia Mar?a P?rez G?mez', '', ''),
(268, 'SOCIOLOGIA', 'Fichter', '', '1'),
(269, 'TEORIA DE CONJUNTOS Y TEMAS AFINES', 'Lipschutz', '', '1'),
(270, 'ANALISIS MODERNO DE SISTEMAS ELECTRICOS DE POTENCI', 'Enriquez Harper, Gilberto', '', '2'),
(271, 'PROBABILIDAD Y APLICACIONES ESTADISTICAS', 'Meyer', '', '1'),
(272, 'BASIC ESTRUCTURADO', 'Chris Siragusa', '', '1'),
(273, 'Introduccion al algebra lineal', 'Howard Anton', '', '1'),
(274, 'ECONOMIA POLITICA', 'Bautista', 'Paoli', '1'),
(275, 'PRINCIPIOS DE ELECTRONICA', 'Albert Paul Malvino', '', '5'),
(276, 'PRINCIPIOS DE ELECTRONICA                                                                           ', 'Albert Paul Malvino                                                                                 ', '                                                                                                    ', '5'),
(277, 'MECANICA DE LOS FLUIDOS', 'V. Streeter', 'B. Wylie', '8'),
(278, 'ELECTRONICA DIGITAL', 'Cuesta, Gil Padilla', 'Remiro', '1'),
(279, 'TEORIA DE LA PROBABILIDAD', 'Ivan Obregon Sanin', '', '1'),
(280, 'CURSO DE SERVICIOS HOTELEROS - TECNICAS Y ORGANIZA                                                  ', 'Cerra, Javier                                                                                       ', '                                                                                                    ', '1'),
(281, 'ELEMENTOS DE RESISTENCIA DE MATERIALES                                                              ', 'Timosheko                                                                                           ', 'Young                                                                                               ', '1'),
(282, 'RESISTENCIA DE MATERIALES', 'Luis Ort?z Berrocal', '', '1'),
(283, 'OPERACIONES DE TRANSFERENCIA DE MASA 2/e', 'Robert E. Treybal', '', '2'),
(284, 'GEOMETRIA ANALITICA: PLANA Y DEL ESPACIO', 'KINDLE, JOSEPH H.', '', '1'),
(285, 'Introduccion al algebra lineal', 'Howard Anton', '', '1'),
(286, 'SISTEMA INFORM?TICO GANADERO (SIG)', 'Ismenia Mar?a P?rez G?mez', '', ''),
(287, 'ECONOMIA', 'LARROULET', 'MOCHON', '1'),
(288, 'FUNDAMENTOS DE INSTALACIONES ELECTRICAS DE MEDIANA', 'HARPER, GILBERTO ENRIQUEZ', '', '1'),
(289, 'Fisica Universitaria', 'Sears', 'Zemansky', '1'),
(290, 'FUNDAMENTOS DE LOS MICROPROCESADORES', 'TOKHEIM', '', '1'),
(291, 'ALGEBRA ELEMENTAL MODERNA VOL. II', 'GONZALEZ, M.O.', 'MANCILL, J.D.', '1'),
(292, 'FUNDAMENTOS DA TERMODINAMICA CLASSICA                                                               ', 'Van Wylen, Gordon                                                                                   ', 'Borgnakke, Claus                                                                                    ', '1'),
(293, 'Estad?stica', 'Spiegel', '', '2'),
(294, 'QUIMICA - CURSO UNIVERSITARIO', 'Bruce Mahan', 'Rollie Myers', '4'),
(295, 'ALGEBRA LINEAL', 'Fraleigh', 'Beauregard', '1'),
(296, 'FISICA 2                                                                                            ', 'Halliday                                                                                            ', 'Resnick                                                                                             ', '1'),
(297, 'INVESTIGACION DE OPERACIONES: INTERPRETACION DE MO', 'NAGHI, MOHAMMAD', '', '1'),
(298, 'CONTROL DE UN SISTEMA DOM?TICO Y SUPERVISI?N DE CONSUMO ENERG?TICO MEDIANTE SERVIDOR Y APLICACI?N ANDROID', 'Cristhian David Ben?tez Esp?nola.', 'Cristian Eduardo Olmedo Avalos', ''),
(299, 'ARQUITECTURA DE COMPUTADORES', 'ANASAGASTI, PEDRO DE MIGUEL', 'ANGULO USATEGUI, JOSE MARIA', '3'),
(300, 'EL CALCULO CON GEOMETRIA ANALITICA', 'Leithold. Louis', '', '1'),
(301, 'EL LENGUAJE DE PROGRAMACION C', 'Brian W. Kernighan', '', '2'),
(302, 'SISTEMA INFORM?TICO GANADERO (SIG)', 'Ismenia Mar?a P?rez G?mez', '', ''),
(303, 'CONTABILIDAD BASICA', 'Paulino Aguayo Caballero', '', '1'),
(304, 'MATEMATICAS PARA COMPUTACION', 'Lipschutz', '', '1'),
(305, 'GEOMETRIA ANALITICA: PLANA Y DEL ESPACIO', 'kINDLE, JOSEPH H.', '', '1'),
(306, 'FISICA', 'Giancoli', '', '3'),
(307, 'ECUACIONES DIFERENCIALES', 'Boyce', 'Diprima', '3'),
(308, 'QUIMICA GENERAL', 'Ru?z, Pozas', 'L?pez, Gonz?lez', '1'),
(309, 'PROBABILIDAD Y ESTADISTICA APLICADAS A LA INGENIER', 'Montgomery', 'Runger', '1'),
(310, 'FISICA **', 'Tippler', '', '3'),
(311, 'TEORIA DE CONJUNTOS Y TEMAS AFINES', 'SEYMOUR - LIPSCHUTZ', '', '1'),
(312, 'FUNDAMENTOS DE FISICA', 'BLATT, FRANK J.', '', '3'),
(313, 'CALCULO CON GEOMETRIA ANALITICA', 'Protter', 'Morrey', '1'),
(314, 'METODOS NUMERICOS CON MATLAB', 'Mathews', 'Fink', '3'),
(315, 'PROBABILIDAD Y ESTADISTICA', 'SPIEGEL', '', '1'),
(316, 'FISICA 2', 'Halliday', 'Resnick', '1'),
(317, 'FISICA 1', 'Resnick', 'Halliday, Krane', '4'),
(318, 'QUIMICA - PRINCIPIOS Y APLICACIONES', 'Michell Sienko', 'Robert Plane', '1'),
(319, 'QUIMICA - CURSO UNIVERSITARIO', 'Bruce Mahan', 'Rollie Myers', '4'),
(320, 'FISICA **', 'Tippler', '', '3'),
(321, 'FISICA 1', 'Resnick, Halliday', 'Krane', '4'),
(322, 'FISICA                                                                                              ', 'Giancoli                                                                                            ', '                                                                                                    ', '3'),
(323, 'A.P.O. MANUAL DO LIDER                                                                              ', 'Giegold                                                                                             ', '                                                                                                    ', '1'),
(324, 'ADMINISTRACION - UNA PERSPECTIVA GLOBAL', 'Koontz', 'Weihrich', '1'),
(325, 'PRINCIPIOS DE ADMINISTRACION', 'Terry', 'Franklin', '9'),
(326, 'PRINCIPIOS DE ADMINISTRACION', 'Terry', 'Franklin', '9'),
(327, 'CONTABILIDAD DE COSTOS - SOLUCIONES DE PROBLEMAS', 'Neuner', 'Deakin', '1'),
(328, 'CONTABILIDAD DE COSTOS - SOLUCIONES DE PROBLEMAS', 'Neuner', 'Deakin', '1'),
(329, 'CONTABILIDAD DE COSTOS - PRINCIPIOS Y PRACTICA', 'Neuner', 'Deakin', '1'),
(330, 'CONTABILIDAD DE COSTOS - PRINCIPIOS Y PRACTICA', 'Neuner', 'Deakin', '1'),
(331, 'TRATADO DE CONTABILIDAD ELEMENTAL', 'Zelaya', '', '1'),
(332, 'FUNDAMENTOS DE LA TEORIA ELECTROMAGNETICA                                                           ', 'Reitz; Milford                                                                                      ', 'Christy                                                                                             ', '3'),
(333, 'INTRODUCCION A LOS SISTEMAS OPERATIVOS                                                              ', 'Alcalde                                                                                             ', 'Morera y Otros                                                                                      ', '1'),
(334, 'HABLEMOS INGLES', 'ROMEISER - BRUNO', 'RICE', '1'),
(335, 'CIRCUITOS ELECTRICOS', 'Mohmood Nahvi', 'Joseph A. Edminister', ''),
(336, 'CODIGO LABORAL DE LA REPUBLICA DEL PARAGUAY', 'PLANO DE EGEA, JOSE', '', '1'),
(337, 'BREVE HISTORIA DE LA CULTURA EN EL PARAGUAY', 'Vel?zquez, Rafael', '', '1'),
(338, 'ARQUITECTURA DE COMPUTADORES', 'Mano, Moriso', '', '1'),
(339, 'PRINCIPIOS DE ELECTRONICA', 'MALVINO', '', '5'),
(340, 'Curso de Electromagnetismo', 'M Bisceglia - E Zubcov', 'JC Fernandez', '2da Edici?n'),
(341, 'INSTRUMENTACION ELECTRONICA MODERNA Y TECNICAS DE', 'HELFRICK, ALBERT D.', 'COOPER, WILLIAM D.', '1'),
(342, 'EJERCICIOS Y PROBLEMAS DE ALGEBRA LINEAL', 'Rojo', 'Mart?n', '1'),
(343, 'FISICA CONCEPTOS Y APLICACIONES', 'Tippens, Paul', '', '6'),
(344, 'QUIMICA: LA CIENCIA CENTRAL', 'Brown - LeMay', 'Bursten', '9'),
(345, 'FISICA UNIVERSITARIA', 'Sears', 'Zemansky - Young', '6'),
(346, 'CONTABILIDAD 1', 'Aguayo Caballero, Paulino', '', '7'),
(347, 'INGENIERIA DEL SOFTWARE. UN ENFOQUE PRACTICO', 'Pressman, Roger S.', '', '1'),
(348, 'ESTADISTICA', 'SPIEGEL', '', '2'),
(349, 'CALCULO SUPERIOR', 'Murray R. Spiegel', '', '1'),
(350, 'FUNDAMENTOS DE LA TEORIA ELECTROMAGNETICA                                                           ', 'Reitz; Milford                                                                                      ', 'Christy                                                                                             ', '3'),
(351, 'FUNDAMENTOS DE ELECTRICIDAD Y MAGNETISMO                                                            ', 'Kip                                                                                                 ', '                                                                                                    ', '1'),
(352, 'INTRODUCCION A LA TERMODINAMICA EN INGENIERIA QCA.                                                  ', 'Smith; Van                                                                                          ', 'Ness                                                                                                ', '2'),
(353, 'MAQUINAS ELECTRICAS                                                                                 ', 'Fitzgerald; Kingsley                                                                                ', 'Stephen;                                                                                            ', '5'),
(354, 'INGENIERIA Y ADMINISTRACION DE LA PRODUCTIVIDAD                                                     ', 'Sumanth                                                                                             ', '                                                                                                    ', '1'),
(355, 'COMUNICACION - ESTUDIO DEL LENGUAJE', 'Fuentes', '', '3'),
(356, 'C?digo Civil Paraguayo Comentado', 'Miguel Angel Pangrazio', '', 'Quinta Edici?n'),
(357, 'COMO HACER UNA TESIS?', 'Mercado', '', '2'),
(358, 'Analisis de Sistemas Electricos de Potencia                                                         ', 'Stevenson                                                                                           ', '                                                                                                    ', '1'),
(359, 'PRINCIPIOS DE ELECTRONICA', 'MALVINO', '', '6'),
(360, 'FUNDAMENTOS DE ELECTRICIDAD Y MAGNETISMO', 'Kip', '', '1'),
(361, 'MAQUINAS ELECTRICAS Y TRANSFORMADORES', 'Kosow', '', '2'),
(362, 'ELECTROMAGNETISMO', 'Edminister', '', '1'),
(363, 'PERSONAL NET WARE', 'Gaskin, James E.', '', '1'),
(364, 'FUNDAMENTOS DE ELECTRICIDAD Y MAGNETISMO', 'Kip', '', '1'),
(365, 'PRINCIPIOS DE ELECTRONICA', 'MALVINO, ALBERT PAUL', '', '5'),
(366, 'ECONOMIA', 'Samuelson', 'Nordhaus', '15'),
(367, 'MAQUINAS ELECTRICAS Y TRANSFORMADORES                                                               ', 'Kosow                                                                                               ', '                                                                                                    ', '2'),
(368, 'PRINCIPIOS DE ELECTRONICA', 'MALVINO, ALBERT PAUL', '', '5'),
(369, 'FISICA', 'Raymond A. Serway.', 'Jerry S. Faughn', '1'),
(370, 'CALCULO NUMERICO FUNDAMENTAL', 'Demidovich', 'Maron', '1'),
(371, 'ELECTROTECNIA - FUNDAMENTOS TEORICOS Y PRACTICOS', 'Guerrero, Sanchez', 'Moreno, Ortega', '1'),
(372, 'ELECTROTECNIA GENERAL', 'Ruiz', 'Ampudia', '5'),
(373, 'INSTALACIONES DE BAJA TENSION', 'Ram?rez', 'S?nchez', '1'),
(374, 'MATERIALES ELECTROTECNICOS', 'Ram?rez', '', '1'),
(375, 'FUNDAMENTOS DE DIBUJO EN INGENIERIA                                                                 ', 'Luzader                                                                                             ', 'Duff                                                                                                ', '1'),
(376, 'DIBUJO TECNICO 2                                                                                    ', 'Jensen; Mason                                                                                       ', 'Roa                                                                                                 ', '1'),
(377, 'MECANICA VECTORIAL PARA INGENIEROS - ESTATICA                                                       ', 'Beer                                                                                                ', 'Russell Jonhston                                                                                    ', '5'),
(378, 'GEOMETRIA ANALITICA - PLANA Y DEL ESPACIO', 'Kindle', '', '1'),
(379, 'ECONOMIA POLITICA', 'Juan Bautista Rivarola Paoli', '', 'Octava Edicion'),
(380, 'ECONOMIA', 'Larroulet', 'Monch?n', '2'),
(381, 'SOCIOLOGIA', 'Shepard - Taylor', 'Southard', '1'),
(383, 'ANALISIS VECTORIAL', 'Hsu, Hwei P.', '', '1'),
(384, 'GEOMETRIA ANALITICA', 'Fuller', 'Tarwater', '1'),
(385, 'PROBLEMAS DE GEOMETRIA ANALITICA', 'Kletenic', '', '1'),
(386, 'MATEMATICAS PARA COMPUTACION', 'LIPSCHUTZ', '', '1'),
(387, 'ADMINISTRACION', 'James A. F. Stoner', 'R. Eduardo Freeman', '1'),
(388, 'CALCULO DIFERENCIAL E INTEGRAL', 'Larson', 'Hostetler', '1'),
(389, 'ARQUITECTURA DE COMPUTADORAS', 'MORRIS MANO', '', '3'),
(390, 'INGENIERIA DEL SOFTWARE. UN ENFOQUE PRACTICO', 'Pressman', '', '3'),
(391, 'ECONOMIA', 'LARROULET', 'MOCHON', '1'),
(392, 'ANALISIS Y METODOS NUMERICOS', 'Jos? Alberto Guti?terrez', 'Miguel ?ngel Olmos G?mez', ''),
(393, 'MATEMATICAS PARA COMPUTACION', 'LIPSCHUTZ, SEYMOUR', '', '1'),
(394, 'FISICA I', 'Jos? Roberto Bonjorno', '', ''),
(395, 'FUNDAMENTOS DE FISICA', 'BLATT', '', '12'),
(396, 'SISTEMAS DIGITALES - PRINCIPIOS Y APLICACIONES', 'Tocci', '', '6'),
(397, 'DICCIONARIO DE PROGRAMACION EN C', 'Arboles', 'Onsins', '1'),
(398, 'TEORIA DE CONJUNTOS Y TEMAS AFINES', 'Lipschutz', '', '1'),
(399, 'CUADERNO DE LA UNIVERSIDAD NACIONAL DEL ESTE', 'UNE', '', '2'),
(400, 'FUNDAMENTOS DE PROGRAMACION', 'JOYANES AGUILAR, LUIS', '', '1'),
(401, 'Novell System Messages       Netware', 'Novell Corporation', '', '1'),
(402, 'Novell Print Server Installation Guide NetWare', 'Novell Corporation', '', '1'),
(403, 'CONGRESSO DA SOCIEDADE BRASILEIRA DE COMPUTACAO', 'SOCIEDADE BRASILEIRA DE COMPUT', '', '1'),
(404, 'LA DISTRIBUCION COMERCIAL - MARKETING', 'Lawrence', '', '1'),
(405, 'GUIA PRACTICA PARA LA INVESTIGACION Y REDACCION DE', 'Acosta Hoyos', '', '1'),
(406, 'TRATADO DE PEDAGOGIA GENERAL', 'Hubert', '', '1'),
(407, 'INTRODUCCION A LA INFORMATICA', 'Duffy', '', '1'),
(408, 'APUNTES DE HISTORIA CULTURAL DEL PARAGUA', 'Efra?n Cardozo', '', 'Octava Edici?n'),
(409, 'INTRODUCCION A LA INFORMATICA', 'Duffy', '', '1'),
(410, 'COMO PROGRAMAR EN JAVA', 'Deitel, Harvey M.', 'Deitel, Paul J.', '5'),
(411, 'LINGUAGEM PARA MICROCOMPUTADORES', 'MOREIRA DOS SANTOS, ELI', 'ROZENDO', '1'),
(412, 'FOLKLORE DEL PARAGUAY', 'Gonzalez', '', '1'),
(413, 'METODOS NUMERICOS', 'Scheid', 'Constanzo', '1'),
(414, 'EL LIBRO DEL WINDOWS 3.1', 'Stinson, Craig', '', '1'),
(415, 'ECUACIONES DIFERENCIALES', 'Boyce', 'Diprima', '1'),
(416, 'ECUACIONES DIFERENCIALES CON APLICACIONES', 'Simmons', '', '1'),
(417, 'ECUACIONES DIFERENCIALES CON APLICACIONES', 'Simmons', '', '1'),
(418, 'LECCIONES DE GEOMETRIA ANALITICA', 'Castelnuovo', '', '1'),
(419, 'GEOMETRIA ANALITICA', 'Bohuslov', '', '1'),
(420, 'GEOMETRIA ANALITICA', 'Oteyza, Lan', 'G?mez, Ram?rez, Hern?ndez', '1'),
(421, 'GEOMETRIA ANALITICA', 'Oteyza - Lam - Hern?ndez', 'Carrillo - Ram?rez', '2'),
(422, 'GEOMETRIA DESCRIPTIVA', 'Atahyde Pinheiro', '', '1'),
(423, 'RESINAS POLIESTER, PLASTICOS REFORZADOS', 'PARRILLA CORZAS, FELIPE', '', '1'),
(424, 'INTRODUCCION A LA INFORMATICA                                                                       ', 'Alcalde                                                                                             ', 'Garc?a                                                                                              ', '1'),
(425, 'PROGRAMACION EN C', 'Gottfried', '', '1'),
(426, 'FISICA UNIVERSITARIA', 'Young', 'Freedman', 'decimosegunda'),
(427, 'PROGRAMACION EN C', 'Gottfried', '', '1'),
(428, 'PROGRAMACION EN C', 'Gottfried', '', '1'),
(429, 'INTRODUCCION A LAS COMPUTADORAS Y AL PROCESAMIENTO', 'Long', '', '1'),
(430, 'INTRODUCCION A LAS COMPUTADORAS Y AL PROCESAMIENTO', 'Long', '', '1'),
(431, 'INTRODUCCION A LAS COMPUTADORAS Y AL PROCESAMIENTO', 'Long', '', '1'),
(432, 'MATEMATICAS - ALGEBRA DE BOOLE', 'CADOGAN, LUIS', '', '1'),
(433, 'GESTION DE RECURSOS HUMANOS                                                                         ', 'GOMEZ-MEJIA; BALKIN                                                                                 ', 'CARDY                                                                                               ', '1'),
(434, 'BUENOS AIRES: MINITURISMO', 'CLARIN VIAJES', '', '1'),
(435, 'DICCIONARIO MCGRAW - HILL DE COMPUTACION', 'PARKER', '', '1'),
(436, 'PRINCIPIOS DE MECATR?NICA', 'Joao Mauricio Rosario', '', ''),
(437, 'CURSOS DE GRADUACION - A?O LECTIVO DE 1993                                                          ', '                                                                                                    ', '                                                                                                    ', '1'),
(438, 'DIALOGOS PROHIBIDOS Y CIRCULARES', 'Ru?z Nestosa', '', '1'),
(439, 'CONTABILIDAD. TEORIA Y PRACTICA', 'Kester, Roy B.', '', '1'),
(440, 'FORMTOOL GOLD 3.0', 'FORM TOOL', '', '1'),
(441, 'INTRODUCCION A LA INFORMATICA', 'Duffy', '', '1'),
(442, 'GUIA PARA WINDOWS 3.1', 'CAMPBELL, MARY', '', '1'),
(443, 'MATEMATICAS AVANZADAS PARA INGENIERIA 2', 'KREYSZIG', '', '6'),
(444, 'QUIMICA. PRUEBAS DE SELECTIVIDAD', 'CALOCA, DOLORES', '', '1'),
(445, 'INFORMATICA PRESENTE Y FUTURO', 'Sanders', '', '1'),
(447, 'ARQUITECTURA DE COMPUTADORES', 'Anasagasti', 'Angulo', '1'),
(448, 'ARQUITECTURA DE COMPUTADORES', 'Anasagasti', 'Angulo', '1'),
(449, 'ARQUITECTURA DE COMPUTADORES', 'Ansagasti', 'Angulo', '1'),
(450, 'SCO Professional Configuration Guide', 'The Santa Cruz Operation, Inc.', 'Microsoft Corporation', '1'),
(451, 'MANUAL DE ELECTRICIDAD INDUSTRIAL I', 'HARPER', '', '1'),
(452, 'OPERACIONES DE TRANSFERENCIA DE MASA 2/e', 'Treyball, Robert E.', '', '1'),
(453, 'EL LIBRO DEL MS - DOS. VERSION 6.0 Y 6.2', 'Wolverton Van', '', '1'),
(454, 'EL LIBRO DEL MS - DOS. VERSION 6.0 Y 6.2', 'Wolverton Van', '', '1'),
(455, 'PROGRAMACION EN DOS. MANUAL DE REFERENCIA', 'Jamsa, Kris', '', '1'),
(456, 'Computer Networks', 'Andrew S. Tanenbaum', '', '1'),
(457, 'CURSO DE MATEMATICAS SUPERIORES PARA INGENIEROS', 'Krasnov', '', '1'),
(458, 'Transformadas de Laplace', 'Murray Spiegel', '', '1'),
(459, 'FORMULARIO DE CALCULO INFINITESIMAL A?O 1992', 'Borja', '', '1'),
(460, '350 ESQUEMAS DE AF DE 10KHZ A 1GHZ', 'SHCREIBER, HERRMANN', '', '1'),
(461, 'ESTADISTICA', 'Spiegel', '', '1'),
(462, 'SISTEMA CMS DE ADMINISTRACION DE INSTALACIONES                                                      ', '                                                                                                    ', '                                                                                                    ', '1'),
(463, 'METODOLOGIA CIENTIFICA', 'ROJAS', '', '1'),
(464, 'CONTABILIDAD - TEORIA Y PRACTICA', 'KESTER', '', '1'),
(465, 'INTRODUCCION A LA CONTABILIDAD ADMINISTRATIVA', 'HORNGREN', 'SUNDEN', '9'),
(466, 'VIII ENCUENTRO REGIONAL LATINOAMERICANO DE LA CIGR                                                  ', '                                                                                                    ', '                                                                                                    ', '1'),
(467, 'ANTONIO FLORES ARQUITECTO', 'Publicaciones de la Recidencia', 'de Estudiantes', '1'),
(468, 'EL ARQUITECTO BAEZANO BARTOLOME FERNANDEZ LECHUGA', 'Ana Goy Diz', '', '1'),
(469, 'CALCULO DIFERENCIAL E INTEGRAL', 'Piskunov', '', '1'),
(470, 'CALCULO DIFERENCIAL E INTEGRAL', 'Ayres', 'Meldelson', '3'),
(471, 'EL CALCULO CON GEOMETRIA ANALITICA', 'Leithold', '', '1'),
(472, 'CALCULO SUPERIOR', 'Spiegel', '', '1'),
(473, 'CALCULO NUMERICO FUNDAMENTAL', 'Demidovich', 'Maron', '1'),
(474, 'CUESTIONES DE CALCULO', 'Paloma Sanz', 'Francisco Vazquez', '1'),
(475, 'TERMODINAMICA                                                                                       ', 'Wark, Kenneth                                                                                       ', '                                                                                                    ', '4'),
(476, 'PROBABILIDAD Y ESTADISTICA                                                                          ', 'Spiegel                                                                                             ', '                                                                                                    ', '1'),
(477, 'C.C.A.A. NO 2? GRAU', 'Dpto. de Pesquisa e Planejamen', '', '1'),
(478, 'DISPOSITIVOS ELECTRONICOS', 'Floyd', '', '3'),
(479, 'ELECTRONICA INDUSTRIAL APLICADA', 'Cage', '', '1'),
(480, 'LOTUS 1-2-3', 'WILLIAMS', '', '1'),
(481, 'METODOS NUMERICOS APLICADOS CON SOFTWARE', 'NAKAMURA, SHOICHIRO', '', '1'),
(482, 'ALGEBRA ELEMENTAL', 'Angel', '', '1'),
(483, 'ALGEBRA LINEAL', 'de Burgos', '', '1'),
(484, 'ESTADISTICA PARA ADMINISTRADORES', 'Levin', '', '2'),
(485, 'PROBABILIDAD Y APLICACIONES ESTADISTICAS', 'Meyer', '', '1'),
(486, 'TRATAMIENTOS TERMICOS DE LOS METALES', 'Pere Molera Sola', '', '1'),
(487, 'ALGEBRA LINEAL CON APLICACIONES                                                                     ', 'Grossman                                                                                            ', '                                                                                                    ', '1'),
(488, 'ANALISIS DE SISTEMAS ELECTRICOS DE POTENCIA                                                         ', 'Stevenson                                                                                           ', '                                                                                                    ', '2'),
(489, 'EL VIDRIO Y SUS APLICACIONES', 'de la Poza', '', '1'),
(490, 'LA CERAMICA Y LOS HORNOS MODERNOS P/SU COCCION', 'de la Poza', '', '1'),
(491, 'LA COCCION DE PRODUCTOS CERAMICOS', 'Padoa', '', '1'),
(492, 'EJERCITARIO DE ALGORITMICA                                                                          ', 'Lic. V?ctor Br?tez                                                                                  ', '                                                                                                    ', '1'),
(493, 'CALCULO - TEORIA Y PRACTICA                                                                         ', 'Farrand                                                                                             ', 'Poxon                                                                                               ', '1'),
(494, 'COMO USAR FOX PRO 2                                                                                 ', 'Siegel                                                                                              ', '                                                                                                    ', '1'),
(495, 'CLARION. REPORT WRITE. USER\'S MANUAL                                                                ', '                                                                                                    ', '                                                                                                    ', '1'),
(496, 'ALGEBRA LINEAL', 'Beauregard', '', '1'),
(497, 'ALGEBRA LINEAL', 'Lipschutz', '', '1'),
(498, 'MANUAL DEL AGUA: NATURALEZA, TRATAMENTO Y APLICAC.', 'Kemmer', '', '1'),
(499, 'MANUAL DEL AGUA: NATURALEZA, TRATAMIENTO Y APLICAC', 'Kemmer', '', '1'),
(500, 'MANUAL DE SEGURIDAD DEL TRABAJO                                                                     ', 'Itaip? Binacional                                                                                   ', '                                                                                                    ', '1'),
(501, 'COMO ESCRIBIR CORRECTAMENTE', 'de la Torriente', '', '1'),
(502, 'COMO AUMENTAR SU VOCABULARIO', 'Neggero', '', '1'),
(503, 'COMO DOMINAR LA ORTOGRAFIA', 'Escarpau', '', '1'),
(504, 'COMO HABLAR CORRECTAMENTE EN PUBLICO', 'de la Torriente', '', '1'),
(505, 'COMO AUMENTAR SU VOCABULARIO', 'de la Torriente', '', '1'),
(506, 'GUIA PRACTICA PARA EL CALCULO DE INSTALACIONES ELE', 'Harper', '', '11'),
(507, 'DICCIONARIO MCGRAW - HILL DE COMPUTACION', 'Parker', '', '1'),
(508, 'DICCIONARIO MCGRAW - HILL DE COMPUTACION', 'Parker', '', '1'),
(509, 'GRAN DICCIONARIO CUYAS INGLES - ESPA?OL', 'Cuyas', '', '1'),
(510, 'DICCIONARIO MANUAL VOX LENGUA ESPA?OLA- SIN. Y ANT', 'Blecua Perdices', '', '1'),
(511, 'DIGITAL SIGNAL PROCESSING                                                                           ', 'Oppenheim                                                                                           ', 'Schafer                                                                                             ', '1'),
(512, 'MATRICES                                                                                            ', 'Trevisan                                                                                            ', '                                                                                                    ', '1'),
(513, 'CA CLIPPER - EXOSPACE', '', '', '1'),
(514, 'ENGENHARIA DA INFORMA?AO - METODOLOGIAS DE PLANEJA', 'Martin', 'Finkelstein', '1'),
(515, 'PLATERO HA CHE', 'Sanabria', '', '1'),
(516, 'INSTALACIONES ELECTRICAS                                                                            ', 'Krato                                                                                               ', '                                                                                                    ', '1'),
(517, 'FUNDAMENTOS DE PLOMERIA', 'Thiesse', '', '1'),
(518, 'FUNDAMENTOS DE PLOMERIA', 'Thiesse', '', '1'),
(519, 'TEORIA DE CONJUNTOS Y TEMAS AFINES', 'LIPSCHUTZ', '', '1'),
(520, 'MUNDO FOLKLORICO PARAGUAYO - DE LA TRADICION ORAL', 'Cardozo', '', '1'),
(521, 'SISTEMAS DIGITALES -  PRINCIPIOS Y APLICACIONES', 'Tocci, Ronald', '', '1'),
(522, 'PRINCIPIOS DE PROCESAMIENTO DE DATOS', 'Davis', '', '1'),
(523, 'INTRODUCCION A LA INVESTIGACION DE OPERACIONES', 'HILLIER', 'LIEBERMAN', '1'),
(524, 'DICCIONARIO GENERAL DE LA LENGUA ESPA?OLA VOX', 'Gili Gaya', '', '1'),
(525, 'ESTADISTICA                                                                                         ', 'Spiegel                                                                                             ', '                                                                                                    ', '1'),
(526, 'CLARION PROFESSIONAL DEVELOPER GATTING STARTED                                                      ', 'Clarion                                                                                             ', '                                                                                                    ', '1');
INSERT INTO `bibliografia` (`id`, `titulo`, `autor1`, `autor2`, `volumen`) VALUES
(527, 'ANAIS EXPOMICRO 90                                                                                  ', '                                                                                                    ', '                                                                                                    ', '1'),
(528, 'ESTRATEGIAS DE ENSE?ANZA - GUIA PARA UNA MEJOR INS                                                  ', 'Cooper                                                                                              ', '                                                                                                    ', '1'),
(529, 'ORIGEN Y EVOLUCION DE LA CONTABILIDAD', 'Gertz', '', '1'),
(530, 'APLICATIVO WEB PARA HISTORIAL CL?NICO DE PACIENTES', 'Richard Javier Ben?tez Gonz?lez', '', ''),
(531, 'NUEVO MANUAL DE DIDACTICA DE LAS CIENCIAS HISTORIC                                                  ', 'Arrendon - Palencia                                                                                 ', 'Pico                                                                                                ', '1'),
(532, 'FUNDAMENTOS DE MERCADOTECNIA', 'Staton', '', '7'),
(533, 'CODIGO DEL MERCOSUR                                                                                 ', 'Dromi                                                                                               ', '                                                                                                    ', '1'),
(534, 'PROGRAMACION EN DOS', 'Jamsa', '', '1'),
(535, 'NOVELL NETWARE - GUIA DE SOLUCION DE PROBLEMAS', 'Harbaugh', '', '1'),
(536, '17 JALIO PANEL 88 EXPODATA', 'Bolt, Monteverde', 'Fuks', '1'),
(537, 'DOS 6 - TECNICAS Y UTILIDADES', 'Prosise', '', '1'),
(538, 'UNDERSTANDING X 86 MICROPROCESSOR', 'Microprocessor', '', '1'),
(539, '17 JALIO PANEL 88 EXPODATA', 'Bolt, Monteverde', 'Fuks', '1'),
(540, 'LISP - GUIA DE REFERENCIA', 'Berbiela', '', '1'),
(541, 'PROBABILIDAD Y ESTADISTICA', 'Walpole', 'Myers', '4'),
(542, 'REINGENIERIA                                                                                        ', 'Kamel                                                                                               ', '                                                                                                    ', '1'),
(543, 'MATEMATICAS ESPECIALES PARA COMPUTACION', 'Garc?a Valle', '', '1'),
(544, 'MODELAGEN E SIMULACAO DISCRETA DE SISTEMAS                                                          ', 'G?mez                                                                                               ', '                                                                                                    ', '1'),
(545, 'CONTROL DE CALIDAD                                                                                  ', 'Dale Besterfield                                                                                    ', '                                                                                                    ', '4'),
(546, 'CLIPPER VERSION 5.0', 'Ramalho', '', '1'),
(547, 'HACIENDO CAMINO', 'Ruiz', '', '1'),
(548, 'INTRODUCCION A LA INFORMATICA', 'Duffy', '', '1'),
(549, 'GRAN ATLAS UNIVERSAL', 'Barnat - Llord', 'Tomas y Otros', '1'),
(550, 'ARQUITECTURA DE COMPUTADORAS', 'Hennessy', 'Patterson', '1'),
(551, 'CLIPPER VERSION 5.0', 'Garc?a', '', '1'),
(552, 'INFORMATICA - LAS COMPUTADORAS EN LA SOCIEDAD', 'Radlow', '', '1'),
(553, 'DBASE III PLUS - GUIA DEL PROGRAMADOR', 'George Tsu-der Chou', '', '1'),
(554, 'OBJECT-ORIENTED PROGRAMMING WITH THE X WINDOWS SYS', 'Smith', '', '1'),
(555, 'REDES DE ORDENADORES', 'Tanenbaum', '', '1'),
(556, 'SISTEMAS OPERATIVOS - CONCEPTOS Y DISE?O', 'Milenkovic', '', '2'),
(557, 'GUIA DE NOVELL NETWARE 4.01', 'Cheryl C. Currid', 'Saxon', '1'),
(558, 'LOS SECRETOS DE COREL DRAW 7', 'Harrel', 'Steward', '1'),
(559, 'INTERNET Y SEGURIDAD EN REDES', 'Siyan', 'Hare', '1'),
(560, 'ESTRUCTURAS DE ARCHIVOS', 'Folk', 'Zoellick', '1'),
(561, 'GUIA DO USUARIO DO CNECTIVA LINUX', 'CONECTIVA INFORMATICA', '', '2'),
(562, 'ALGEBRA ELEMENTAL - ESTRUCTURAS Y APLICACIONES', 'Barnett', 'Nolasco', '2'),
(563, 'INTRODUCCION AL ALGEBRA CONTEMPORANEA', 'Tomber', '', '1'),
(564, 'QUIMICA: LA CIENCIA CENRTAL', 'Brown', 'Lemay', '1'),
(565, 'ALGEBRA LINEAL                                                                                      ', 'Lipschutz                                                                                           ', '                                                                                                    ', '1'),
(566, 'CALCULO                                                                                             ', 'Stewart                                                                                             ', '                                                                                                    ', '1'),
(567, 'MECANICA PARA INGENIEROS - ESTATICA Y DINAMICA                                                      ', 'McLean                                                                                              ', 'Nelson                                                                                              ', '1'),
(568, 'MULTIMEDIA NETWORKING AND COMMUNICATIONS', 'Szuprowicz', '', '1'),
(569, 'THE INTERNET - A GLOBAL BUSINESS OPPORTUNITY', 'Cameron', '', '1'),
(570, 'VOX CHAMBERS - ENGLISH LEARNERS DICTIONARY', '', '', '1'),
(571, 'PRONTUARIO DE ELECTRICIDAD - ELECTRONICA', 'Brechmann', 'Ozieia - Jagla', '1'),
(572, 'MERCADOTECNIA Y PRODUCTIVIDAD TURISTICA                                                             ', 'Cardenas                                                                                            ', '                                                                                                    ', '1'),
(573, 'COMERCIALIZACION DEL TURISMO                                                                        ', 'Cardenas                                                                                            ', '                                                                                                    ', '3'),
(574, 'LA GUERRA DEL PARAGUAY CONTRA LA TRIPLE ALIANZA', 'Resquin', '', '1'),
(575, 'DOMINE TURBO PASCAL 6', 'Palmer', '', '1'),
(576, 'ADMINISTRACION - UNA PERSPECTIVA GLOBAL', 'Koontz', 'Weihrich', '11'),
(577, 'SIMULACION DE SISTEMAS', 'Shannon', '', '1'),
(578, 'Multimidia Programacao for Windows', 'Rimmer', '', '1'),
(579, 'GUIA DE DESENVOLVIMENTO DE MULTIMIDIA', 'Perry', '', '1'),
(580, 'MODENS - TODO SOBRE TELECOMUNCACIONES', 'Gonz?lez de la Garza', '', '1'),
(581, 'OBJECT-ORIENTED PROGRAMMING - ANALYSIS, DESING AN', 'Carpers', '', '1'),
(582, 'MATEMATICAS PARA COMPUTACION', 'LIPSCHUTZ', '', '1'),
(583, 'FISICA', 'Serway', 'Faughn', '5'),
(584, 'AGENCIAS DE VIAJES - ADMINISTRACION Y OPERACION                                                     ', 'Foster                                                                                              ', '                                                                                                    ', '1'),
(585, 'INTRODUCCION A LA TEORIA Y TECNICA DEL TURISMO', 'Fern?ndez Fuster', '', '1'),
(586, 'TURISMO - ESTRUCTURA Y DESARROLLO                                                                   ', 'Jimenez                                                                                             ', '                                                                                                    ', '1'),
(587, 'TOOLBOOK USER MANUAL                                                                                ', 'Asymetrix                                                                                           ', '                                                                                                    ', '1'),
(588, 'TOOLBOOK USER MANUAL                                                                                ', 'Asymetrix                                                                                           ', '                                                                                                    ', '1'),
(589, 'OPENSCRIPT REFERENCE MANUAL                                                                         ', 'Asymetrix                                                                                           ', '                                                                                                    ', '1'),
(590, 'OPEN SCRIPT REFERENCE MANUAL                                                                        ', 'Asymetrix                                                                                           ', '                                                                                                    ', '1'),
(591, 'TOOLBOOK USER MANUAL                                                                                ', 'Asymetrix                                                                                           ', '                                                                                                    ', '1'),
(592, 'APLICATIVO WEB PARA HISTORIAL CL?NICO DE PACIENTES', 'Richard Javier Ben?tez Gonz?lez', '', ''),
(593, 'DISPOSITIVOS Y CIRCUITOS ELECTRONICOS', 'MILLMAN, JACOB', 'HALKIAS, CHRISTOS C.', '7'),
(594, 'NUEVAS TECNOLOGIAS APLICADAS A LA EDUCACION', 'Julio Cabero Almenara', '', '1'),
(595, 'APLICATIVO WEB PARA HISTORIAL CL?NICO DE PACIENTES', 'Richard Javier Ben?tez Gonz?lez', '', ''),
(596, 'APLICATIVO WEB PARA HISTORIAL CL?NICO DE PACIENTES', 'Richard Javier Ben?tez Gonz?lez', '', ''),
(597, 'FORTRAN MONITOR - PRINCIPIOS', 'Pacitti', '', '1'),
(598, 'CALCULO DIFERENCIAL E INTEGRAL', 'Larson', 'Hostetler', '1'),
(599, 'MADAME LYNCH Y SOLANO LOPEZ                                                                         ', 'Leyes de Ch?vez                                                                                     ', '                                                                                                    ', '1'),
(600, 'CONTABILIDAD - TEORIA Y PRACTICA', 'Kester', '', '1'),
(601, 'CONTABILIDAD - TEORIA Y PRACTICA', 'Kester', '', '1'),
(602, 'CONTABILIDAD - TEORIA Y PRACTICA', 'Kester', '', '1'),
(603, 'CONTABILIDAD - TEORIA Y PRACTICA', 'Kester', '', '1'),
(604, 'CONTABILIDAD - TEORIA Y PRACTICA', 'Kester', '', '1'),
(605, 'CONTABILIDAD - TEORIA Y PRACTICA', 'Kester', '', '1'),
(606, 'CONTABILIDAD - TEORIA Y PRACTICA', 'Kester', '', '1'),
(607, 'CONTABILIDAD - TEORIA Y PRACTICA', 'Kester', '', '1'),
(608, 'PRIMA PAR - MANUAL DE ANIMALES Y PLANTAS                                                            ', '                                                                                                    ', '                                                                                                    ', '1'),
(609, 'COMUNICACION - ESTUDIO DEL LENGUAJE', 'Fuentes', '', '3'),
(610, 'GEOMETRIA ANALITICA                                                                                 ', 'Kindle                                                                                              ', '                                                                                                    ', '1'),
(611, 'TEORIA DE CONJUNTOS Y TEMAS AFINES                                                                  ', 'Lipschutz                                                                                           ', '                                                                                                    ', '1'),
(612, 'MANUAL DE ELECTRICISTA DE TALLER', 'Roldan', '', '1'),
(613, 'CONTABILIDAD DE COSTOS - PRINCIPIOS Y PRACTICA', 'Neuner', 'Deakin', '1'),
(614, 'ARQUITECTURA DE COMPUTADORAS', 'MORRIS MANO', '', '3'),
(615, 'INGENIERIA DE CONTROL MODERNA                                                                       ', 'Ogata                                                                                               ', '                                                                                                    ', '1'),
(616, 'MOTORES ELECTRICOS - VARIACION DE VELOCIDAD                                                         ', 'Viloria                                                                                             ', '                                                                                                    ', '1'),
(617, 'CENTRALES TERMICAS - INSTALACION', 'Iberdrola - Endesa', 'Sevillana de Electricidad', '1'),
(618, 'CUENTOS COMPLETOS', 'Casaccia', '', '1'),
(619, 'C++. GUIA DE AUTOENSE?ANZA', 'Schildt, Herbert', '', '1'),
(620, 'PRIMA PAR - MANUAL DE MATEMATICA', '', '', '1'),
(621, 'MATEMATICAS FINANCIERAS', 'Ayres', '', '1'),
(622, 'FORMULACION Y RESOLUCION DE MODELOS DE P', 'Enrrique Castillo', 'Antonio J. Conejo', ''),
(623, 'ALGEBRA                                                                                             ', 'Baldor                                                                                              ', '                                                                                                    ', '1'),
(624, 'ALGEBRA                                                                                             ', 'Baldor                                                                                              ', '                                                                                                    ', '1'),
(625, 'ARITMETICA                                                                                          ', 'Baldor                                                                                              ', '                                                                                                    ', '1'),
(626, 'DERECHO TRIBUTARIO', 'Mers?n', '', '1'),
(627, 'DERECHO TRIBUTARIO                                                                                  ', 'Mers?n                                                                                              ', '                                                                                                    ', '1'),
(628, 'TRATADO DE ELECTRICIDAD', 'Singer', '', '1'),
(629, 'LA SEGMENTACION DEL MERCADO TURISTICO                                                               ', 'Fabio C?rdenas Tabares                                                                              ', '                                                                                                    ', '1'),
(630, 'AN OUTLINE OF AMERICA HISTORY                                                                       ', 'Olson                                                                                               ', 'Gray                                                                                                ', '1'),
(631, 'VISUAL C++ WINDOWS PRIMER MICROSOFT', 'Gurganus', 'Alexander', '1'),
(632, 'MULTIMEDIA GATEWAY TO THE NEXT MILLENNIUM', 'Aston', 'Schwarz', '1'),
(633, 'MULTIMEDIA PRODUCTION HANDBOOK FOR THE PC, MACINTO', 'Yager', '', '1'),
(634, 'ALGEBRA LINEAL', 'Jesus Rojo', '', '2'),
(635, 'ALGEBRA LINEAL', 'Jesus Rojo', '', '1'),
(636, 'GEOMETRIA Y TRIGONOMETRIA', 'Baldor', '', '1'),
(637, 'ESTUDIO DE LA INTEGRACI?N ENTRE UN APLICATIVO M?VIL Y UN SISTEMA SCADA', 'Deisy Mariel Samudio Bento', '', ''),
(638, 'DICTIONARY AND THESAURUS, TWO BOOKS IN ONE', 'Collins', '', '1'),
(639, 'DICTIONARY AND THESAURAS, TWO BOOKS IN ONE', 'Collins', '', '1'),
(640, 'DICCIONARIO DE LA LENGUA ESPA?OLA', 'Real Academia Espa?ola', '', '1'),
(641, 'ALGEBRA LINEAL                                                                                      ', 'Lipshutz                                                                                            ', '                                                                                                    ', '2'),
(642, 'DOMINE SU LENGUAJE - COMO HABLAR CORRECTAMENTE EN', 'Fernandez', '', '1'),
(643, 'DICCCIONARIO ENCICLOPEDICO ESPASA 1                                                                 ', '                                                                                                    ', '                                                                                                    ', '1'),
(644, 'CONTABILIDAD 4', 'Kester', '', '12'),
(645, 'DICCIONARIO VOX - SINONIMOS Y ANTONIMOS', '', '', '1'),
(646, 'ENCICLOPEDIA GRAN VOX', '', '', '5'),
(647, 'INFORMATICA BASICA                                                                                  ', 'Eduardo Alcalde                                                                                     ', 'Miguel Garcia                                                                                       ', '2'),
(648, 'APLIQUE FOX PRO 2.6 PARA WINDOWS                                                                    ', 'Jones                                                                                               ', '                                                                                                    ', '1'),
(649, 'ANTOLOGIA POETICA', 'Jose M. G?mez Sanjurjo', '', '1'),
(650, 'DESARROLLO ORGANIZACIONAL', 'Lic.ESTELVINO AVALOS', '', '1'),
(651, 'GUERRA. TRANSITO. SUBSISTENCIA', 'Susnik, Branislava', '', '1'),
(652, 'INTERNET ACCES ESSENTIALS, EVERYTHING YOU NEED TO', 'Tittel', 'Robbins', '1'),
(653, 'SEGURIDAD E HIGIENE EN EL TRABAJO                                                                   ', 'Jose Manuel De-Vos Pascual                                                                          ', '                                                                                                    ', '1'),
(654, 'APRENDIENDO WINDOWS 98 EN 24 HORAS', 'GREG PERRY', '', '1'),
(655, 'FRON PIXELS TO ANIMATION AN INTRODUCTION TO GRAPHI', 'Farell', '', '1'),
(656, 'WINDOWS 95', 'Yraolagoitia', '', '1'),
(657, 'LOS MICROPROCESADORES INTEL 8086/8088/80186/80286', 'Brey', '', '1'),
(658, 'MATEMATICAS Y COMPUTACION CON PROGRAMACION FORTRAN', 'Dorn', 'Greenberg', '1'),
(659, 'ALGEBRA SUPERIOR', 'Murray R. Spiegel', '', '1'),
(660, 'PROBABILIDAD Y ESTADISTICA PARA INGENIEROS', 'Miller - Freund', 'Johnson', '1'),
(661, 'ALGEBRA DE BALDOR', 'Aurelio Baldor', '', '1'),
(662, 'FUNDAMENTOS DE LOS MICROPROCESADORES                                                                ', 'Tokheim                                                                                             ', '                                                                                                    ', '1'),
(663, 'DISPOSITIVOS Y CIRCUITOS ELECTRICOS', 'Millman', 'Halkias', '1'),
(664, 'INTRODUCCION A LA INGENIERIA - INGENIERIA, SOCIEDA                                                  ', 'Viqueira Landa                                                                                      ', '                                                                                                    ', '1'),
(665, 'METODOS Y TECNICAS DE ESTUDIO EN LA UNIVERSIDAD                                                     ', 'Hern?ndez D?az                                                                                      ', '                                                                                                    ', '1'),
(666, 'LA FORMACION PROFESIONAL Y EL CURRICULUM UNVERSITA', 'Mar?n Mendez', '', '1'),
(667, 'ESTUDIO DE LA INTEGRACI?N ENTRE UN APLICATIVO M?VIL Y UN SISTEMA SCADA', 'Deisy Mariel Samudio Bento', '', ''),
(668, 'LECTURA Y COMUNICACION. 1? CURSO', 'de Ram?rez, Ma. Isabel', 'Salazar, Ela', '1'),
(669, 'FISICA PARA ESTUDIANTES DE CIENCIAS E INGENIERIA                                                    ', 'Bueche, Frederick                                                                                   ', '                                                                                                    ', '4'),
(670, 'EL VALLE Y LA LOMA - CULTURAS DE LA SELVA', 'Ramiro Dom?nguez', '', '1'),
(671, 'PROYECTOS INFORMATICOS - PLANIFICACION, DESARROLLO', 'Puig Torne', '', '1'),
(672, 'PROGRAMACION EN CLIPPER - VERSIONES 5.0 Y 5.01', 'Oliver', 'Sheldon', '1'),
(673, 'ANALISIS Y DISE?O DE SISTEMAS DE INFORMACION', 'Senn', '', '1'),
(674, 'DISE?O CONCEPTUAL DE BASES DE DATOS.', 'Batini.  Ceri', 'Navathe', '1'),
(675, 'INTRODUCCION A LA PROGRAMACION ORIENTADA A OBJETOS', 'Budd', '', '1'),
(676, 'C++. GUIA PARA PROGRAMACION EN C', 'Hakmatpour, Sharam', '', '1'),
(677, 'ANALISIS Y DISE?O ORIENTADO A OBJETOS', 'Martin', 'Odell', '1'),
(678, 'METODOS NUMERICOS APLICADOS CON SOFTWARE', 'Nakamura', '', '1'),
(679, 'FUNDAMENTOS DE QUIMICA', 'Zundahl, Steven S.', '', '1'),
(680, 'MICROELECTRONIC CIRCUITS - INTERNATIONAL EDITION                                                    ', 'Sedra                                                                                               ', 'Smith                                                                                               ', '1'),
(681, 'INFORMATICA EN ADMINISTRACION                                                                       ', 'Alvarado                                                                                            ', 'Hernandez                                                                                           ', '1'),
(682, 'DICIONARIO ILUSTRADO DE COMPUTACION P/INEXPERTOS', 'Gookin - Wang', 'Van Buren', '1'),
(683, 'SISTEMAS ELECTRONICOS DIGITALES - FUNDAMENTOS P/PR', 'S?nchez L?pez', '', '1'),
(684, 'CONTABILIDAD BASICA', 'Paulino Aguayo Caballero', '', '1'),
(685, 'INTRODUCCION A LOS VIAJES Y AL TURISMO                                                              ', 'Foster                                                                                              ', '                                                                                                    ', '1'),
(686, 'MATEMATICAS FINANCIERAS                                                                             ', 'Ayres                                                                                               ', '                                                                                                    ', '1'),
(687, 'ECONOMIA', 'Samuelson', 'Nordhaus', '1'),
(688, 'DICCIONARIO DE LA LENGUA ESPA?OLA                                                                   ', 'Real Academia Espa?ola                                                                              ', '                                                                                                    ', '1'),
(689, 'CURSO DE HTML', 'Liliana Neffa', '', '1'),
(690, 'GUIA PRACTICA DE MICROSOFT VISUAL FOXPRO', 'Marcos Jara', '', '1'),
(691, 'ORGANIZACION DE LAS BASES DE DATOS', 'Martin, James', '', '1'),
(692, 'GUIA PRACTICA DE VISUAL FOXPRO 7.0', 'Liliana Neffa', '', '1'),
(693, 'ARQUITECTURA DE COMPUTADORES - UN ENFOQUE CUANTITA', 'Hennessy', 'Patterson', '1'),
(694, 'OBJECT WINDOWS FOR C++, A SHORTCUT TO WINDOWS PROG', 'Traister', '', '1'),
(695, 'PROGRAMACION EN QUICKBASIC / QBASIC', 'Joyanes Aguilar', '', '1'),
(696, 'ESTRATEGIAS Y SISTEMAS DE INFORMACION', 'Andreu - Ricart', 'Valor', '1'),
(697, 'OBJECT-ORIENTED PROGRAMMING WITH BORLAND PASCAL 7', 'Clement Shammas', '', '1'),
(698, 'SISTEMAS OPERATIVOS. UNIX, OS/2, MS-DOS', 'Dietel, Harvey M.', '', '2'),
(699, 'CREACIONES MULTIMEDIA - EXPLORE EL MUNDO DE LA ANI', 'Shaddock', '', '1'),
(700, 'IMPLEMENTING MULTIMEDIA FOR BUSINESS', 'Szuprowicz', '', '1'),
(701, 'ELECTRONICA DIGITAL MODERNA                                                                         ', 'Angulo                                                                                              ', '                                                                                                    ', '2'),
(702, 'DICCIONARIO DE PROGRAMACION EN C', 'Arboles', 'Onsins', '1'),
(703, 'FISICA GENERAL                                                                                      ', 'Giancoli                                                                                            ', '                                                                                                    ', '3'),
(704, 'INTRODUCCION A LA ECONOMIA. ENFOQ. LATINOAMERICANO', 'Rossetti', '', '7'),
(705, 'INTRODUCCION A LA ECONOMIA. ENFOQ. LATINOAMERICANO', 'Rossetti', '', '7'),
(706, 'INTRODUCCION A LA ECONOMIA. ENFOQ. LATINOAMERICANO', 'Rossetti', '', '7'),
(707, 'LUMINOTECNIA', 'Caballero', 'Vidal', '1'),
(708, 'ELECTRONICA', 'Malvino', '', '2'),
(709, 'LENGUAJES ENSAMBLADORES                                                                             ', 'Caba?ero                                                                                            ', 'Perez                                                                                               ', '1'),
(710, 'METODOLOGIA DE LA INVESTIGACION TECNICO - CIENTIFI', 'R?fales Lamarca', '', '1'),
(711, 'CALCULO DIFERENCIAL E INTEGRAL                                                                      ', 'Piskunov                                                                                            ', '                                                                                                    ', '1'),
(712, 'ECONOMIA POLITICA                                                                                   ', 'Bautista                                                                                            ', 'Paoli                                                                                               ', '1'),
(713, 'LECTURA Y COMUNICACION. 1? CURSO', 'de Ram?rez, Ma. Isabel', 'Salazar, Ela', '1'),
(715, 'INTRODUCCION A LAS COMPUTADORAS Y AL PROCESAMIENTO', 'Long', '', '1'),
(716, '5.000 PROBLEMAS DE ANALISIS MATEMATICO                                                              ', 'Demidovich                                                                                          ', '                                                                                                    ', '1'),
(717, 'JORNADAS DE JOVENES INVESTIGADORES', 'Jovenes Investigadores', '', ''),
(718, 'REAL-TIME STRUCTURED METHODS SYSTEMS ANALYSIS', 'Edwards', '', '1'),
(719, 'CASE. LA AUTOMATIZACION DEL SOFTWARE', 'Mc.Clure, Carma', '', '1'),
(720, 'CALCULO CON GEOMETRIA ANALITICA', 'Purcell', 'Valberg', '1'),
(721, 'MANUAL DEL AGUA: NATURALEZA, TRATAMIENTO Y APLICAI', 'Kemmer', '', '1'),
(722, 'DESENHO TECNICO MECANICO                                                                            ', 'Manfe;  Pozza;                                                                                      ', 'Sacrato                                                                                             ', '1'),
(723, 'LA INVESTIGACION CIENTIFICA', 'Bunge', '', '1'),
(724, 'EL PROCESO DE LA INVESTIGACION CIENTIFICA', 'Tamayo y Tamayo', '', '1'),
(725, 'TECNICAS DE ORGANIZACION Y ANALISIS DE SISTEMAS', 'Cuadrado', 'Marquez', '1'),
(726, 'MANUAL DE REGLAS PARA EL PROGRAMADOR                                                                ', 'Ledin, George                                                                                       ', 'Ledin, Victor                                                                                       ', '1'),
(727, 'TECNOLOGIA CASE. HERRAMIENTAS DE DESARROLLO DE SFW                                                  ', 'Fisher                                                                                              ', '                                                                                                    ', '1'),
(728, 'GRAN DICCIONARIO CUYAS INGLES - ESPA?OL                                                             ', 'Cuyas                                                                                               ', '                                                                                                    ', '1'),
(729, 'MECANICA DE LOS FLUIDOS', 'Streeter', '', '1'),
(730, 'MATEMATICAS APLICADAS PARA ADMINISTRACION, ECONOMI', 'Budnick', '', '1'),
(731, 'METODOLOGIA DE LA PROGRAMACION                                                                      ', 'M. Angel Rodr?guez                                                                                  ', '                                                                                                    ', '1'),
(732, 'INTRODUCCION AL TURISMO                                                                             ', 'Gurria                                                                                              ', '                                                                                                    ', '2'),
(733, 'ANALISIS VECTORIAL', 'Murray Spiegel', '', '1'),
(734, 'MECANICA DE MATERIALES', 'Timoshenko', '', '2'),
(735, 'SISTEMAS OPERACIONAIS', 'Romulo Silva de Oliveira', 'Alexndre da Silva Carissimi', '1'),
(736, 'XV JORNADAS DE JOVENES INVESTIGADORES DE LA AUGM', 'Dr. Ing. Rafael Guarga', '', '1'),
(737, 'ESTUDIO DE LA INTEGRACI?N ENTRE UN APLICATIVO M?VIL Y UN SISTEMA SCADA', 'Deisy Mariel Samudio Bento', '', ''),
(738, 'ECUACIONES DIFERENCIALES', 'George F. Simmons', 'steven G. Krantz', ''),
(739, 'WINDOWS 95 - KIT DE RECURSOS', 'Microsoft', '', '1'),
(740, 'R.P.G. II - UN LENGUAJE DE GESTION', 'Tutor', 'Velasco', '1'),
(741, 'FISICA UNIVERSITARIA', 'Sears, Zemansky', 'Young', '6'),
(742, 'ESTRUCTURA DE DATOS', 'Lipschutz, Seymour', '', '1'),
(743, 'MERISE. METODOLOGIA DE DESARROLLO DE SISTEMAS', 'Patrik Metheron', '', '1'),
(744, 'CALCULO SUPERIOR', 'Spiegel', '', '1'),
(745, 'ECONOMIA POLITICA', 'Bautista', 'Paoli', '1'),
(746, 'ALGEBRA LINEAL CON APLICACIONES', 'Nicholson W.', '', '4'),
(747, 'METODOLOGIA FORMAL DE LA INVESTIGACION CIENTIFICA                                                   ', 'Tamayo y Tamayo                                                                                     ', '                                                                                                    ', '1'),
(748, 'EL MODELO ENTIDAD - RELACION. CASE*METHOD                                                           ', 'Barker, Richard                                                                                     ', '                                                                                                    ', '1'),
(749, 'ALGEBRA LINEAL CON APLICACIONES                                                                     ', 'Grossman, Stanley                                                                                   ', '                                                                                                    ', '4'),
(750, 'ESTADISTICA                                                                                         ', 'Spiegel, Murray                                                                                     ', '                                                                                                    ', '1'),
(751, 'SIMULADOR WEB PARA CONTRIBUYENTES DEL IRP', 'Sandra Lorena Flores Jim?nez', '', ''),
(752, 'APRENDIENDO HTML PARA WEB EN UNA SEMANA                                                             ', 'Lemay, Laura                                                                                        ', '                                                                                                    ', '1'),
(753, 'TRATADO DE CONTABILIDAD ELEMENTAL                                                                   ', 'Zelaya                                                                                              ', '                                                                                                    ', '1'),
(754, 'GEOMETRIA ANALITICA - PLANA Y DEL ESPACIO', 'Kindle', '', '1'),
(755, 'COMUNICACIONES DIGITALES', 'ING. RUBEN O. KUSTRA', '', '1'),
(756, 'REVISOES ESTRUTURADAS', 'Yourdon, Edward', '', '1'),
(757, 'DB2/SQL. MANUAL DE PROGRAMADORES', 'Martyn, Tim', 'Hartley, Tim', '1'),
(758, '3D STUDIO - NUEVAS GUIAS', 'Martin Cruz', '', '1'),
(759, 'FUNDAMENTOS DE LOS MICROPROCESADORES', 'TOKHEIM', '', '1'),
(760, 'MULTIMEDIA CON 3D STUDIO V.4 Y ANIMATOR PRO V.', 'Fernadez, Javier', 'Tajadura, Jose', '1'),
(761, 'C++ A SU ALCANCE. UN ENFOQUE ORIENTADO A OBJETOS                                                    ', 'Joyanes, Aguilar                                                                                    ', '                                                                                                    ', '1'),
(762, 'PRINCIPIOS DE ECONOMIA: MACROECONOMIA', 'Emery, David', '', '1'),
(763, 'SIMULADOR WEB PARA CONTRIBUYENTES DEL IRP', 'Sandra Lorena Flores Jim?nez', '', ''),
(764, 'REDES DE TELECOMUNICACIONES. PROTOCOLOS, MODELADO', 'Schwartz, Mischa', '', '1'),
(765, 'AMPLIFIERS AND COMPARATORS', '', '', ''),
(766, 'PROGRAMACION AVANZADA EN COBOL ESTRUCTURADO', 'Newcomer', '', '1'),
(767, 'DIGITAL CONTROL USING MICROPROCESSORS                                                               ', 'Katz                                                                                                ', '                                                                                                    ', '1'),
(768, 'CIENCIAS NATURALES                                                                                  ', 'Gladis Mencia                                                                                       ', '                                                                                                    ', '1'),
(769, 'ENCICLOPEDIA DE LA ELECTRONICA INGENIERIA Y TECNIC', 'Charles Belove', '', '1'),
(770, 'PASCAL Y ESTRUCTURA DE DATOS', 'Dale', 'Lilly', '2'),
(771, 'PROGRAMACION EN MICROSOFT C/C++ 7.', 'Atkinson', 'Mitchell', '1'),
(772, 'ADMINISTRACION: UNA PERSPECTIVA GLOBAL', 'WEIHRICH, HEINZ', 'KOONTZ, HAROLD', '10'),
(773, 'MICROSOFT VISUAL C++. FUNCIONES Y APLICACIONES', 'Microsoft Corporation', '', '1'),
(774, 'FUNDAMENTOS DE PROGRAMACION CON TURBO PASCAL', 'Boger, Thomas', '', '1'),
(775, 'PROGRAMACION EN QUICKBASIC / QBASIC', 'Joyanes, Luis', '', '1'),
(776, 'COMUNICACAO DE DADOS E SISTEMAS DE TELEPROCESSAMEN', 'Da Silveira', '', '1'),
(777, 'ASI FUNCIONAN LAS COMUNICACIONES', 'Derfler', 'Freed', '1'),
(778, 'TERMODIMANICA QUIMICA ELEMENTAL', 'Bruce H. Mahan', '', '1'),
(779, 'SIMULADOR WEB PARA CONTRIBUYENTES DEL IRP', 'Sandra Lorena Flores Jim?nez', '', ''),
(780, 'TECNICAS DE ORGANIZACION Y ANALISIS DE SISTEMAS                                                     ', 'Rodriguez                                                                                           ', 'Marquez                                                                                             ', '1'),
(781, 'FUNDAMENTOS DE FISICA ELECTRICIDAD Y MAGNETISMO', 'Juan Hern?ndez Alvaro', 'Joaqu?n Tovar Pescador', '1'),
(782, 'COMANDO Y PROTECCION DE BAJA TENSION                                                                ', 'Kemper; Messeguer                                                                                   ', 'Kihara                                                                                              ', '1'),
(783, 'R.P.G. II - UN LENGUAJE EN CUESTION', 'Tutor', 'Velasco', '1'),
(784, 'ENFOQUE CLASICO DA TEORIA DE CONTROLE METODO DO LU', 'Alberto Eduardo Fregosi1', 'Jaime Feinstein', '1'),
(785, 'ENCICLOPEDIA DE LA ELECTRONICA INGENIERIA Y TECNIC', 'Charles Belove', '', '1'),
(786, 'ENCICLOPEDIA DE LA ELECTRONICA INGENIERIA I TECNIC', 'Charles Belove', '', '1'),
(787, 'F?sica para Ingenieros y Ciencias', 'Hans C. Ohanian', 'John T, Markert', 'Tercera edici?n'),
(788, 'Cisco Networking Academy Promram: Gu?a del primer a?o', 'Vito Amato', '', ''),
(789, 'TECNICAS DE ORGANIZACION Y ANALISIS DE SISTEMAS', 'Rodriguez', 'Marquez', '1'),
(790, 'TECNICAS DE ORGANIZACION Y ANALISIS DE SISTEMAS', 'Rodriguez', 'Marquez', '1'),
(791, 'PROGRAMACION EN CLIPPER. INCLUYE VER. 5.0 Y 5.01', 'Oliver, Brett', 'Sheldon, Jim', '1'),
(792, 'GEOMETRIA ANALITICA (LEHMANN)', 'LEHMANN', '', ''),
(793, 'PROBLEMAS Y PRACTICAS DE REDES TOPOMETRICAS', 'Juan Pedro Carpio Hern?ndez', '', '1'),
(794, 'ESTADISTICA PARA ADMINISTRADORES', 'Levin', '', '1'),
(795, 'FISICA PARA ESTUDIANTES DE CIENCIAS E INGENIERIA', 'Bueche, Frederick', '', '4'),
(796, 'FISICA. PRUEBA DE SELECTIVIDAD                                                                      ', 'Soriano                                                                                             ', '                                                                                                    ', '1'),
(797, 'PROBLEMAS DE GEOMETRIA ANALITICA                                                                    ', 'Kletenik                                                                                            ', '                                                                                                    ', '1'),
(798, 'QUIMICA GENERAL                                                                                     ', 'Ru?z - Pozas                                                                                        ', 'L?pez - Gonz?lez                                                                                    ', '1'),
(799, 'FUNDAMENTOS DE REDES', 'Leandro Caldieras Vasconcelos', 'Marcelo Akira Inuzuka', '1'),
(800, 'DESAFIOS ETICOS DEL TERCER MILENIO', 'Lic. Angel Gonzalez Palmas', '', '1'),
(801, 'NUEVAS TECNOLOGIAS APLICADAS A LA EDUCACION', 'Julio Cabero Almenara', '', '1'),
(802, 'INGENIERIA DE CONTROL MODERNA', 'Katsuhiko Ogata', '', 'Quinta edici?n'),
(803, 'ENCICLOPEDIA DE LA ELECTRONICA INGENIERIA Y TECNIC', 'Charles Belove', '', '1'),
(804, 'FISICA. PRUEBA DE SELECTIVIDAD', 'Soriano', '', '1'),
(805, 'SISTEMAS DIGITALES - PRINCIPIOS Y APLICACIONES', 'Tocci', '', '5'),
(806, 'INGENIERIA DEL SOFTWARE UNA PERSPECTIVA ORIENTADA A OBJETOS', 'Eric. J Braude', '', ''),
(807, 'DIAGRAMACION LOGICA: DESARROLLO METODOLOGICO Y EJE', 'Alberto R. Lardent', '', '1'),
(808, 'QUIMICA. PRUEBA DE SELECTIVIDAD', 'Caloca, Dolores', '', '1'),
(809, 'CALCULUS', 'Apostol, Tom M.', '', '2'),
(810, 'CALCULUS', 'Apostol, Tom M.', '', '1'),
(811, 'SELECTIVIDAD MATEMATICA I', 'Miguel DE Guzman', '', '1'),
(812, 'ALGEBRA LINEAL CON APLICACIONES', 'Grossman', '', '5'),
(813, 'FUNDAMENTOS DE QUIMICA', 'Zundahl, Steven S.', '', '1'),
(814, 'FISICA GENERAL                                                                                      ', 'Bueche, Frederick J.                                                                                ', '                                                                                                    ', '1'),
(815, 'FISICA GENERAL                                                                                      ', 'Bueche, Frederick J.                                                                                ', '                                                                                                    ', '1'),
(816, 'INTRODUCCION A LA SOCIOLOGIA GENERAL', 'Guy Rocher', '', '1'),
(817, 'CIBERSEGURIDAD. RETOS Y AMENAZAS A LA SEGURIDAD NACIONAL EN EL CIBERESPACIO', '', '', ''),
(818, 'REINGENIERIA DE PROCESOS. DETONE SUS IDEAS S/ADMIN', 'de Oliveira, Sidney A.', '', '1'),
(819, 'LOS 7 HABITOS DE LA GENTE ALTAMENTE EFECTIVA', 'S. R. Covey.', '', '1'),
(820, 'AUDIO POWER AMPLIFIERS', '', '', '2000'),
(821, 'PREPARACION Y EVALUACION DE PROYECTOS', 'Naissir Sapag Chain', 'Reinaldo Sapag Chain', 'Sexta Edicion'),
(822, 'TEORIA GENERAL DEL TURISMO', 'Manuel Ram?rez Blanco', '', '1'),
(823, 'COMO PROGRAMAR C/C++ Y JAVA', 'Harvey M. Deitel', 'Paul J. Dietel', '1'),
(824, 'TURBO PASCAL 7 - MANUAL DE REFERENCIA', 'O Breien', 'Nameroff', '1'),
(825, 'ANALISIS Y DISE?O DE SISTEMAS DE INFORMACION', 'Senn, James A.', '', '1'),
(826, 'LAN TIMES. ENCICLOPEDIA DE REDES.', 'Sheldon, Tom', '', '1'),
(827, 'COBOL ESTRUCTURADO', 'Philippakis', 'Kazmier', '1'),
(828, 'CALCULO SUPERIOR', 'Murray R. Spiegel', '', '1'),
(829, '50 IDEAS CONCRETAS PARA MEJORAR SU EMPRESA', 'Sanguinetti', '', '1'),
(830, 'REINGENIERIA. MEJORIA DE PROCESOS EMPRESARIALES', 'Kamel, Nadim M.', '', '1'),
(831, 'Cisco Networking Academy Promram: Gu?a del primer a?o', '', '', ''),
(832, 'GUIA PRACTICA PARA EL CALCULO DE INSTALACIONES ELE', 'Harper, Enr?quez', '', '1'),
(833, 'ELEMENTOS DE RESISTENCIA DE MATERIALES', 'Timoshenko, S.', 'Young, D.', '1'),
(834, 'LA AGUADA DEL PUMA', 'Pompeyo Lugo M?ndez', '', ''),
(835, 'CLUSTER DE ALTA DISPONIBILIDAD Y ALTO DESEMPE?O PA                                                  ', 'Osvaldo Miguel Gonzalez                                                                             ', '                                                                                                    ', '1'),
(836, 'TEORIA DE LA PROBABILIDAD', 'Ivan Obregon Sanin', '', '1'),
(837, 'METODOLOGIA DE LA INVESTIGACION', 'Hern?ndez - Fern?ndez', 'Baptista', '1'),
(838, 'TEORIA GENERAL DEL TURISMO', 'Manuel Ram?res Blanco', '', '1'),
(839, 'CURSO DE MATEMATICAS SUPERIORES PARA INGENIEROS 1', 'Krasnov - Biseliov', 'Makarenko - Shinkin', '1'),
(840, 'ECONOMIA', 'Samuelson, P.', 'Nordhaus, W.', '14'),
(841, 'CURSO DE MATEMATICAS SUPERIORES PARA INGENIEROS 2', 'Krasnov - Biseliov', 'Makarenko - Shinki', '1'),
(842, 'ANALISIS DE REDES', 'Van Valkemburg, M.E.', '', '1'),
(843, 'MARKETING PUBLICO', 'Chias, Josep', '', '1'),
(844, 'CONTABILIDAD. TEORIA Y PRACTICA', 'Kester, Roy B.', '', '1'),
(845, 'IMPLEMANTACION PARALELA DEL ALGORITMO DE ORTOGONAL                                                  ', 'Maria del Carmen Galeano Medin                                                                      ', '                                                                                                    ', '1'),
(846, 'Don Quijote de La Mancha', 'MIGUEL DE CERVANTES', '', ''),
(847, 'MANUAL DE ELECTRICIDAD INDUSTRIAL I', 'HARPER', '', '1'),
(848, 'PLANIFICACION Y EVALUACION DEL TURISMO                                                              ', 'Garc?a                                                                                              ', '                                                                                                    ', '1'),
(849, 'PROGRAMACION EN C++ PARA WINDOWS', 'Porter, Anthony', '', '1?'),
(850, 'QUIMICA ORGANICA', 'McMurry, John', '', '6'),
(851, 'ADMINISTRACION: UN ENFOQUE BASADO EN COMPETENCIAS', 'Hellriegel, Don', 'Jackson, Susan - Slocum, John', '10'),
(852, 'PROGRESE CON VISUAL C++', 'Kruglinski, David J.', '', '1'),
(853, 'MATEMATICAS ESPECIALES PARA COMPUTACION', 'Luis Garcia Valle', '', ''),
(854, 'ESTRATEGIAS Y SISTEMAS DE INFORMACION', 'Andreu, R.', 'Ricart, J. - Valor, J.', '1'),
(855, 'LENGUAJES ENSAMBLADORES', 'Fuster, J.', 'Perez, F.', '1'),
(856, 'NOVELL NETWARE - SOLUCIONARIO DE PROBLEMAS', 'Scarola, Robert', '', '1'),
(857, 'FISICA **', 'Tipler', '', '3'),
(858, 'CONTABILIDAD. TEORIA Y PRACTICA', 'Kester, Roy B.', '', '1'),
(859, 'CONTABILIDAD. TEORIA Y PRACTICA', 'Kester, Roy B.', '', '1'),
(860, 'CIRCUITOS LINEARES                                                                                  ', 'Close, Charles M.                                                                                   ', '                                                                                                    ', '1'),
(861, 'TEORIAS DE CONJUNTOS Y TEMAS A FINES                                                                ', 'Seymour Lipschutz                                                                                   ', '                                                                                                    ', '1'),
(862, 'MATERIALS FOR ENGINEERING: CONCEPTS AND APPLICATIO', 'Van Vlack, Lawrence H.', '', '1'),
(863, 'ESCUELA DALY DE HOSTELERIA Y TURISMO: BAR Y COCTEL                                                  ', 'DALY EDICIONES                                                                                      ', '                                                                                                    ', '1'),
(864, 'DICCIONARIO ENCICLOPEDICO ILUSTRADO VISOR', 'Diario Noticias', '', '1'),
(865, 'Don Quijote de La Mancha', 'MIGUEL DE CERVANTES', '', ''),
(866, 'MICROSOFT VISUAL FOXPRO 6.0: MANUAL DEL PROGRAMADO', 'Microsoft Corporation', '', '1'),
(867, 'MANUAL DE FORMULAS TECNICAS', 'Gieck, R.', '', '1'),
(868, 'NETWARE LAN ANALYSIS', 'Chappell, Laura', '', '1'),
(869, 'LAN TIMES. GUIA DE CORREO ELECTRONICO', 'Drummond R.', 'Cox, N.', '1'),
(870, 'MULTIPROTOCOL INTERNET WORKING', 'Chappell, Laura', 'Spicer, Roger', '1'),
(871, 'MANUAL DE EXCEL', 'JORGE MARTINEZ', '', '2000'),
(872, 'THE NOVELL CNA/CNE. STUDY GUIDE', 'Mueller, J.', 'Williams, Robert', '1'),
(873, 'GUIA DE PROGRAMACION NOVELL NETWARE', 'Day, M. - Koontz, M.', 'Marshall, D.', '1'),
(874, 'Don Quijote de La Mancha', 'MIGUEL DE CERVANTES', '', ''),
(875, 'SOLUCION A PROBLEMAS DE PC                                                                          ', 'Norton, Peter                                                                                       ', 'Jourdain, Robert                                                                                    ', '1'),
(876, 'FUNDAMENTOS DA TERMODINAMICA CLASSICA                                                               ', 'Van Wylen, Gordon                                                                                   ', 'Borgnakke, Claus                                                                                    ', '1'),
(877, 'RESISTENCIA DOS MATERIAIS', 'Beer, Ferdinand', 'Russell, Johnton', '1'),
(878, 'ESTUDIO DE ALGORITMOS COMBINADOS PARALELOS', 'Baran, Benjamin C.', '', '1'),
(879, 'CATALOGOS DE DOCUMENTOS Y PUBLICACIONES 1994-1995', 'UNESCO', '', '1'),
(880, 'INTRODUCCION AL CALCULO NUMERICO                                                                    ', 'Ing.Hugo R.Franco Paats                                                                             ', '                                                                                                    ', '1'),
(881, 'ANUARIO 2005                                                                                        ', 'RECTORADO DE LA UNE                                                                                 ', '                                                                                                    ', '1'),
(882, 'Don Quijote de La Mancha', 'MIGUEL DE CERVANTES', '', ''),
(883, 'XIV SBRC. 14? SIMPOSIO BRASILEIRO DE REDES DE COMP', 'Anais', '', '1'),
(884, 'ORGANIZACION DE LAS BASES DE DATOS', 'Martin', '', '1'),
(885, 'ANALISIS ESTRUCTURADO MODERNO', 'Yourdon, Edward', '', '1'),
(886, 'REDES NEURONALES. ALGORITMOS, APLICACIONES Y TECNI', 'Freeman, James A.', 'Skapura, David M.', '1'),
(887, 'SISTEMAS OPERATIVOS. DISE?O DE IMPLEMENTACION', 'Tanenbaum, Andrew S.', '', '1'),
(888, 'INTRODUCCION A LA ESTADISTICA ECONOMICA', 'Herrill, William', 'Fox, Karl', '1'),
(889, 'INSIDE COMPUTERS TODAY', 'Condon, Robert J.', 'Sanders, Donald - Fry, Rob', '1'),
(890, 'HISTORIA GENERAL DEL TURISMO DE MASAS', 'Fern?ndez F?ster, Luis', '', '1'),
(891, 'PRICIPIOS DIGITAIS', 'Tokheim, Roger L.', '', '1'),
(892, 'SCDD 20. SISTEMA DE CLASIFICACION DECIMAL DEWEY', 'Dewey, Melvil', '', '20'),
(893, 'SCDD 20. SISTEMA DECIMAL DE CLASIFICACION DEWEY', 'Dewey, Melvil', '', '1'),
(894, 'SCDD 20. SISTEMA DECIMAL DE CLASIFICACION DEWEY', 'Dewey, Melvil', '', '20'),
(895, 'SCDD 20. SISTEMA DECIMAL DE CLASIFICACION DEWEY', 'Dewey, Melvil', '', '20'),
(896, 'ANALISIS VECTORIAL', 'HSU, HWEI P.', '', '1'),
(897, 'SISTEMAS ELECTRICOS DE POTENCIA                                                                     ', 'Nasar, Syed A.                                                                                      ', '                                                                                                    ', '1'),
(898, 'AVIFAUNA DE LAS AREAS PROTEGIDAS DE ITAIPU                                                          ', 'PEREZ VILLAMAYOR, NELSON                                                                            ', 'COLMAN JARA, ANDRES                                                                                 ', '1'),
(899, 'ELECTRICIDADE B?SICA', 'VAN VALKENBURGH', 'NOOGER', 'DECIMA EDICI?N\r'),
(900, 'CURSO DE PROGRAMACION C++: PROGRAMACION ORIENTADA', 'CEBALLOS, FCO. JAVIER', '', '1'),
(901, 'METODOS NUMERICOS PARA INGENIEROS 1 CON APLIC. EN', 'Chapra, Steve', 'Canale, Raymond P.', '1'),
(902, 'ANALISIS Y DISE?O DE SISTEMAS', 'Kendall y Kendall', '', '1'),
(903, 'COMPUTERS & MS-DOS', 'Collin, Simon', '', '1'),
(904, 'INTERNET: MANUAL DE REFERENCIA', 'Hahn, Harley', 'Stout, Rick', '1'),
(905, 'SISTEMAS OPERATIVOS DISTRIBUIDOS', 'Tanenbaum', '', '1'),
(906, 'COLORADO BACKUP USER?S GUIDE', 'Colorado Memory Systems', '', '1'),
(907, '?NETSCAPE FACIL!', 'Dupuy, John', '', '1'),
(908, 'CLEI 99 MEMORIAS - TOMO 2', 'CLEI 99', '', '1'),
(909, 'USANDO CLARION PROFESSIONAL DEVELOPER', 'Burguess, Mark S.', '', '1'),
(910, 'VARIABLE COMPLEJA Y APLICAIONES', 'James Ward Brown', 'Ruel V. Churchill', '1'),
(911, 'ANALISIS VECTORIAL', 'Spiegel, Murray R.', '', '1'),
(912, 'FISICA PARA ESTUDIANTES DE CIENCIAS E INGENIERIA', 'Frederick J. Bueche', '', '1'),
(913, 'ADMINISTRA?AO DA PRODU?AO                                                                           ', 'Monks, Joseph G.                                                                                    ', '                                                                                                    ', '1'),
(914, 'ADMINISTRA?AO DA PRODU?AO E OPERA?OES                                                               ', 'Moreira, Daniel A.                                                                                  ', '                                                                                                    ', '1'),
(915, 'GUIA PRACTICA DE ELECTRICIDAD Y ELECTRONICA', 'RICARDO ANTONIO BARRIO', 'ANTONIO COLMENAR', '1995'),
(916, 'LENGUAJE 3. COMUNICACION - CIENCIA - ARTE', 'de Natalizia, Emina Nasser', '', '1');
INSERT INTO `bibliografia` (`id`, `titulo`, `autor1`, `autor2`, `volumen`) VALUES
(917, 'ICTIOPLANCTON EN LOS RIOS ITABO SUR, CARAPA Y AZUL                                                  ', 'GILL MORLIS, WALTER                                                                                 ', 'HERMOSA, JOSE - SANCHEZ, E.                                                                         ', '1'),
(918, 'LA AGUADA DEL PUMA', 'Pompyo Lugo M?ndez', '', '1'),
(919, 'J500 APLICACOES DISTRIBUIDAS COM J2EE E JBOOS 1', 'DA ROCHA, HELDER', '', '1'),
(920, 'NORMAS PARA APRESENTACAO DE DOCUMENTOS CIENTIFICOS', 'UNIVERSIDAD FEDERAL DO', 'PARANA', '1'),
(921, 'INTRODUCCION A LA SOCIOLOGIA GENERAL', 'Guy Rocher', '', '1'),
(922, 'BREVE HISTORIA DE LA CULTURA EN EL PARAGUAY', 'Vel?zquez, Rafael', '', '1'),
(923, 'LOS ABORIGENES EN EL PARAGUAY. LENGUAS CHAQUE?AS', 'Susnik, Branislava', '', '1'),
(924, 'DIRECCION DE MARKETING', 'Philip Kotler', 'Kevin Lane Keller', '1'),
(925, 'LENGUAJE 3. COMUNICACION - CIENCIA - ARTE', 'de Natalizia, Emina Nasser', '', '1'),
(926, 'APUNTES DE HISTORIA CULTURAL DEL PARAGUAY', 'Cardozo, Efrain', '', '5'),
(927, 'PROYECTOS PROFESIONALES PHP 5', 'CHARTE OJEDA, FRANCISCO', '', '1'),
(928, 'LENGUAJE 1. COMUNICACION - CIENCIA - ARTE                                                           ', 'Nasser, Emina                                                                                       ', 'Natalizia, Rolando                                                                                  ', '1'),
(929, 'LENGUAJE 1. COMUNICACION - CIENCIA - ARTE', 'Nasser, Emina', 'Natalizia, Rolando', '1'),
(930, 'LECTURA Y COMUNICACION. 2? CURSO', 'de Ram?rez, Ma. Isabel', 'Salazar, Ela', '1'),
(931, 'LECTURA Y COMUNICACION. 3? CURSO', 'de Ram?rez, Ma. Isabel', 'Salazar, Ela', '1'),
(932, 'LECTURA Y COMUNICACION. 3? CURSO', 'de Ram?rez, Ma. Isabel', 'Salazar, Ela', '1'),
(933, 'COMUNICACION ORAL Y ESCRITA', 'Mart?nez- S?nchez', 'Artecona- Salomoni', '1'),
(934, 'DICCIONARIO CASTELLANO-GUARANI', 'Guasch, Antonio', 'Ort?z, Diego', '13'),
(935, 'EVALUACION DE APRENDIZAJES RELEVANTES AL EGRESO DE', 'CINDA', '', '1'),
(936, 'COOPERACION UNIVERSIDAD-EMPRESA: VISIONES DE EUROP', 'CINDA', '', '1'),
(937, 'INTRODUCAO AO MATLAB', 'SAMPAIO, R. - CATALDO, E.', 'RIQUELME, R.', '1'),
(938, 'RECYCLING', 'BORDER, ROSEMARY', '', '1'),
(939, 'MANUAL DE MATEMATICA', '', '', '1'),
(940, 'INSTALACIONES ELECTRICAS DE BAJA TENSION', 'Narciso Moreno Alfonso.', 'Ramon Cano Gonzalez.', '1'),
(941, 'HIGH-SPEED AMPLIFIERS', '', '', '2000'),
(942, 'LENGUAJE 2. COMUNICACION - CIENCIA - ARTE', 'Nasser, Emina', 'Natalizia, Rolando', '1'),
(943, 'LECTURA Y COMUNICACION. 2? CURSO', 'de Ram?rez, Ma. Isabel', 'Salazar, Ela', '1'),
(944, 'DICCIONARIO ENCICLOPEDICO ESPASA 1', '', '', '7'),
(945, 'ENCICLOPEDIA GRAN VOX', '', '', '5'),
(946, 'ENCICLOPEDIA GRAN VOX', '', '', '5'),
(947, 'ENCICLOPEDIA GRAN VOX                                                                               ', '                                                                                                    ', '                                                                                                    ', '1'),
(948, 'ENCICLOPEDIA GRAN VOX', '', '', '5'),
(949, 'ENCICLOPEDIA GRAN VOX', '', '', '5'),
(950, 'ENCICLOPEDIA GRAN VOX', '', '', '5'),
(951, 'ENCICLOPEDIA GRAN VOX', '', '', '5'),
(952, 'ENCICLOPEDIA GRAN VOX', '', '', '5'),
(953, 'ENCICLOPEDIA GRAN VOX', '', '', '5'),
(954, 'NARRACIONES DE LOS AVA GUARANI DE LOS DEPARTAMENTO', 'UNIVERSIDAD EVANGELICA DEL', 'PARAGUAY', '1'),
(955, 'ENCICLOPEDIA LAROUSSE ILUSTRADA 1: EL UNIVERSO Y L', 'ULTIMA HORA', '', '1'),
(956, 'Cisco Networking Academy Promram: Gu?a del primer a?o', '', '', ''),
(957, 'FUNDAMENTOS DE LA CIENCIA E INGENIERIA DE MATERIAL', 'SMITH, WILLIAM F.', '', '3'),
(958, 'FUNDAMENTOS DE ELECTROTECNIA 1: ELECTRIDAD BASICA', 'ARNOLD, ROBERT', '', '1'),
(959, 'COMPAQ: MOBILE INTERNET PC REFERENCE MANUAL 300,12', 'COMPAQ', '', '1'),
(960, 'SISTEMAS DE SEGURIDAD', 'Mu?oz Guerrero, Julio', '', '1'),
(961, 'QUIMICA', 'Chang, Raymond', 'College, Williams', '7'),
(962, 'QUIMICA', 'Chang, Raymond', 'College, Williams', '7'),
(963, 'PROTECCION DE EDIFICIOS CONTRA INCENDIOS                                                            ', 'Quadri, Nestor P.                                                                                   ', '                                                                                                    ', '1'),
(964, 'PREVENCION DE ACCIDENTES ELECTRICOS                                                                 ', 'Sancho, Pablo Marco                                                                                 ', '                                                                                                    ', '1'),
(965, 'SEGURIDAD E HIGIENE EN EL TRABAJO                                                                   ', 'De-Vos Pascual, Jose Ma.                                                                            ', '                                                                                                    ', '1'),
(966, 'INSTRUMENTACION ELECTRONICA MODERNA Y TECNICAS DE', 'Cooper, William', 'Helfrick, Albert', '1'),
(967, 'CONVERSION DE ENERGIA ELECTROMECANICA', 'Gourishankar, Vembu', '', '1'),
(968, 'SISTEMAS INTEGRADOS DE CONTROL DE PRODUCCION', 'David D. Bedworth', 'James E. Bailey', '1'),
(969, 'SEGURIDAD E HIGIENE EN EL TRABAJO                                                                   ', 'Jose Manuel De-Vos Pascual                                                                          ', '                                                                                                    ', '1'),
(970, 'LENGUAJE ENSAMBLADOR DE LOS 80x86                                                                   ', 'Beltr?n de Heredia                                                                                  ', '                                                                                                    ', '1'),
(971, 'APLIQUE FOX PRO 2.6 PARA WINDOWS', 'Jones', '', '1'),
(972, 'FORTRAN IV', 'MAXIMILIAN EMIL HEHL', '', ''),
(973, 'ANALISIS DE ALGORITMOS Y TEORIA DE GRAFOS', 'Abellanas', 'Lodares', '1'),
(974, 'INGENIERIA DE LA ENERGIA ELECTRICA - MAQUINAS', 'Marcelo A. Sobrevila', '', '1'),
(975, 'TRANSFORMADORES DE POTENCIA DE MEDIDA Y DE PROTECC', 'Ras, Enrique', '', '7'),
(977, 'CALCULO DIFERENCIAL E INTEGRAL                                                                      ', 'Frank Ayres, Jr                                                                                     ', 'Elliot Mendelson                                                                                    ', '3'),
(978, 'INTRODUCCION A LA SOCIOLOGIA', 'Berger', '', '3'),
(979, 'LA AGUADA DEL PUMA', 'Pompeyo Lugo M?ndez', '', '1'),
(980, 'ELECTRICISTA CALIFICADO', 'REVISTA MUNDO DE LA ELECTRICID', '', '1'),
(981, 'INTRODUCCION A LA TEORIA Y TECNICA DEL TURISMO', 'FERNANDEZ FUSTER, LUIS', '', '1'),
(982, 'ANALISIS ESTRUCTURADO MODERNO', 'Edward Yourdon', '', '1'),
(983, 'CALCULO DIFERENCIAL E INTEGRAL                                                                      ', 'Frank Ayres, Jr                                                                                     ', 'Elliot Mendelson                                                                                    ', '3'),
(984, 'ANALISIS ESTRUCTURADO MODERNO', 'Edward Yourdon', '', '1'),
(985, 'THINKPAD I SERIES 1400/1500', 'IBM', '', '1'),
(986, 'SISTEMA DE RIEGO INTELIGENTE BASADO EN L?GICA DIFUSA', 'Lia Maricel Mart?nez M?ndez', 'Mar?a Cecilia Casco Romero', ''),
(987, 'APLIQUE FOX PRO 2.6 PARA WINDOWS                                                                    ', 'Jones                                                                                               ', '                                                                                                    ', '1'),
(988, 'ARQUITECTURA DE COMPUTADORES', 'Anasagasti', 'Angulo', '1'),
(989, 'LA AGUADA DEL PUMA', 'Pompeyo Lugo M?ndez', '', '1'),
(990, 'EPSON FX-850/1050', 'EPSON AMERICA', '', '1'),
(991, 'SISTEMAS ELECTRONICOS DE TELECOMUNICACION', 'DUNGAN, FRANK R.', '', '1'),
(992, 'CALCULO Y CONSTRUCCION DE CIRCUITOS CON CONTACTORE', 'ROLDAN VILORIA, JOSE', '', '1'),
(993, 'REPUBLICA BOLIVARIANA DE VENEZUELA - CUADERNO DE L', 'EMBAJADA DE VENEZUELA', '', '2'),
(994, 'GESTAO DE TURISMO MUNICIPAL: TEORIA E PRATICA DE P', 'DUNCAN - GUERRIER', 'ROBERTSON', '1'),
(995, 'LA ESCUELA DEL TECNICO ELECTRICISTA - TOMO II', 'BEEREN, von HANS', '', '1'),
(996, 'PENINSULA VALDES Y LITORAL PATAGONICO', 'CLARIN VIAJES', '', '1'),
(998, 'LINEAS DE TRANSMISION', 'SANADA, ADOLFO', 'FRAIRE, JORGE', '1'),
(999, 'TU TIENES EL PODER DE ALCANZAR LAS RIQUEZAS', 'TREVISAN, LAURO', '', '6'),
(1000, 'PASCAL Y ESTRUCTURA DE DATOS', 'Dale', 'Lilly', '2'),
(1001, 'PASCAL Y ESTRUCTURA DE DATOS', 'Dale', 'Lilly', '2'),
(1002, 'FoxPro Microsoft Getting Started', 'Fox Software', '', '1'),
(1003, 'PASCAL Y ESTRUCTURA DE DATOS', 'Dale', 'Lilly', '2'),
(1004, 'PASCAL Y ESTRUCTURA DE DATOS', 'Dale', 'Lilly', '2'),
(1005, 'ENGENHARIA DE AUTOMACAO INDUSTRIAL', 'DESCONOCIDO', '', 'SEGUNDA EDICI?N\r'),
(1006, 'APLIQUE FOX PRO 2.6 PARA WINDOWS', 'Jones', '', '1'),
(1007, 'APLIQUE FOX PRO 2.6 PARA WINDOWS', 'Jones', '', '1'),
(1008, 'PC TOOLS: DATA RECOVERY DOS SHELL', 'CENTRAL POINT SOFTWARE', '', '1'),
(1009, 'THE NORTON ANTIVIRUS', 'NORTON, PETER', '', '1'),
(1010, 'QUIMICA', 'Chang, Raymond', 'College, Williams', '7'),
(1011, 'MINI DICCIONARIO PARA TORPES                                                                        ', 'Enrike J. del Teso                                                                                  ', '                                                                                                    ', '1'),
(1012, 'METODOS NUMERICOS PARA INGENIEROS c/ APLIC. p/ PC                                                   ', 'Chapra                                                                                              ', 'Canale                                                                                              ', '1'),
(1013, 'MECANICA VECTORIAL PARA INGENIEROS - ESTATICA                                                       ', 'Beer                                                                                                ', 'Johnston                                                                                            ', '5'),
(1014, 'SISTEMA DE RIEGO INTELIGENTE BASADO EN L?GICA DIFUSA', 'Lia Maricel Mart?nez M?ndez', 'Mar?a Cecilia Casco Romero', ''),
(1015, 'ANALISIS ESTRUCTURADO MODERNO', 'Edward Yourdon', '', '1'),
(1016, 'LA AGUADA DEL PUMA', 'Pompeyo Lugo M?ndez', '', '1'),
(1017, 'TARIFAS DE ENERGIA EL?TRICA', 'ROBERTO BITU', 'PAULO BORN', ''),
(1018, 'MICROSOFT MS-DOS SHELL USER?S GUIDE', 'MICROSOFT CORPORATION', '', '1'),
(1019, 'QUATTRO PRO GETTING STARTED 2.0', 'BORLAND', '', '1'),
(1020, 'FISICA 1', 'Halliday - Resnick', 'Krane', '4'),
(1021, 'FISICA 2', 'Halliday - Resnick', 'Krane', '4'),
(1022, 'SISTEMA DE RIEGO INTELIGENTE BASADO EN L?GICA DIFUSA', 'Lia Maricel Mart?nez M?ndez', 'Mar?a Cecilia Casco Romero', ''),
(1023, 'EL ARTE Y LA CIENCIA DE LA PROTECCION POR RELEVADORES', 'C. RUSSELL MASON', '', ''),
(1024, 'GEOMETRIA ANALITICA                                                                                 ', 'Kindle                                                                                              ', '                                                                                                    ', '1'),
(1025, 'GEOMETRIA ANALITICA                                                                                 ', 'Kindle                                                                                              ', '                                                                                                    ', '1'),
(1026, 'MECANICA VECTORIAL PARA INGENIEROS - DINAMICA                                                       ', 'Beer                                                                                                ', 'Johnston                                                                                            ', '5'),
(1027, 'TEORIA DE CONJUNTOS Y TEMAS AFINES                                                                  ', 'Lipschutz                                                                                           ', '                                                                                                    ', '1'),
(1028, 'TEORIA DE CONJUNTOS Y TEMAS AFINES                                                                  ', 'Lipschutz                                                                                           ', '                                                                                                    ', '1'),
(1029, 'UNA HISTORIA BREVE PARA NUESTROS VISITANTES', 'Jos? M. Muria', '', '1'),
(1030, 'PSICOLOGIA', 'MORRIS, CHARLES G.', '', '9'),
(1031, 'REMUNERACAO POR HABILIDADES E POR COMPETENCIAS                                                      ', 'ANDERSEN, ARTHUR                                                                                    ', '                                                                                                    ', '2'),
(1032, 'ANALISIS DE FORIER', 'HSU, HWEI P.', '', '1'),
(1033, 'MATEMATICAS AVANZADAS PARA INGENIERIA 2', 'Kreyszig', '', '6'),
(1034, 'MATEMATICAS AVANZADAS PARA INGENIERIA 1', 'Kreyszig', '', '5'),
(1035, 'ALGEBRA LINEAL CON APLICACIONES', 'Nicholson, W.', '', '3'),
(1036, 'GEOMETRIA ANALITICA', 'PHILLIPS, H.B.', '', '1'),
(1037, 'MANUAL DE ELECTRICIDAD INDUSTRIAL I', 'Harper', '', '1'),
(1038, 'POESIAS REUNIDAS                                                                                    ', 'Augusto Roa Bastos                                                                                  ', '                                                                                                    ', '1'),
(1039, 'POESIAS COMPLETAS Y OTROS TEXTOS', 'Herib Campos Cervera', '', '1'),
(1040, 'POESIAS Y CUENTOS COMPLETOS', 'Julio Correa', '', '1'),
(1041, 'POESIAS COMPLETAS Y OTROS TEXTOS', 'Eloy Fari?a N??ez', '', '1'),
(1042, 'ANTOLOGIA POETICA', 'Jose Luis Appleyard', '', '1'),
(1043, 'POESIAS COMPLETAS', 'Josefina Pl?', '', '1'),
(1044, 'ANTOLOGIA POETICA', 'Jose M. G?mez Sanjurjo', '', '1'),
(1045, 'ELVIO ROMERO - SUS MEJORES POEMAS', 'Elvio Romero', '', '1'),
(1046, 'ANTOLOGIA POETICA', 'Oscar Ferreiro', '', '1'),
(1047, 'POESIA', 'Teodoro S. Mongel?s.', '', '1'),
(1048, 'GUIA DEL MUSEO - ETNOGRAFIA PARAGUAYA                                                               ', 'Susnik, Branislava                                                                                  ', '                                                                                                    ', '7'),
(1049, 'THE NORTON COMMANDER - USER?S MANUAL', 'Norton, Peter', '', '1'),
(1050, 'EL PODER DE LA EXPRESION ORAL', 'Carbonell', '', '1'),
(1051, 'PARAGUAY - INFORMACIONES GENERALES Y TURISTICAS                                                     ', 'Ver?n, Victoria.                                                                                    ', '                                                                                                    ', '1'),
(1052, 'MANUAL DE CONSTRUCAO DE REDES', 'Electrobr?s', '', '1'),
(1053, 'MANUAL DE ELECTRICIDAD INDUSTRIAL I', 'HARPER', '', '1'),
(1054, 'CURSO DE MS-WORD 5.0 BASICO', 'MasterChip Computaci?n', '', '1'),
(1055, 'TEATRO ESCOGIDO', 'Josefina Pl?', '', '1'),
(1056, 'MIGRACIONES                                                                                         ', 'Eligio Ayala                                                                                        ', '                                                                                                    ', '1'),
(1057, 'LA PAZ DEL CHACO                                                                                    ', 'Paiva Alcorta                                                                                       ', '                                                                                                    ', '1'),
(1058, 'INSTALACIONES ELECTRICAS GENERALES', '', '', '1'),
(1059, 'Amadeus - Paraguay. Guia de Referencia Rapida', '', '', '1'),
(1060, 'Engenharia da Informacao - Introducao', 'Martin', '', '1'),
(1061, 'TEATRO BREVE', 'Mario Halley Mora', '', '1'),
(1062, 'ETNOGRAFIA DEL CHACO', 'Alfred Metraux', '', '1'),
(1063, 'FRANCIA, UN HOMBRE INTERMINABLE', 'Efra?n Enr?quez Gam?n', '', '1'),
(1064, 'MITOS INDIGENAS DEL PARAGUAY', 'Francisco Perez-Maricevich', '', '1'),
(1065, 'ARRIERO PORTE', 'Miguel Angel Pangrazio', '', '1'),
(1066, 'POBREZA Y POLITICAS SOCIALES EN EL PARAGUAY', 'Ram?n Fogel', '', '1'),
(1067, 'INSTALACION ELECTRICA DE BAJA TENSION                                                               ', 'KEMPER - MESSEGUER                                                                                  ', 'KHIARA - HERREROS                                                                                   ', '1'),
(1068, 'POESIA COMPLETA', 'Dom?nguez', '', '1'),
(1069, 'LA REVOLUCION DE LA INDEPENDENCIA -14 Y 15 DE MAYO                                                  ', 'Garay                                                                                               ', 'Ben?tez                                                                                             ', '1'),
(1070, 'ETAPAS DE MI VIDA', 'Maiz', '', '1'),
(1071, 'ORIGENES DE LA GUERRA DE LA TRIPLE ALIANZA', 'Horton Box', '', '1'),
(1072, 'SOLANO LOPEZ-SOLDADO DE LA GLORIA Y EL INFORTUNIO', 'Bray', '', '1'),
(1073, 'EL PARAGUAY INDEPENDIENTE', 'Cardozo', '', '1'),
(1074, 'EL PARAGUAY COLONIAL', 'Cardozo', '', '1'),
(1075, 'EL FUSILAMIENTO DEL OBISPO PALACIOS Y LOS TRIBUNAL', 'Godoi', '', '1'),
(1076, 'BREVE HISTORIA DEL PARAGUAY', 'Efraim Cardozo', '', '1'),
(1077, 'EL DOCTOR FRANCIA', 'Rengger - Carlyle', 'Demersay', '1'),
(1078, 'FISICA CONCEPTOS Y APLICACIONES', 'Tippens, Paul', '', '6'),
(1079, 'CUENTOS - MICROCUENTOS Y ANTICUENTOS                                                                ', 'Mario Halley Mora                                                                                   ', '                                                                                                    ', '1'),
(1080, 'LA BABOSA                                                                                           ', 'Casaccia                                                                                            ', '                                                                                                    ', '1'),
(1081, 'LA POESIA Y LA NARRATIVA EN EL PARAGUAY', 'Perez-Maricevich', '', '1'),
(1082, 'TEORIA GENERAL DEL TURISMO', 'MANUEL RAM?REZ BLANCO', '', 'SEGUNDA EDICI?N\r'),
(1083, 'EL LIBRO PRACTICO DE LOS GENERADORES, TRANSFORMADO', 'HARPER', '', '1'),
(1084, 'LA REVOLUCION COMUNERA DEL PARAGUAY', 'D?az Perez', '', '1'),
(1085, 'LA CONQUISTA ESPIRITUAL DEL PARAGUAY', 'Ru?z de Montoya', '', '1'),
(1086, 'EL COMUNISMO DE LAS MISIONES', 'Garay', '', '1'),
(1087, 'LA LLAGA', 'Casaccia', '', '1'),
(1088, 'BREVE ANTOLOGIA DE LA LITERATURA PARAGUAYA', 'Mendez-Faith', '', '1'),
(1089, 'HOMBRES Y EPOCAS DEL PARAGUAY- LIBRO PRIMERO', 'Bray', '', '1'),
(1090, 'CONTRA VIDA', 'Roa Bastos', '', '1'),
(1091, 'MADAME SUI', 'Roa Bastos', '', '1'),
(1092, 'LOS HUERTAS', 'Casaccia', '', '1'),
(1093, 'CUENTOS COMPLETOS', 'Pl?', '', '1'),
(1094, 'MADAME LYNCH Y SOLANO LOPEZ', 'Leyes de C.', '', '1'),
(1095, 'ANTOLOGIA', 'Pane', '', '1'),
(1096, 'TEXTOS ESCOGIDOS', 'Gonz?lez', '', '1'),
(1097, 'BREVE DICCIONARIO DE LA LITERATURA PARAGAUYA', 'Mendez-Faith', '', '1'),
(1098, 'PROSA ESCOGIDA', 'Arsenio L?pez Decoud', '', '1'),
(1099, 'INSTALACIONES ELECTRICAS DE BAJA TENSION', 'Moreno Alfonso, Narciso', 'Cano Gonz?lez, Ram?n', '1'),
(1100, 'TRANSMISSAO DE ENERGIA EL?TRICA', 'C. CELSO DE BRASIL CAMARGO', '', ''),
(1101, 'MANUAL DE ELECTRICIDAD INDUSTRIAL I', 'Harper', '', '1'),
(1102, 'MANUAL DE INSTALACIONES ELECTRICAS RESID. E INDUS.', 'Harper', '', '2'),
(1103, 'MANUAL DE INSTALACIONES ELECTRICAS RESID. E INDUS.', 'Harper', '', '2'),
(1104, 'MITOS INDIGENAS DEL PARAGUAY', 'Francisco Perez', '', '1'),
(1105, 'TRATADO DE ELECTRICIDAD', 'Singer', '', '1'),
(1106, 'TECNICAS DE COMUNICACION                                                                            ', '                                                                                                    ', '                                                                                                    ', '1'),
(1107, 'MANUAL DE ELECTRICIDAD INDUSTRIAL I', 'HARPER', '', '1'),
(1108, 'TRATADO DE ELECTRICIDAD', 'Singer', '', '1'),
(1109, 'TRATADO DE ELECTRICIDAD                                                                             ', 'Singer                                                                                              ', '                                                                                                    ', '1'),
(1110, 'CALCULO DIFERENCIAL E INTEGRAL                                                                      ', 'Piskunov                                                                                            ', '                                                                                                    ', '1'),
(1111, 'Derecho Civil', 'JOS? A. MORENO RUFFINELLI', '', '2010'),
(1112, 'ALGORITMOS EN C++', 'Sedgewick, Robert', '', '1'),
(1113, 'UNIX PARA INEXPERTOS', 'Levine, John', 'Levine, Margaret', '1'),
(1114, 'PROYECTOS TURISTICOS. LOCALIZACION E INVERSION                                                      ', 'Fabio C?rdenas Tabares                                                                              ', '                                                                                                    ', '1'),
(1115, 'PLANIFICACION INTEGRAL DEL TURISMO                                                                  ', 'S. Molina                                                                                           ', 'S. Rodr?guez                                                                                        ', '1'),
(1116, 'ORGANIZACION DE CONGRESOS Y CONVENCIONES                                                            ', 'Tonatiuh Cravioto Magall?n                                                                          ', '                                                                                                    ', '1'),
(1117, 'INTRODUCCION AL TURISMO                                                                             ', 'Manuel Gurr?a Di-Bella                                                                              ', '                                                                                                    ', '1'),
(1118, 'ORGANIZACION DE CONVENCIONES, CONGRESOS, REUNIONES                                                  ', 'Juan Manuel Buend?a                                                                                 ', '                                                                                                    ', '1'),
(1119, 'FINANCIAMIENTO TURISTICO.                                                                           ', 'D. Morales/E. Vallejo                                                                               ', 'Ma. L?pez                                                                                           ', '1'),
(1120, 'METODOLOGIA EN EL TURISMO                                                                           ', 'Sergio Ponteiro Vitale.                                                                             ', '                                                                                                    ', '1'),
(1121, 'QuatroPro VERSION 3.0, GUIA DE INTRODUCCION                                                         ', 'Borland                                                                                             ', '                                                                                                    ', '1'),
(1122, 'REFERENCE GUIDE TO ENGLISH: A handbook of english', 'Maclin', '', '1'),
(1123, 'TEACHER DEVELOPMENT-MAKING THE RIGHT MOVES', 'Kral', '', '1'),
(1124, 'PRACTICAS DE RADIO Y RADIO-REPARACION', 'PAUL B. ZBAR', '', '1'),
(1125, 'SISTEMAS DE TRANSMISION Y DISTRIBUCION DE POTENCIA', 'HARPER', '', '1'),
(1126, 'BIRDS IN KANSAS', 'Thompson, Max C.', 'Ely, Charles', '1'),
(1129, 'VIAJE A TRAVES DE LOS MUNDOS VIRTUALES EN CD II', 'Shatz, Phil', '', '1'),
(1130, 'EL LIBRO DE WORD 6.0 PARA WINDOWS', 'Person, Ron', 'Rose, Karen', '1'),
(1131, 'ELECTRONICA DIGITAL', 'Cuesta', 'Padilla - Ramiro', '1'),
(1133, '50 MODELOS FINANCIEROS CON EXCEL', 'Medina Serrano, Antonio', '', '1'),
(1134, 'DOMINE SU LENGUAJE - COMO DOMINAR LA ORTOGRAFIA', 'Escarpanter', '', '1'),
(1135, 'DOMINE SU LENGUAJE - COMO LEER, ESTUDIAR Y MEMORIZ', 'Mayo', '', '1'),
(1136, 'DOMINE SU LENGUAJE - COMO LEER, ESTUDIAR Y MEMORIZ', 'Mayo', '', '1'),
(1137, 'DOMINE SU LENGUAJE - COMO ESCRIBIR CORRECTAMENTE                                                    ', 'Escarpanter                                                                                         ', '                                                                                                    ', '1'),
(1138, 'DOMINE SU LENGUAJE - COMO ESCRIBIR CORRECTAMENTE', 'Fernandez', '', '1'),
(1139, 'DOMINE SU LENGUAJE - COMO DOMINAR LA GRAMATICA                                                      ', 'Escarpanter                                                                                         ', '                                                                                                    ', '1'),
(1140, 'DOMINE SU LENGUAJE - COMO DOMINAR LA GRAMATICA', 'Escarpanter', '', '1'),
(1141, 'GETTING STARTED WITH ARDUINO                                                                        ', 'Massimo Banzi                                                                                       ', '                                                                                                    ', '1'),
(1142, 'GETTING STARTED WITH ARDUINO                                                                        ', 'Massimo Banzi                                                                                       ', '                                                                                                    ', '1'),
(1143, 'PRINCIPIOS DE LAS COMUNICACIONES ELECTRONICAS', 'MATTHEW MANDL', '', '1'),
(1144, 'SISTEMAS DE MODULACION EN AMPLITUD Y FRECUENCIA', 'MARIA JOSE SALMERON', '', '1'),
(1145, 'CAMPOS Y ONDAS', 'SIMON RAMO - JOHN R. WHINNERY', 'THEODORE VAN DUZER', '1'),
(1146, 'COMUNICACIONES - TELEFONIA', '', '', '1'),
(1147, 'INSTRUMENTACION ELECTRONICA', 'ING. ANDRES L. BARKASZ', '', '1'),
(1148, 'ENERGIA ELETRICA PARA O DESENVOLVIMENTO SUSTENTAVE', 'Lineu Belico dos Reis', 'Semida Silveira', '1'),
(1149, 'PROGRAMACION EN PASCAL', 'Grogono, Peter', '', '1'),
(1150, 'DOMINE SU LENGUAJE - COMO DOMINAR LA ORTOGRAFIA', 'Escarpanter', '', '1'),
(1151, 'QUATTROPRO 5', 'Cam?n Rodr?guez, Ram?n', '', '1'),
(1152, 'SOFTWARE ORIENTADO A OBJETOS', 'Winblad - Edwards', 'King', '1'),
(1153, 'FISICA UNIVERSITARIA', 'Young', 'Freedman', 'decimosegunda'),
(1154, 'DOMINE SU LENGUAJE - COMO AUMENTAR SU VOCABULARIO1', 'Fernandez', '', '1'),
(1155, 'DOMINE SU LENGUAJE - COMO AUMENTAR SU VOCABULARIO1', 'Fernandez', '', '1'),
(1156, 'DOMINE SU LENGUAJE - COMO AUMENTAR SU VOCABULARIO2', 'Neggers', '', '1'),
(1157, 'DOMINE SU LENGUAJE - COMO AUMENTAR SU VOCABULARIO2', 'Neggers', '', '1'),
(1158, 'DICCIONARIO ENCICLOPEDICO ESPASA 1', '', '', '1'),
(1159, 'DICCIONARIO ENCICLOPEDICO ESPASA 1', '', '', '1'),
(1160, 'DICCIONARIO CASTELLANO-GUARANI                                                                      ', 'Guasch                                                                                              ', 'Ortiz                                                                                               ', '13'),
(1161, 'CONTABILIDAD 1', 'Kester', '', '12'),
(1162, 'CONTABILIDAD 1', 'Kester', '', '12'),
(1163, 'CONTABILIDAD 2', 'Kester', '', '12'),
(1164, 'ADMINISTRACION DE PERSONAL                                                                          ', 'Garay Dessler                                                                                       ', '                                                                                                    ', '1'),
(1165, 'EL RAYO, MITOS, LEYENDAS, CIENCIA Y TECNOLOG?A', 'HORACIO TORRES SANCHEZ', '', ''),
(1166, 'ESTUDIO E IMPLEMENTACION DE UN SISTEMA DE VIDEO ST                                                  ', 'Nieves Mabel Leiva C?ceres                                                                          ', '                                                                                                    ', '1'),
(1167, 'DICCIONARIO PARA USUARIOS DE COMPUTADORAS E INTERN', 'Pfaffenberger, Bryan', '', '6'),
(1168, 'SEMINARIO-TALLER SOBRE SISTEMAS INFORMATICOS DE AP', 'AECI', '', '1'),
(1169, 'CONTABILIDAD 2', 'Kester', '', '12'),
(1170, 'CONTABILIDAD 3', 'Kester', '', '12'),
(1171, 'CONTABILIDAD 3', 'Kester', '', '12'),
(1172, 'CONTABILIDAD 4', 'Kester', '', '12'),
(1173, 'DIBUJO TECNICO                                                                                      ', 'Gutierrez - Izquierdo                                                                               ', 'Navarro - Placencia                                                                                 ', '1'),
(1174, 'HOTELES Y MOTELES- ADMINISTRACION Y FUNCIONAMIENTO                                                  ', 'Gray                                                                                                ', 'Liguori                                                                                             ', '1'),
(1175, 'GUIA COMPLETA DE MICROSOFT FOXPRO PARA MS-DOS', 'Ricciardi, Sal', '', '1'),
(1176, 'ELECTRONICA - TEORIA DE CIRCUITOS', 'Boylestad', 'Nashelsky', '5'),
(1177, 'COMPORTAMIENTO ORGANIZACIONAL TEORIA Y PRACTICA                                                     ', 'Stephen P. Robbins                                                                                  ', '                                                                                                    ', '1'),
(1178, 'INDEPENDENCIA FINANCEIRA O GUIA DO PAI RICO', 'Robert T. Kiyosaki', 'Sharon L. Lechter', '1'),
(1179, 'EL PROCESO ESTRATEGICO CONCEPTOS, CONTEXTOS Y CASO                                                  ', 'Henry Mintzberg                                                                                     ', 'James Brian Quinn                                                                                   ', '1'),
(1180, 'ESTADISTICA PARA ADMINISTRACION                                                                     ', 'Richar I. Levin                                                                                     ', 'David S. Rubin                                                                                      ', '1'),
(1181, 'ADMINISTRACION FINANCIERA                                                                           ', 'James C. Van Horne                                                                                  ', '                                                                                                    ', '1'),
(1182, 'PROBABILIDAD Y ESTADISTICA (MON)', 'DOUGLAS MONTGOMERY', 'RUNGER', 'SEGUNDA EDICION'),
(1183, 'ECONOMIA', 'Samuelson', 'Nordhaus', '15'),
(1184, 'ELEMENTOS DE RESISTENCIA DE MATERIALES', 'Timoshenko', 'Young', '1'),
(1185, 'INVESTIGACION DE OPERACIONES', 'Kamlesh Mathur', 'Daniel Solow', '1'),
(1186, 'ALGEBRA LINEAL CON APLICACIONES', 'W. Keith Nicholson', '', '1'),
(1187, 'MANUAL DE FORMULAS TECNICAS                                                                         ', 'Gieck                                                                                               ', '                                                                                                    ', '1'),
(1188, 'MAS PARAGUAYO QUE LA MANDIOCA                                                                       ', 'Romero                                                                                              ', '                                                                                                    ', '3'),
(1189, 'COMUNICACION - ESTUDIO DEL LENGUAJE', 'Fuentes', '', '3'),
(1190, 'ADMINISTRACION DE RECURSOS HUMANOS                                                                  ', 'R. Wayne Monday                                                                                     ', 'Robert M. Noe                                                                                       ', '1'),
(1191, 'CIRCUITOS ELECTRICOS                                                                                ', 'Edminister                                                                                          ', '                                                                                                    ', '2'),
(1192, 'GRAMATICA MODERNA - ORTOGRAFIA PRACTICA', 'Fuentes', '', '20'),
(1193, 'EL PEQUE?O LAROUSSE EN COLOR 1997', '', '', '2'),
(1194, 'EL PEQUE?O LAROUSSE EN COLOR 1997', '', '', '2'),
(1195, 'CONTABILIDAD FINANCIERA', 'Horngren', 'Sundem', '1'),
(1196, 'ADMINISTRACION DE OPERACIONES                                                                       ', 'Barray Render                                                                                       ', 'Jay Heizer                                                                                          ', '1'),
(1197, 'DIRECCION DE MERCADOTECNIA', 'Philip Kotler', '', '1'),
(1198, 'DESARROLLO DE INSTALACIONES ELECTRICAS DE DISTRIBU', 'Jes?s Trashorras Montecelos', '', '1'),
(1199, 'MARKETING DE PRODUCTOS GUIA DE PLANIFICACION PARA', 'Douglas Gray', 'Donald Cyr', '1'),
(1200, 'HATOOGLE, UNA PROPUESTA DE MOTOR DE BUSQUEDA PARA                                                   ', 'Hector David L?pez Franco                                                                           ', '                                                                                                    ', '1'),
(1201, 'FILHO RICO FILHO VENCEDOR COMO PREPARAR SEU FILHO', 'Robert T. Kiyosaki', 'Sharon L. Lecheter', '1'),
(1202, 'LA INTELIGENCIA EMOCIONAL EN EL TRABAJO', 'Hendrie Weisinger', '', '1'),
(1203, 'METODOLOGIA DO TRABALHO CIENTIFICO', 'Antonio Joaquin Severino', '', '1'),
(1204, 'SHIMRITI DE LA IGNORANCIA A LA SABIDURIA', 'Jorge Bucay', '', '1'),
(1205, 'TRASMICAO DE ENERGIA ELECTRICA', 'Rubens Dario Fuchs', '', '1'),
(1206, 'MANUAL DE VISUAL BASIC 4 PARA WINDOWS 95', 'Cornell, Gary', '', '1'),
(1207, 'REDES DE DISTRIBUCION DE ENERGIA', 'Samuel Ram?rez Casta?o', '', '1'),
(1208, 'FISICA 1', 'Resnik', 'Halliday - Krane', '4'),
(1209, 'REDES DE DISTRIBUCION DE ENERGIA', 'Samuel R?mirez Casta?o', '', '1'),
(1210, 'CALCULO DIFERENCIAL E INTEGRAL', 'Ayres', 'Mendelson', '3'),
(1211, 'GEOMETRIA ANALITICA                                                                                 ', 'Kindle                                                                                              ', '                                                                                                    ', '1'),
(1212, 'ADMINISTRACION - UNA PERSPECTIVA GLOBAL                                                             ', 'Koontz                                                                                              ', 'Weihrich                                                                                            ', '10'),
(1213, 'TEORIA DE CONJUNTOS Y TEMAS AFINES                                                                  ', 'Lipschutz                                                                                           ', '                                                                                                    ', '1'),
(1214, 'MECANICA VECTORIAL PARA INGENIEROS - DINAMICA                                                       ', 'F. Beer                                                                                             ', 'E. Russell                                                                                          ', '5'),
(1215, 'MAQUINAS ELECTRICAS E TRANSFORMADORES                                                               ', 'Irving L. Kosow                                                                                     ', '                                                                                                    ', '1'),
(1216, 'MICROECONOMIA', 'Pindyck', 'Rubinfeld', '1'),
(1217, 'DISE?O E IMPLEMENTACION DE UN PROTOTIPO DE SISTEMA                                                  ', 'Katia Andrea Ayala Diaz                                                                             ', 'Amada Contrera CAballero                                                                            ', '1'),
(1218, 'SISTEMA DE SEGUIMIENTO SOLAR                                                                        ', 'Daisy Isabel Kang Cardozo                                                                           ', '                                                                                                    ', '1'),
(1219, 'O QUE OS RICOS ENSINAN A SEUS FILHOS SOBRE DINHEIR', 'Robert t. kiyosaki', 'Sharon L. Lechter', '1'),
(1220, 'INVESTIMENTOS COMO ADMINISTRAR MELHOR SEU DINHEIRO', 'Mauro Halfeld', '', '1'),
(1221, 'PRINCIPIOS DE ELECTRONICA', 'Paul E. Gray', 'Campbell L. Searle', '1'),
(1222, 'O GUIA DE INVESTIMENTOS APRENDA A GANHAR DINHEIRO', 'Robert T. Kiyosaki', 'Sharon L. Lecheter', '1'),
(1223, 'ELEMENTOS DE ANALISE DE SISTEMAS DE POTENCIA', 'William D. Stevenson JR.', '', '1'),
(1224, 'APLICACIONES FOTOVOLTAICAS EN EDIFICIOS', 'Gabino Almonacid', '', '1'),
(1225, 'FUNDAMENTOS DE PROGRAMACION', 'Jojanes', '', '2'),
(1226, 'SISTEMAS DIGITALES - PRINCIPIOS Y APLICACIONES', 'Tocci', '', '6'),
(1227, 'FISICA - VOLUMEN 1', 'Resnick', 'Halliday - Krane', '4'),
(1228, 'FISICA UNIVERSITARIA', 'Sears', 'Zemansky - Young', '6'),
(1229, 'GEOMETRIA ANALITICA E VETORES', 'Leo Barsotti', '', '1'),
(1230, 'FISICA 1', 'Resnick', 'Halliday - Krane', '4'),
(1231, 'MATEMATICAS ESPECIALES PARA COMPUTACION', 'Garcia', '', '1'),
(1232, 'MANUAL DE ELECTRICISTA DE TALLER', 'Roldan', '', '1'),
(1233, 'EL IDIOMA GUARANI - GRAMATICA Y ANTOLOGIA DE PROSA                                                  ', 'Guasch                                                                                              ', '                                                                                                    ', '7'),
(1234, 'EL IDIOMA GUARANI - GRAMATICA Y ANTOLOGIA DE PROSA', 'Guasch', '', '7'),
(1235, 'FORMACION SOCIAL DEL PUEBLO PARAGUAYO', 'Ben?tez', '', '1'),
(1236, 'TURBO PASCAL 7: MANUAL DE REFERENCIA', 'O?Brien, Stefhen', '', '1'),
(1237, 'EJERCICIOS DE BASES DE DATOS RELACIONALES', 'Maria Teresa Mart?n', 'Luis Alfonso Ure?a', '1'),
(1238, 'ALGEBRA LINEAL CON APLICACIONES', 'W. Keith Nicholson', '', '1'),
(1239, 'ALGEBRA LINEAL CON APLICACIONES', 'Nicholson W.', '', '4'),
(1240, 'ALGEBRA LINEAL CON APLICACIONES', 'W.Keith Nicholson', '', '1'),
(1241, 'ELECTRONICA DIGITAL', 'Cuesta', 'Padilla - Ramiro', '1'),
(1242, 'DOMINE TURBO PASCAL 6', 'Palmer, Scott D.', '', '1'),
(1243, 'PROGRAMACION EN TCL-TK', 'Francisco Ram?n Feito', 'Rafael Jes?s Segura', '1'),
(1244, 'FUNDAMENTOS DE PROGRAMACION', 'Joyanes', '', '2'),
(1245, 'FUNDAMENTOS DE PROGRAMACION', 'Joyanes', '', '2'),
(1246, 'FUNDAMENTOS DE PROGRAMACION', 'Joyanes', '', '2'),
(1247, 'ORGANIZACION Y DISE?O DE COMPUTADORES: LA INTERFAZ', 'Patterson, David A.', 'Hennessy, John L.', '1'),
(1248, 'LAS REDES DE PETRI, TEORIA Y PRACTICA', 'G. W. Brams', '', ''),
(1249, 'MATEMATICAS ESPECIALES PARA COMPUTACION', 'Garcia', '', '1'),
(1250, 'MATEMATICAS ESPECIALES PARA COMPUTACION', 'Garcia', '', '1'),
(1251, 'MOTORES ELECTRICOS - VARIACION DE VELOCIDAD                                                         ', 'Viloria                                                                                             ', '                                                                                                    ', '1'),
(1252, 'CONTABILIDAD DE COSTOS - PRINCIPIOS Y PRACTICA', 'Neuner', 'Deakin', '1'),
(1253, 'CONTABILIDAD DE COSTOS - SOLUCIONES DE PROBLEMAS', 'Neuner', 'Keakin', '1'),
(1254, 'CONTABILIDAD DE COSTOS - SOLUCIONES DE LOS PROBLEM', 'Neuner', 'Deakin', '1'),
(1255, 'DICCIONARIO DE LA LENGUA ESPA?OLA', '', '', '21'),
(1256, 'DICCIONARIO DE LA LENGUA ESPA?OLA', '', '', '21'),
(1257, 'ECONOMIA                                                                                            ', 'LARROULET                                                                                           ', 'MOCHON                                                                                              ', '1'),
(1258, 'INTRODUCCION A LOS SISTEMAS OPERATIVOS', 'ALCALDE, EDUARDO', 'MORERA, JUAN - PEREZ, JUAN A.', '1'),
(1259, 'LOS ESTUDIOS DE INGENIERIA TECNICA INDUSTRIAL EN A', 'Francisco Baena Villodres', 'Pedro Casanova Pel?ez', '1'),
(1260, 'LA PROVINCIA DE JAEN EN LOS LIBROS DE VIAJES                                                        ', 'Aurelio Valladares Reguero                                                                          ', '                                                                                                    ', '1'),
(1261, 'GESTION DE LA TECNOLOGIA, LA EMPRESA ANTE LA MUTACI?N TECNOL?GICA.', 'Smail Ait-El-Hadj.', '', '256'),
(1262, 'CULTURA GUARANI', 'Gonz?lez', '', '1'),
(1263, 'SISTEMA DIEDRICO', 'Baltasar Raya Moral', '', '1'),
(1264, 'INGENIERIA DEL SOFTWARE. UN ENFOQUE PRAC', 'Roger S. Pressman', '', 'Sexta Edici?n'),
(1265, 'SITIOS WEB CON MS SQL SERVER 7', 'Byrne, Jeffrey', '', '1'),
(1266, 'ECUACIONES DIFERENCIALES Y PROBLEMAS CON', 'Boyce', 'Diprima', 'Cuarta Edicion'),
(1267, 'C?LCULO INTEGRAL', 'Elfriede Wenzelburger Guttenberger', '', ''),
(1268, 'FISICA 2', 'BONJORNO', '', '1'),
(1269, 'PROCESO Y FUNDAMENTOS DE ADMINISTRACION Y GESTION', 'Pinilla', 'Lazzaro - Martinez', '1'),
(1270, 'LA ESENCIA DE VISUAL BASIC 4', 'Heyman, Mark Steven', '', '1'),
(1271, 'TURBO PASCAL 7 - MANUAL DE REFERENCIA', 'O Brien', 'Nemeroff', '1'),
(1272, 'TURBO PASCAL 7 - MANUAL DE REFERENCIA', 'O Brien', 'Nameroff', '1'),
(1273, 'CALCULO', 'Stewart', '', '1'),
(1274, 'CALCULO SUPERIOR', 'Spiegel', '', '1'),
(1275, 'MATEMATICAS AVANZADAS PARA INGENIERIA 2', 'KREYSZIG', '', 'TERCERA EDICION'),
(1276, 'GEOMETRIA ANALITICA', 'Oteyza', 'Osnaya - Gomez - Ortega', '1'),
(1277, 'ADMINISTRACION DEL TURISMO 1                                                                        ', 'Acerenza                                                                                            ', '                                                                                                    ', '1'),
(1278, 'MATEMATICAS PARA COMPUTACION', 'Lipschutz', '', '1'),
(1279, 'INTRODUCCION A LA LOGICA MATEMATICA', 'Patrick Suppes', 'Shirley Hill', '1'),
(1280, 'ADMINISTRACION DEL TURISMO 1                                                                        ', 'Acerenza                                                                                            ', '                                                                                                    ', '1'),
(1281, 'SOLUCIONARIO -  CUADERNO DE DIBUJO TECNICO                                                          ', 'Calvo                                                                                               ', 'Diaz                                                                                                ', '1'),
(1282, 'LA GESTION PARTICIPATIVA, MANAGEMENT PARTICIPATIO', 'Philippe Hermel', '', ''),
(1283, 'MANUAL DE INSTALACIONES ELECTRICAS RESIDENCIALES E', 'Enriquez', '', '2'),
(1284, 'MANUAL DE INSTALACIONES ELECTRICAS RESIDENCIALES E', 'Enriquez', '', '2'),
(1285, 'PROBLEMAS DE METODOLOGIA DE LA PROGRAMACION', 'Joyanes Aguilar, Luis', '', '1'),
(1286, 'FISICA *', 'Tipler', '', '1'),
(1287, 'ELECTROMAGNETISMO                                                                                   ', 'Edminister                                                                                          ', '                                                                                                    ', '1'),
(1288, 'ECONOMIA Y ORGANIZACION DE EMPRESAS', 'Del Valle', 'Gomez', '1'),
(1289, 'TEORIA DE LOS SISTEMAS DE INFORMACION', 'Langefors', '', '2'),
(1290, 'ARQUITECTURA DE COMPUTADORES', 'Hennessy', 'Patterson', '1'),
(1291, 'INGLES IDIOMATICO III', 'Long', 'Buckwald', '1'),
(1292, 'TEORIA DE LOS SISTEMAS DE INFORMACION', 'Langefors', '', '2'),
(1293, 'FISICA PARA ESTUDIANTES DE CIENCIAS E INGENIERIA', 'Bueche', '', '4'),
(1294, 'FISICA PARA ESTUDIANTES DE CIENCIAS E INGENIERIA', 'Bueche', '', '4'),
(1295, 'FISICA', 'ALONSO, MARCELO', 'FINN, EDWARD J.', '1'),
(1296, 'MOTORES ELECTRICOS - AUOMATISMO DE CONTROL                                                          ', 'Viloria                                                                                             ', '                                                                                                    ', '1'),
(1297, 'ARQUITECTURA DE COMPUTADORES', 'Anasagasti', 'Angulo', '1'),
(1298, 'ARQUITECTURA DE COMPUTADORES                                                                        ', 'Anasagasti                                                                                          ', 'Angulo                                                                                              ', '1'),
(1299, 'CENTRALES HIDROELECTRICAS I - CONCEPTOS Y COMPONEN', 'Iberdrola - Endesa', 'Sevillana de Electricidad', '1'),
(1300, 'CENTRALES HIDROELECTRICAS I - CONCEPTOS Y COMPONEN', 'Iberdrola - Endesa', 'Sevillana de Electricidad', '1'),
(1301, 'CIENCIAS NATURALES                                                                                  ', 'Gladis Mencia                                                                                       ', '                                                                                                    ', '1'),
(1302, 'EVALUACION Y FORMULACION DE PROYECTOS TURISTICOS', 'BRITEZ CHAMORRO, VICTOR A.', '', '1'),
(1303, 'MODERNIZACION DEL PRESUPUESTO MUNICIPAL: ADECUADO', 'CEMAF', '', '1'),
(1304, 'ARITMETICA', 'Baldor', '', '1'),
(1305, 'CALCULO DIFERENCIAL E INTEGRAL', 'Edwin J. Purcell', '', '1'),
(1306, 'QUIMICA - CURSO UNIVERSITARIO', 'Mahan', 'Myers', '4'),
(1307, 'Introduccion a la Estadistica economica', 'Merrill', 'Fox', '1'),
(1308, 'COMPILADORES PRINCIPIOS, TECNICAS, Y HERRAMIENTAS', 'Alfred V. Aho', 'Ravi D. Ullman', '1'),
(1309, 'SISTEMAS DE SEGURIDAD', 'Mu?oz Guerrero, Julio', '', '1'),
(1310, 'MATLAB 5 VERSAO DO ESTUDANTE: GUIA DO USUARIO', 'Hanselman', 'Littlenfield', '1'),
(1311, 'QUIMICA - CURSO UNIVERSITARIO', 'Mahan', 'Myers', '4'),
(1312, 'CENTRALES HIDROELECTRICAS II - TURBINAS HIDRAULICA', 'Iberdrola - Endesa', 'Sevillana de Electricidad', '1'),
(1313, 'CENTRALES HIDROELECTRICAS II - TURBINAS HIDRAULICA', 'Iberdrola - Endesa', 'Sevillana de Electricidad', '1'),
(1314, 'CENTRALES TERMICAS - INSTALACION', 'Iberdrola - Endesa', 'Sevillana de Electricidad', '1'),
(1315, 'MEDIDAS ELECTRICAS III - EQUIPOS DE MEDICION DE BT', 'Iberdrola - Endesa', 'Sevillana de Electricidad', '1'),
(1316, 'MEDIDAS ELECTRICAS III - EQUIPOS DE MEDICION DE BT', 'Iberdrola - Endesa', 'Sevillana de Electricidad', '1'),
(1317, 'APRENDIENDO INGL?S MEDIANTE HISTORIAS.', 'Gloria Lique Agull?', '', ''),
(1318, 'CUENTOS COMPLETOS', 'Pla, Josefina', '', '1'),
(1319, 'CATALOGO DE PLANTAS MEDICINALES USADAS EN PARAGUAY                                                  ', 'Gonzalez                                                                                            ', '                                                                                                    ', '1'),
(1320, 'CATALOGO DE PLANTAS MEDICINALES USADAS EN PARAGUAY                                                  ', 'Gonzalez                                                                                            ', '                                                                                                    ', '1'),
(1321, 'EN BUSCA DEL HUESO PERDIDO', 'Vera', '', '8'),
(1322, 'ADMINISTRACION DEL TURISMO 2                                                                        ', 'Acerenza                                                                                            ', '                                                                                                    ', '1'),
(1323, 'ADMINISTRACION DEL TURISMO 2                                                                        ', 'Acerenza                                                                                            ', '                                                                                                    ', '1'),
(1324, 'EMPRESAS TURISTICAS - GESTION ADMINISTRATIVA                                                        ', 'Ramirez                                                                                             ', '                                                                                                    ', '1'),
(1325, 'FUNDAMENTOS DE INGENIERIA ELECTRICA', 'Fitzgerald', 'Higginbotham', '4'),
(1326, 'LA DESTREZA LECTORA EN INGL?S PARA FINES AC?DEMICOS.', 'Francisca Molina Naarrete', '', ''),
(1327, 'PRONTUARIO DE ELECTRICIDAD - ELECTRONICA', 'Brechmann', 'Ozieia - Jagla', '1'),
(1328, 'EXPERIMENTOS DE SIMULACION EN COMPUTADORAS CON MOD', 'Naylor', '', '1');
INSERT INTO `bibliografia` (`id`, `titulo`, `autor1`, `autor2`, `volumen`) VALUES
(1329, 'CIENCIAS NATURALES                                                                                  ', 'Merardo Aranda Villar                                                                               ', '                                                                                                    ', '1'),
(1330, 'LA CERAMICA Y LOS HORNOS PARA SU COCCION Y DECORAC                                                  ', 'Jose Maria de la Poza                                                                               ', '                                                                                                    ', '1'),
(1331, 'CIENCIAS NATURALES Y EDUCACION SANITARIA                                                            ', 'Rosa Leite                                                                                          ', 'Mirtha Arce                                                                                         ', '1'),
(1332, 'DICCIONARIO DE LA CONSTRUCCION', 'Hugo Zuleta Bilbao', '', '1'),
(1333, 'OBJETIVOS DE DESARROLLO DEL MILENIO: INFORME PARAG', 'NACIONES UNIDAS', '', '1'),
(1334, 'INFORME NACIONAL SOBRE DESARROLLO HUMANO PARAGUAY', 'NACIONES UNIDAS', '', '1'),
(1335, 'COOPERACION UNIVERSIDAD-EMPRESA: VISIONES DE EUROP', 'CINDA', '', '1'),
(1336, 'BIOLOGIA', 'NASON, ALVIN', '', '1'),
(1337, 'ADMINISTRACION DE DATOS CON EXCEL', 'Carlberg, Conrad', '', '1'),
(1338, 'EXPERIMENTOS DE SIMULACION EN COMPUTADORAS CON MOD', 'Naylor', '', '1'),
(1339, 'COMO HACER UNA TESIS?', 'Mercado', '', '1'),
(1340, 'CURSO DE REDACCION', 'Vivaldi', '', '26'),
(1341, 'DISPOSITIVOS ELECTRONICOS                                                                           ', 'Floyd                                                                                               ', '                                                                                                    ', '3'),
(1342, 'CINEMATICA Y DINAMICA BASICA PARA INGENIEROS                                                        ', 'Jorge Solar Gonzalez                                                                                ', '                                                                                                    ', '1'),
(1343, 'HOTELES Y MOTELES - ADMINISTRACION Y FUNCIONAMIENT                                                  ', 'Gray                                                                                                ', 'Ligari                                                                                              ', '1'),
(1344, 'HOTELES Y MOTELES - ADMINISTRACION Y FUNCIONAMIENT                                                  ', 'Gray                                                                                                ', 'Ligari                                                                                              ', '1'),
(1345, 'MERCADOTECNIA Y PRODUCTIVIDAD TURISTICA                                                             ', 'Cardenas                                                                                            ', '                                                                                                    ', '1'),
(1346, 'AGENCIAS DE VIAJES Y TRANSPORTACION                                                                 ', 'De la Torre                                                                                         ', '                                                                                                    ', '2'),
(1347, 'FERROCEMENTO                                                                                        ', 'B. K. Paul                                                                                          ', '                                                                                                    ', '1'),
(1348, 'INGENIERIA DE LOS MATERILAES', 'V. B. JOhn', '', '1'),
(1349, 'TABLAS UNIVERSALES TOWERS PARA SELECCION DE TRANSI                                                  ', 'W.Foulsham                                                                                          ', '                                                                                                    ', '1'),
(1350, 'ANALISIS Y DISE?O DE CIRCUITOS CON PC', 'J.M. Miro Sans', '', '1'),
(1351, 'LA PREVENCION DE LOS ACCIDENTES', 'OIT', '', '1'),
(1352, 'ESTRUCTURA Y DINAMICA DE LAS RELACIONES INTERNACIO', 'Pedro Lozano Bartolozzi', '', '1'),
(1353, 'EL VENDEDOR MAS GRANDE DEL MUNDO', 'MANDINO,OG', 'MANDINO,OG', '1'),
(1354, 'UNA AVENTURA MATEMATICA', 'German Gomez', '', '1'),
(1355, 'COMO HACER UNA TESIS?', 'Mercado', '', '1'),
(1356, 'FISICA', 'Alonso, Marcelo', 'Finn, Edward J.', '1'),
(1357, 'EL ALUMINIO: CARACTERISTICAS Y APLICACIONES', 'Jose Maria de la Poza', '', '1'),
(1358, 'AGENCIAS DE VIAJES Y TRASPORTACION                                                                  ', 'De la Torre                                                                                         ', '                                                                                                    ', '2'),
(1359, 'PROMOCION TURISTICA - UN ENFOQUE METODOLOGICO                                                       ', 'Acerenza                                                                                            ', '                                                                                                    ', '3'),
(1360, 'PROMOCION TURISTICA - UN ENFOQUE METODOLOGICO                                                       ', 'Acerenza                                                                                            ', '                                                                                                    ', '3'),
(1361, 'LOS MUNICIPIOS TURISTICOS                                                                           ', 'Boullon                                                                                             ', '                                                                                                    ', '2'),
(1362, 'LOS MUNICIPIOS TURISTICOS                                                                           ', 'Boullon                                                                                             ', '                                                                                                    ', '2'),
(1363, 'ORGANIZACION DE REUNIONES - CONVENSIONES - CONGR                                                    ', 'Buendia                                                                                             ', '                                                                                                    ', '1'),
(1364, 'ORGANIZACION DE REUNIONES - CONVENSIONES - CONGR                                                    ', 'Buendia                                                                                             ', '                                                                                                    ', '1'),
(1365, 'COMERCIALIZACION DEL TURISMO                                                                        ', 'Cardenas                                                                                            ', '                                                                                                    ', '3'),
(1366, 'DISE?O EN INGENIERIA MECANICA                                                                       ', 'Josehp Edward Shigley                                                                               ', '                                                                                                    ', '4'),
(1367, 'INTRODUCCION AL TURISMO                                                                             ', 'Gurria                                                                                              ', '                                                                                                    ', '2'),
(1368, 'ADMINISTRACION DE RIESGOS EN HOTELERIA                                                              ', 'Monta?o                                                                                             ', '                                                                                                    ', '1'),
(1369, 'ADMINISTRACION DE RIESGOS EN HOTELERIA                                                              ', 'Monta?o                                                                                             ', '                                                                                                    ', '1'),
(1370, 'PARAGUAY - INFORMACIONES GENERALES Y TURISTICAS                                                     ', 'Veron                                                                                               ', '                                                                                                    ', '1'),
(1371, 'TEORIA DE LA ARITMETICA', 'Peterson', 'Hashisaki', '8'),
(1372, 'METODOLOGIA Y TECNICAS DE INVESTIGACION EN CIENC', 'Pardinas', '', '34'),
(1373, 'CIENCIAS NATURALES Y TECNOLOGIA 3                                                                   ', 'Maria Gabriela Barderi                                                                              ', 'Francisco Cuniglio                                                                                  ', '1'),
(1374, 'CIENCIAS DE LA NATURALEZA                                                                           ', 'Lic. Cristina Calderoli de Sos                                                                      ', 'Lic. Lilia Piatti                                                                                   ', '1'),
(1375, 'CALCULOO POR COMPUTADORA DE ESTRUCTURAS DE HORMIGO', 'Jose Garcia', '', '1'),
(1376, 'HORNOS INDUSTRIALES DE RESISTENCIA', 'Julio Astigarraga', '', '7'),
(1377, 'PLOMERIA Y CALEFACCION', 'F. Hall', '', '1'),
(1378, 'ELECTRISIDAD ELECTRONICA Y LECTROMAGNETISMO', 'Robert Louis', '', '1'),
(1379, 'EL VIDRIO Y SUS APLICACIONES', 'Jose Maria de la Poza', '', '1'),
(1380, 'TERMODINAMICA TRANSMISION Y CALOR', 'D. H. Bacon', '', '1'),
(1381, 'COOPERACION INTERNACIONAL Y DESARROLLO CIENTIFICO', 'CINDA', '', '1'),
(1382, 'GESTION DOCENTE UNIVERSITARIA: MODELOS COMPARADOS', 'CINDA', '', '1'),
(1383, 'HISTORIA UNIVERSAL', 'Ramiro Martinez', '', '1'),
(1384, 'Elementos para el estudio de la economia de la empresa turistica', 'Manuel Figuerola Palomo', '', ''),
(1385, 'EL LIBRO DE LATEX', 'Bernardo Cascales Salinas', '', '1'),
(1386, 'ECONOMIA', 'SAMUELSON', 'NORDHAUS', '17'),
(1387, 'EL LIBRO DE LATEX', 'Bernardo Cascales Salinas', '', '1'),
(1388, 'DOMINE TURBO PASCAL 6', 'Palmer', '', '1'),
(1389, 'TODO EL MS - DOS 6.22 EN UN SOLO LIBRO', 'Boque', '', '2'),
(1390, 'TODO EL MS - DOS 6.22 EN UN SOLO LIBRO', 'Boque', '', '2'),
(1391, 'TODO EL MS - DOS 6.22 EN UN SOLO LIBRO', 'Boque', '', '2'),
(1392, 'TODO EL MS - DOS 6.22 EN UN SOLO LIBRO', 'Boque', '', '2'),
(1393, 'MANUAL DE SOLUCIONES PARA CALCULUS DE UNA Y VARIAS', 'Saturnino L. Salas', '', '1'),
(1394, 'ARITMETICA Y REPRESENTACION DE LA COMPRENSION DEL', 'Carlos Maza', '', '1'),
(1395, 'ALGEBRA LINEAL', 'Claudio Pita', '', '1'),
(1396, 'METODOLOGIA Y TECNICAS DE INVESTIGACION EN CIENC', 'Pardinas', '', '34'),
(1397, 'LA POESIA Y LA NARRATIVA EN EL PARAGUAY', 'Perez', 'Maricevich', '1'),
(1398, 'POESIA', 'Mongelos', '', '1'),
(1399, 'ANTOLOGIA POETICA', 'Ort?z', '', '1'),
(1400, 'POESIAS COMPLETAS Y OTROS TEXTOS', 'Fari?a', '', '1'),
(1401, 'LOS HOMBRES DE CELINA                                                                               ', 'Hally Mora                                                                                          ', '                                                                                                    ', '1'),
(1402, 'MONTAJE PARA MAQUINADO', 'Francisco Jimenez Caro', 'Marco A. Sanchez', '1'),
(1403, 'HORNOS INDUSTRIALES DE INDUCCION', 'Julio Astigarraga', '', '8'),
(1404, 'HORNOS DE ALTA FRECUENCIA Y MICROONDAS', 'Julio Astigarraga', '', '11'),
(1405, 'AMPLIFICADORES OPERACIONALES EN AUDIO', 'Walter G. Jung', '', '1'),
(1406, 'ELECTRICIDAD 2', 'Luis Iba?ez', 'Juan Antonio Galan', '1'),
(1407, 'ALGEBRA DE BALDOR', 'Aurelio Baldor', '', '1'),
(1408, 'FUNDAMENTOS DE DIBUJO EN INGENIERIA                                                                 ', 'Luzadder                                                                                            ', 'Duff                                                                                                ', '11'),
(1409, 'CALCULO', 'Frank Ayres, JR.', '', '4'),
(1410, 'POESIAS COMPLETAS Y OTROS TEXTOS', 'Campos', '', '1'),
(1411, 'ALGEBRA SUPERIOR', 'Murray R. Spiegel', '', '1'),
(1412, 'ALGEBRA SUPERIOR', 'Murray R. Spiegel', '', '1'),
(1413, 'BREVE ANTOLOGIA DE LA LITERATURA PARAGUAYA', 'Mendez', 'Faith', '1'),
(1414, 'DIALOGOS PROHIBIDOS Y CIRCULARES', 'Ruiz', '', '1'),
(1415, 'HISTORIA UNIVERSAL', 'Puri Ballus', '', '1'),
(1416, 'INTRODUCCION A LA INVESTIGACION DE OPERACIONES', 'Hillier', 'Lieberman', '1'),
(1417, 'POESIAS COMPLETAS', 'Pl?', '', '1'),
(1418, 'INTRODUCCION A LA MINERIA DE DATOS', 'Jose Hernandez Orallo', '', '1'),
(1419, 'ALGEBRA SUPERIOR', 'Murray R. Spiegel', '', '1'),
(1420, 'EL LENGUAJE DE PROGRAMACION C', 'Brian W. Kernighan', '', '2'),
(1421, 'EL LENGUAJE DE PROGRAMACION C', 'Brian W. Kernighan', '', '2'),
(1422, 'REDES DE COMPUTADORAS', 'Andrew S. Tanembaum', '', '4'),
(1423, 'REDES DE COMPUTADORAS', 'Andrew S. Tanenbaum', '', '4'),
(1424, 'ESTADISTICA', 'Murray R. Spiegel', '', '1'),
(1425, 'FISICA CONCEPTOS Y APLICACIONES', 'Tippens, Paul', '', '6'),
(1426, 'CALCULO DIFERENCIAL E INTEGRAL', 'Piskunov', '', '1'),
(1427, 'VAMOS A HACER TEATRO', 'Halley Mora', '', '1'),
(1428, 'ELVIO ROMERO - SUS MEJORES POESIAS                                                                  ', 'Romero                                                                                              ', '                                                                                                    ', '1'),
(1429, 'INTRODUCCION A LA MINERIA DE DATOS                                                                  ', 'Jose Hernandez Orallo                                                                               ', '                                                                                                    ', '1'),
(1430, 'ENCICLOPEDIA DE LA ELECTRONICA INGENIERIA Y TECNIC', 'Charles Belove', '', '1'),
(1431, 'JORNADAS DE JOVENES INVESTIGADORES                                                                  ', 'Gonz?lez Muzio                                                                                      ', '                                                                                                    ', '1'),
(1432, 'ENSAYO SOBRE EL DR. FRANCIA Y LA DICTADURA EN SUDA', 'B?ez', '', '1'),
(1433, 'CARLOS ANTONIO LOPEZ. LA SOBERANIA DEL PARAGUAY', 'El Lector', '', '1'),
(1434, 'EL COMUNISMO DE LAS MISIONES', 'Garay', '', '1'),
(1435, 'EL VALLE Y LA LOMA - CULTURAS DE LA SELVA', 'Dom?nguez', '', '1'),
(1436, 'ENSAYOS SOBRE LA HISTORIA DEL PARAGUAY', 'Moreno', '', '1'),
(1437, 'ETAPAS DE MI VIDA', 'Ma?z', '', '1'),
(1438, 'ETNOGRAFIA DEL CHACO', 'Metraux', '', '1'),
(1439, 'QUIMICA: LA CIENCIA CENTRAL', 'Brown', 'Lemay', '9'),
(1440, 'DONDE LADRON NO LLEGA', 'Hern?ndez', '', '1'),
(1441, 'EL PARAGUAYO (UN HOMBRE FUERA DE SU MUNDO)', 'Vera', '', '1'),
(1442, 'HIJO DE HOMBRE                                                                                      ', 'Roa Bastos                                                                                          ', '                                                                                                    ', '1'),
(1443, 'DELPHI 6.0 IT EDUCACIONAL', 'William Braga', '', '1'),
(1444, 'ORGANIZA?AO DE COMPUTADORES                                                                         ', 'Laercio Vasconcelos                                                                                 ', '                                                                                                    ', '1'),
(1445, 'ARQUITECTURA DE COMPUTADORES: MOTHERBOARDS', '', '', '1'),
(1446, 'INSTALACIONES ELECTRICAS EN LAS EDIFICACIONES', 'Guerrero, Alberto', '', '1'),
(1447, 'ENGENHARIA DA INFORMACAO', 'James Martin', '', '1'),
(1448, 'METODOLOGIA DE LA PROGRAMACION APLICACIONES EN COB', 'EdUARDO Alcalde', 'Miguel Garcia', '1'),
(1449, 'Introducao a Ptogramacao Linear', 'Abelardo de Lima Puccini', '', '1'),
(1450, 'Introduccion al algebra lineal', 'Howard Anton', '', '1'),
(1451, 'LA PAZ DEL CHACO', 'Paiva', '', '1'),
(1452, 'SOLANO LOPEZ - SOLDADO DE LA GLORIA Y EL INFORTUNI', 'Bray', '', '1'),
(1453, 'EL PARAGUAY COLONIAL', 'Cardozo', '', '1'),
(1454, 'HACE TIEMPO... MA?ANA', 'D?az', '', '1'),
(1455, 'ESTUDIOS SOCIALES', 'Irmina C. de Lezcano', 'Angelica R. de Zayas Vallejo', '1'),
(1456, 'LENGUAJE 2', 'Emina Nasser', 'Rolando Natalizia', '1'),
(1457, 'TEATRO ESCOGIDO', 'Pl?', '', '1'),
(1458, 'LOS HUERTAS', 'Casaccia', '', '1'),
(1459, 'INTRODUCCION AL LENGUAJE DE PROGRAMACION C', '', '', '1'),
(1460, 'PROGRAMACION DE SISTEMAS', 'JOHN J.DONOVAN', '', '1'),
(1461, 'GUIA RAPIDA MICROSOFT ACCESS 2', 'Gonzalez Mangas, A.', 'Calle Matamoros, F.', '3'),
(1462, 'EL MERCADER DE ILUSIONES                                                                            ', 'Herken                                                                                              ', '                                                                                                    ', '1'),
(1463, 'CUENTOS - MICROCUENTOS Y ANTICUENTOS', 'Hally Mora', '', '1'),
(1464, 'ANTOLOGIA POETICA', 'Ferreiro', '', '1'),
(1465, 'ACUERDATE QUE TE ESPERO - SELECCION DE POEMAS AMOR', 'Casertelli', '', '1'),
(1466, 'POESIAS Y CUENTOS COMPLETOS', 'Correa', '', '1'),
(1467, 'AMOR DE INVIERNO', 'Halley Mora', '', '1'),
(1468, 'ANTOLOGIA POETICA', 'Appleyard', '', '1'),
(1469, 'HOMBRES Y EPOCAS DEL PARAGUAY - LIBRO PRIMERO                                                       ', 'Bray                                                                                                ', '                                                                                                    ', '1'),
(1470, 'MANUAL GESTION ESTRATEGICA UNIVERSITARIA: PROCESOS', 'CINDA', '', '1'),
(1471, 'PRINCIPIOS DE INTELIGENCIA ARTIFICIAL', 'NILSSON, NILS J.', '', '1'),
(1472, 'CUENTOS COMPLETOS', 'Casaccia', '', '1'),
(1473, 'LA BABOSA', 'Casaccia', '', '1'),
(1474, 'LA LITERATURA ROMANTICA EN EL PARAGUAY', 'Amaral', '', '1'),
(1475, 'APUNTES DE HISTORIA CULTURAL DEL PARAGUAY                                                           ', 'Cardozo                                                                                             ', '                                                                                                    ', '5'),
(1476, 'PRIMA PAR - MANUAL DE LITERATURA HISPANOAMERICANA', '', '', '1'),
(1477, 'PRIMA PAR - MANUAL DE ANIMALES Y PLANTAS                                                            ', '                                                                                                    ', '                                                                                                    ', '1'),
(1478, 'EROSION COSTERA EN EL EMBALSE DE ITAIPU', 'ACHA NAVARRO, JORGE ANIBAL', '', '1'),
(1479, 'NARRACION DE LOS AVA GUARANI DEL DEPARTAMENTO DE K', 'UNIVERSIDAD EVANGELICA DEL', 'PARAGUAY', '1'),
(1480, 'FOLKLORE DEL PARAGUAY', 'Carvalho Neto', '', '1'),
(1481, 'LA REVOLUCION DE LA INDEPENDENCIA -14 y 15 DE MAYO', 'Garay - Ben?tez', '', '1'),
(1482, 'FOLKLORE DEL PARAGUAY', 'Carvalho', '', '1'),
(1483, 'POESIA COMPLETA', 'Dom?nguez', '', '1'),
(1484, 'CONTRA VIDA', 'Roa Bastos', '', '1'),
(1485, 'PRIMA PAR - MANUAL DE LITERATURA HISPANOAMERICANA', 'NELL DALE', '', '1'),
(1486, 'MICROSOFT MS-DOS PASO A PASO', 'CATAPULT', '', '1'),
(1487, 'ECUACIONES DIFERENCIALES                                                                            ', 'Ayres                                                                                               ', '                                                                                                    ', '1'),
(1488, 'PRIMA PAR - MANUAL DE ASTRONOMIA Y GEOLOGIA                                                         ', '                                                                                                    ', '                                                                                                    ', '1'),
(1489, 'PRIMA PAR - MANUAL DE ASTRONOMIA Y GEOLOGIA                                                         ', '                                                                                                    ', '                                                                                                    ', '1'),
(1490, 'PRIMA PAR - MANUAL BASICO DE LAS CIENCIAS NATURALE                                                  ', '                                                                                                    ', '                                                                                                    ', '1'),
(1491, 'PRIMA PAR - MANUAL BASICO DE LAS CIENCIAS NATURALE                                                  ', '                                                                                                    ', '                                                                                                    ', '1'),
(1492, 'PRIMA PAR - MANUAL DE BIOLOGIA Y ECOLOGIA                                                           ', '                                                                                                    ', '                                                                                                    ', '1'),
(1493, 'PRIMA PAR - MANUAL DE BIOLOGIA Y ECOLOGIA                                                           ', '                                                                                                    ', '                                                                                                    ', '1'),
(1494, 'PRIMA PAR - MANUAL DE ESTUDIOS SOCIALES                                                             ', '                                                                                                    ', '                                                                                                    ', '1'),
(1495, 'LG: CD RECORDING SOFTWARE FOR WINDOWS 95/98/2000 A', 'EASY CD CREATOR', '', '1'),
(1496, 'LG: DC-R/W DRIVE', '', '', '1'),
(1497, 'PRIMA PAR - MANUAL DE MATEMATICA', '', '', '1'),
(1498, 'PRIMA PAR - MANUAL DE ESTUDIOS SOCIALES, HISTORIA                                                   ', '                                                                                                    ', '                                                                                                    ', '1'),
(1499, 'INGENIERIA DE LA ENERGIA ELECTRICA - MAQUINAS                                                       ', 'Sobrevila, Marcelo A.                                                                               ', '                                                                                                    ', '1'),
(1500, 'PRIMA PAR - MANUAL DE GRAMATICA Y ORTOGRAFIA', '', '', '1'),
(1501, 'MECANICA VECTORIAL PARA INGENIEROS - DINAMICA                                                       ', 'Beer                                                                                                ', 'Johnston                                                                                            ', '5'),
(1502, 'MECANICA VECTORIAL PARA INGENIEROS - DINAMICA                                                       ', 'Beer                                                                                                ', 'Johnston                                                                                            ', '5'),
(1503, 'GEOGRAFIA ILUSTRADA DEL PARAGUAY                                                                    ', 'Quevedo                                                                                             ', '                                                                                                    ', '1'),
(1504, 'THE LANGUAGE OF TRADE', 'Smita', 'Blakeslee', '1'),
(1505, 'ECONOMIC CONSIDERATIONS', 'Kral', '', '1'),
(1506, 'LA FILOSOFIA A TRAVES DE LOS SIGLOS', 'CHINAGLIA, PEDRO', '', '1'),
(1507, 'CONFIABILIDADE APLICADA A SISTEMAS DE POTENCIA ELE', 'DE B. CAMARGO, C. CELSO', '', '1'),
(1508, 'PRIMA PAR - MANUAL DE GRAMATICA Y ORTOGRAFIA', '', '', '1'),
(1509, 'PRIMA PAR - MANUAL DE ESTUDIOS SOCIALES', '', '', '1'),
(1510, 'MANUAL DE MODELAJE DE DATOS                                                                         ', 'Inform?tica                                                                                         ', '                                                                                                    ', '1'),
(1511, 'EMPRESAS TURISTICAS - GESTION ADMINISTRATIVA', 'Ram?rez', '', '1'),
(1512, 'INTRODUCCION AL ESTUDIO DE LA ECONOMIA', 'Enriquez', '', '4'),
(1513, 'GERMINAL ANTOLOGIA', 'Barret', '', '1'),
(1514, 'INTRODUCCION A LA INVESTIGACION DE OPERACIONES                                                      ', 'Hillier                                                                                             ', 'Lieberman                                                                                           ', '6'),
(1515, 'INTRODUCCION A LA INVESTIGACION DE OPERACIONES                                                      ', 'Hillier                                                                                             ', 'Lieberman                                                                                           ', '6'),
(1516, 'ELECTROTECNIA - FUNDAMENTOS TEORICOS Y PRACTICOS', 'Guerrero - S?nchez', 'Moreno - Ortega', '1'),
(1517, 'QUIMICA ANALITICA CUALITATIVA: INCLUYENDO SEMIMICR', 'VOGEL, ARTHUR J.', '', '1'),
(1518, 'LECCIONES DE QUIMICA ANALITICA CUANTITATIVA', 'ARGUELLO DA SILVA, JACQUELINE', '', '1'),
(1519, 'QUIMICA GENERAL', 'WHITTEN, KENNET - GAILEY, K.', 'DAVIS, RAYMOND E.', '3'),
(1520, 'FISICA                                                                                              ', 'Giancoli                                                                                            ', '                                                                                                    ', '3'),
(1521, 'NOVELL NET WARE 4.1 AL MAXIMO', 'Fajardo', 'Daricz', '1'),
(1522, 'ALGEBRA LINEAL CON APLICACIONES', 'Nicholson W.', '', '4'),
(1523, 'MATEMATICAS ESPECIALES PARA COMPUTACION', '', '', '1'),
(1524, 'TECNICAS DE SIMULACION EN COMPUTADORAS                                                              ', 'Naylor                                                                                              ', '                                                                                                    ', '1'),
(1525, 'METODOLOGIA DE LA INVESTIGACION', 'Sampieri-Collado', 'Baptista', '1'),
(1526, 'COSTOS - CONTABILIDAD, ANALISIS Y CONTROL', 'Corcoran', '', '1'),
(1527, 'INVESTIGACION DE OPERACIONES - INTERPRETACION DE M', 'Namakforoosh', '', '1'),
(1528, 'COMO PROGRAMAR C/C++ Y JAVA', 'Harvey M. Deitel', 'Paul J. Deitel', '1'),
(1529, 'QUIMICA DE LA VIDA C*', 'CENTRO DE ESTUDIO PARAMEDICO', '', '1'),
(1530, 'BRITISH FICTION: A STUDENT?S A TO Z', 'SWATRIDGE, COLIN', '', '1'),
(1531, 'FISICA - FUNDAMENTOS Y APLICACIONES', 'Eisberg', 'Lerner', '1'),
(1532, 'TERMODINAMICA QUIMICA ELEMENTAL', 'MAHAN, BRUCE H.', '', '1'),
(1533, 'MANUAL DE REPARACION Y AFINACION CHEVROLET 1968/79', 'Freeman', 'Rivele', '1'),
(1534, 'BASES DE DATOS', 'Rodr?guez', '', '1'),
(1535, 'BASES DE DATOS', 'Rodr?guez', '', '1'),
(1536, 'BASES DE DATOS', 'Rodr?guez', '', '1'),
(1537, 'BASES DE DATOS', 'Rodr?guez', '', '1'),
(1538, 'EL ARTE EN LAS REDES', 'Juan Antonio Lle?', '', '1'),
(1539, 'REDES LOCALES Y TCP/IP', 'Raya', '', '1'),
(1540, 'CURSO DE MATEMATICAS SUPERIORES PARA INGENIEROS 1', 'Krasnov - Kiseliov', 'Makarenko - Shikin', '1'),
(1541, 'CURSO DE MATEMATICAs SUPERIORES PARA INGENIEROS 2', 'Krasnov - Kiseliov', 'Makarenko - Shikin', '1'),
(1542, 'MANUAL PRACTICO DEL CONTADOR', 'Zaglul', '', '4'),
(1543, 'MANUAL PRACTICO DEL CONTADOR', 'Zaglul', '', '4'),
(1544, 'MANUAL PRACTICO DEL CONTADOR', 'Zaglul', '', '4'),
(1545, 'MANUAL PRACTICO DEL CONTADOR', 'Zaglul', '', '4'),
(1546, 'INTRODUCCION A LA TERMODINAMICA EN INGENIERIA QUIM                                                  ', 'Smith                                                                                               ', 'Van Ness                                                                                            ', '4'),
(1547, 'INTRODUCCION A LA TERMODINAMICA EN INGENIERIA QUIM', 'Smith', 'Van Ness', '4'),
(1548, 'EVALUACI?N Y FORMULACI?N DE PROYECTOS TUR?STICOS', 'Victor Br?tez', '', ''),
(1549, 'SISTEMAS DE INFORMACION, HERRAMIENTAS PRACTICAS PA                                                  ', 'G?mez Vieites                                                                                       ', 'Su?rez Rey                                                                                          ', '1'),
(1550, 'PRINCIPIOS DE ECONOMIA', 'N. Gregory Mankiw', '', '1'),
(1551, 'LAS RELACIONES PUBLICAS', 'Jean Chaumely', 'Denis Huisman', '1'),
(1552, 'INTRODUCCION A LA ANTROPOLOGIA CULTURAL', 'Conrad Phillip Kottak', '', '1'),
(1553, 'COMPILADORES PRINCIPIOS, TECNICAS Y HERRAMIENTAS', 'Alfred  V. Aho', 'Ravi Sethi', '1'),
(1554, 'FISICA 2', 'Halliday - Resnick', 'Krane', '4'),
(1555, 'ROBOTICA', 'John J. Craig', '', '1'),
(1556, 'PRINCIPIOS DE ECONOMIA', 'N. Gregory Mankiw', '', '1'),
(1557, 'INTRODUCCION AL ALGEBRA CONTEMPORANEA', 'Tomber', '', '1'),
(1558, 'MAQUINAS ELECTRICAS Y TRANSFORMADORES                                                               ', 'KOSOW, IRVING L.                                                                                    ', '                                                                                                    ', '2'),
(1559, 'INTRODUCCION A LA INVESTIGACION DE OPERACIONES', 'Hillier', 'Liberman', '1'),
(1560, 'CALCULO NUMERICO FUNDAMENTAL', 'Demidovich', 'Maron', '3'),
(1561, 'FISICA PARA ESTUDIANTES DE CIENCIAS E INGENIERIA', 'Frederick J. Bueche', '', '1'),
(1562, 'INTRODUCCION AL ALGEBRA CONTEMPORANEA', 'Tomber', '', '1'),
(1563, 'INTRODUCCION AL ALGEBRA CONTEMPORANEA', 'Tomber', '', '1'),
(1564, 'FISICA PARA ESTUDIANTES DE CIENCIAS E INGENIERIA', 'Frederick j. Bueche', '', '1'),
(1565, 'DIRECCION DE MARKETING                                                                              ', 'Philip Kotler                                                                                       ', 'Kevin Lane Keller                                                                                   ', '1'),
(1566, 'QUIMICA GENERAL                                                                                     ', 'Whitten - Gailey                                                                                    ', 'Davis                                                                                               ', '3'),
(1567, 'ANALISIS VECTORIAL                                                                                  ', 'Spiegel                                                                                             ', '                                                                                                    ', '1'),
(1568, 'ADMINISTRACCION HOTELERA                                                                            ', 'Francisco de la Torre                                                                               ', '                                                                                                    ', '1'),
(1569, 'DISPOSITIVOS ELETRONICOS E TEORIA DE CIRCUITOS', 'BOYLESTAD', 'NASHELS KY', '1'),
(1570, 'PRINCIPLES OF CHEMISTRY: AN INTRODUCTION TO THEORE', 'ANDER, PAUL', 'SONNESSA, ANTHONY J.', '1'),
(1571, 'VECTORES', 'DE TREVISAN, BLANCA', '', '1'),
(1572, 'ESTRUCTURA DE COMPUTADORES', 'Angulo', '', '1'),
(1573, 'INTRODUCCION A LA ANTROPOLOGIA CULTURAL', 'Conrad Phillip Kottak', '', '1'),
(1574, 'GEOMETRIA ANALITICA', 'Elena de Oteyza de Oteyza', 'Carlos Hern?ndez Garciadiego', '1'),
(1575, 'PSICOLOGIA', 'David G. Myers', '', ''),
(1576, 'QUIMICA ORGANICA FUNDAMENTAL', 'RAKOFF, HENRY', 'ROSE, NORMAN C.', '1'),
(1577, 'CALCULO SUPERIOR', 'murray R. Spiegel', '', '1'),
(1578, 'VARIABLE COMPLEJA Y APLICACIONES', 'James Ward Brown', 'Ruel V. Churchill', '1'),
(1579, 'VARIABLE COMPLEJA Y APLICACIONES', 'James Ward Brown', 'Ruel V.Churchill', '1'),
(1580, 'MATEMATICAS AVANZADAS PARA INGENIERIA 2', 'Kreyszing', '', '6'),
(1581, 'MATEMATICAS AVANZADAS PARA INGENIERIA 1', 'Kreyszing', '', '5'),
(1582, 'MATEMATICAS AVANZADAS PARA INGENIERIA 2', 'Kreyszing', '', '6'),
(1583, 'MATEMATICAS AVANZADAS PARA INGENIERIA 2', 'Kreyszing', '', '6'),
(1584, 'FUNDAMENTOS DE FISICOQUIMICA', 'MARON, SAMUEL H.', 'PRUTTON, CARL F.', '1'),
(1585, 'QUIMICA GENERAL', 'Whitten - Gailey', 'Davis', '3'),
(1586, 'QUIMICA GENERAL', 'Whitten - Gailey', 'Davis', '3'),
(1587, 'QUIMICA GENERAL', 'Whitten - Gailey', 'Davis', '3'),
(1588, 'FISICA UNIVERSITARIA', 'Sears - Zemansky', 'Young', '6'),
(1589, 'METODOLOGIA DE LA INVESTIGACION                                                                     ', 'Hern?ndez - Fern?ndez                                                                               ', 'Baptista                                                                                            ', '1'),
(1590, 'DICCIONARIO DE COMPUTACION BILINGUE', 'Freedman', '', '7'),
(1591, 'EL GRAN LIBRO DE VISUAL BASIC 5                                                                     ', 'Maslo                                                                                               ', '                                                                                                    ', '1'),
(1592, 'DICCIONARIO PORTUGUES - ESPA?OL', 'Fernandes', '', '1'),
(1593, 'CALCULO CON GEMEOTRIA ANALITICA                                                                     ', 'Purcell                                                                                             ', 'Varberg                                                                                             ', '6'),
(1594, 'REVISION CURRICULAR DE LA CARRERA INGENIERIA ELECT                                                  ', 'Ing. Gustavo Gonz?lez Lafuente                                                                      ', 'Ing. Jorge Eduardo Fraire Torr                                                                      ', '1'),
(1595, 'MECANICA DE MATERIALES', 'Gere', 'Timoshenko', '2'),
(1596, 'METODOLOGIA DE LA INVESTIGACION', 'Hern?ndez - Fern?ndez', 'Baptista', '1'),
(1597, 'METODOLOGIA DE LA INVESTIGACION', 'Hern?ndez - Fern?ndez', 'Baptista', '1'),
(1598, 'PROGRAMACION DE APLICACIONES PARA WINDOWS NT', 'Murray', 'Pappas', '1'),
(1599, 'AUTOCAP AVANZADO PARA WINDOWS Y MS - DOS V 13', 'L?pez', 'Tajadura', '1'),
(1600, 'CALCULO CON GEOMETRIA ANALITICA', 'Purcell', 'Varberg', '1'),
(1601, 'ELECTRONICA', 'Malvino', '', '2'),
(1602, 'MAQUINAS ELECTRICAS                                                                                 ', 'Fitzgerald - Kingsley                                                                               ', 'Umans                                                                                               ', '5'),
(1603, 'TEORIA DE LA SOCIEDAD Y PEDAGOGIA', 'Luhmann', '', '1'),
(1604, 'TEORIA DE LA SOCIEDAD Y PEDAGOGIA', 'Luhmann', '', '1'),
(1605, 'CIVILIZACIONES DE OCCIDENTE - SU HISTORIA Y SU CUL                                                  ', 'McNall                                                                                              ', '                                                                                                    ', '15'),
(1606, 'INGLES PARA VIAGENS', 'XIMENES, FERNANDO B.', '', '1'),
(1607, 'INTRODUCCION AL ANALISIS ESTADISTICO', 'Harnett', 'Murphy', '1'),
(1608, 'INTRODUCCION AL ANALISIS ESTADISTICO', 'Harnett', 'Murphy', '1'),
(1609, 'PROBABILIDAD Y ESTADISTICA APLICADAS A LA INGENIER', 'Montgomery', 'Runger', '1'),
(1610, 'INTRODUCCION A LA QUIMICA DE SUPERFICIES Y COLOIDE', 'SHAW, DUNCAN J.', '', '1'),
(1611, 'TEORIA DE LA SOCIEDAD Y PEDAGOGIA', 'Luhmann', '', '1'),
(1612, 'TRATADO DE PEDAGOGIA GENERAL', 'Hubert', '', '1'),
(1613, 'TRATADO DE PEDAGOGIA GENERAL', 'Hubert', '', '1'),
(1614, 'TRATADO DE PEDAGOGIA GENERAL', 'Hubert', '', '1'),
(1615, 'EL FENOMENO ELECTROMAGNETICO', 'Reyes', '', '1'),
(1616, 'DISE?O DE APARATOS ELECTRICOS                                                                       ', 'Kuhlmann                                                                                            ', '                                                                                                    ', '1'),
(1617, 'VISUAL FOX PRO - MANUAL DE PROGRAMACION 3.0 Y 5.0', 'Pinter', 'Pinter', '1'),
(1618, 'WEBSTER S NEW WORLD DICTIONARY', '', '', '1'),
(1619, 'EL FENOMENO ELECTROMAGNETICO', 'Reyes', '', '1'),
(1620, 'FIBER - OPTIC COMMUNICATIONS SYSTEMS', 'Agrawal', '', '1'),
(1621, 'ESTRUCTURAS DE DATOS Y ALGORITMOS', 'Aho - Hopcroft', 'Ullmann', '1'),
(1622, 'MECANICA DE MATERIALES', 'Gere', 'Timoshenko', '2'),
(1623, 'FUNDAMENTOS DE BASES DE DATOS', 'Korth', 'Silberschatz', '2'),
(1624, 'PETER NORTON S - ASSEMBLY LANGUAGE BOOK FOR THE IB', 'Norton', 'Socha', '1'),
(1625, 'ESTRUCTURAS DE DATOS Y ALGORITMOS', 'Aho - Hopcroft', 'Ullman', '1'),
(1626, 'INTRODUCCION AL UNIX SISTEMA V', 'Waite - Prata', 'Martin', '2'),
(1627, 'UNIX', 'Leach', '', '1'),
(1628, 'ADVENCED CONCEPTS IN OPERATING SYSTEMS                                                              ', 'Singhal                                                                                             ', 'Shivaratri                                                                                          ', '1'),
(1629, 'MANUAL DEL EXPORTADOR - TEORIA Y PRACTICA EXPORTAD', 'Moreno', '', '3'),
(1630, 'DICTIONARY AND THESAURUS - COLLINS', '', '', '1'),
(1631, 'CURSO DE MERCADOTECNIA', 'McDaniel', '', '2'),
(1632, 'TRANSFERENCIA DE CALOR                                                                              ', 'Mills                                                                                               ', '                                                                                                    ', '1'),
(1633, 'GEOGRAFIA EN MARKETING                                                                              ', 'Steinhardt                                                                                          ', '                                                                                                    ', '1'),
(1634, 'INGENIERIA Y ADMINISTRACION DE LA PRODUCTIVIDAD                                                     ', 'Sumanth                                                                                             ', '                                                                                                    ', '1'),
(1635, 'MACROECONOMIA', 'Poindester', '', '2'),
(1636, 'PRESUPUESTOS, PLANIFICACION Y CONTROL DE LAS UTILI', 'Welsch', '', '1'),
(1637, 'INTRODUCCION A LA CONTBILIDAD ADMINISTRATIVA', 'Horngren', 'Sundem', '1'),
(1638, 'SISTEMAS DE CONTROL EN TIEMPO DISCRETO                                                              ', 'OGATA, KATSUHIKO                                                                                    ', '                                                                                                    ', '2'),
(1639, 'TECNICAS AVANZADAS PARA LAS BASES DE DATOS', 'Martin', '', '1'),
(1640, 'ANTENNAS FOR RADAR AND COMMUNICATIONS', 'Mott', '', '1'),
(1641, 'ADMINISTRACION DE EMPRESAS PUBLICAS', 'BIP - EIAP - FGV', '', '1'),
(1642, 'REDACCION COMERCIAL ESTRUCTURADA                                                                    ', 'Rojas                                                                                               ', '                                                                                                    ', '3'),
(1643, 'CODIGO DEL MERCOSUR                                                                                 ', 'Dromi                                                                                               ', '                                                                                                    ', '1'),
(1644, 'CODIGO DEL MERCOSUR                                                                                 ', 'Dromi                                                                                               ', '                                                                                                    ', '1'),
(1645, 'CODIGO DEL MERCOSUR                                                                                 ', 'Dromi                                                                                               ', '                                                                                                    ', '1'),
(1646, 'CODIGO DEL MERCOSUR                                                                                 ', 'Dromi                                                                                               ', '                                                                                                    ', '1'),
(1647, 'MASTERING TURBO ASSEMBLER', 'Swan', '', '1'),
(1648, 'ORACLE - MANUAL DE REFERENCIA', 'Koch', '', '1'),
(1649, 'DIFFERENTIAL EQUATIONS', 'Giordano', 'Weir', '1'),
(1650, 'INTRODUCCION A LAS MATEMATICAS UNIVERSITARIAS', 'Eslava', 'Velasco', '1'),
(1651, 'CODIGO DEL MERCOSUR                                                                                 ', 'Dromi                                                                                               ', '                                                                                                    ', '1'),
(1652, 'MARKS - MANUAL DEL INGENIERO MECANICO                                                               ', 'Baumeister                                                                                          ', 'Avallone                                                                                            ', '8'),
(1653, 'MARKS - MANUAL DEL INGENIERO MECANICO                                                               ', 'Baumeister                                                                                          ', 'Avallone                                                                                            ', '8'),
(1654, 'MARKS - MANUAL DEL INGENIERO MECANICO                                                               ', 'Baumeister                                                                                          ', 'Avallone                                                                                            ', '8'),
(1655, 'FISICA - MECANICA, RADIACION Y CALOR. 1                                                             ', 'Feynman - Leighton                                                                                  ', 'Sands                                                                                               ', '1'),
(1656, 'MANUAL DE JAVA                                                                                      ', 'Naughton                                                                                            ', '                                                                                                    ', '1'),
(1657, 'PLANIFICACION Y EVALUACION DEL TURISMO', 'Garc?a', '', '1'),
(1658, 'ENCICLOPEDIA DE TERMINOS DE MICROCOMPUTACION', 'Christie', 'Christie', '1'),
(1659, 'ENCICLOPEDIA DE TERMINOS DE MICROCOMPUTACION', 'Christie', 'Christie', '1'),
(1660, 'ENCICLOPEDIA DE TERMINOS DE MICROCOMPUTACION', 'Crhistie', 'Christie', '1'),
(1661, 'CONTABILIDAD DE COSTOS', 'Polimeni - Fabozzi', 'Adelberg', '3'),
(1662, 'EL RECONOCIMIENTO DE FORMAS MEDIANTE ALGORITMOS                                                     ', 'Simon                                                                                               ', '                                                                                                    ', '1'),
(1663, 'DICCIONARIO GENERAL DE HOTELERIA Y TURISMO', 'Baez Casillas', '', '1'),
(1664, 'EXCURSIONES', 'Gutierrez', '', '1'),
(1665, '1000 DETALLES QUE HAY QUE CUIDAR EN UN HOTEL, UN R                                                  ', 'Biosca                                                                                              ', '                                                                                                    ', '2'),
(1666, 'MANUAL DE COMERCIALIZACION HOTELERA                                                                 ', 'Secretar?a de Turismo                                                                               ', '                                                                                                    ', '1'),
(1667, 'SAGRADA BIBLIA', 'Biblioteca de Autores Cristian', '', '1'),
(1668, 'ALGORITMOS Y ESTRUCTURA DE DATOS', 'Wirth', '', '1'),
(1669, 'FISICA GENERAL', 'Frederick J. Bueche', '', '1'),
(1670, 'REDES PARA TODOS', 'Gibbs', '', '2'),
(1672, 'LISP - GUIA DE REFERENCIA', 'Berbiela', '', '1'),
(1673, 'LISP - GUIA DE REFERENCIA', 'Berbiela', '', '1'),
(1674, 'DICTIONARY OF PHRASAL VERBS', 'Collins', '', '1'),
(1675, 'INSTALACION DE ANTENAS DE TV                                                                        ', 'Berral                                                                                              ', '                                                                                                    ', '1'),
(1676, 'PERSUACION DE MASAS', 'Le?n', '', '1'),
(1677, 'TECNICAS DE MARKETING', 'Torres', 'Cordoba', '1'),
(1678, 'MANUAL DE MARKETING                                                                                 ', 'Stapleton                                                                                           ', '                                                                                                    ', '1'),
(1679, 'MANUAL DE ELECTRICIDAD INDUSTRIAL I', 'Harper', '', '1'),
(1680, 'ANALISIS INTRODUCTORIO DE CIRCUITOS', 'WILLIAMH HAYT JR', 'JACK E. KEMMERLEY', 'QUINTA EDICI?N\r'),
(1681, 'MICROSOFT FOUNDATION CLASS LIBRARY PROGRAMMING', 'Holzner', '', '1'),
(1682, 'INGENIERIA DE CONTROL MODERNA', 'Katsuhiko Ogata', '', 'Cuarta Edici?n'),
(1683, 'ARQUITECTURA DE COMPUTADORES', 'Blanchet', 'Dupouy', '1'),
(1685, 'PROBABILIDAD Y ESTADISTICA - APLICACIONES Y METODO', 'Canavos', '', '1'),
(1686, 'FISICA - MECANICA V.1', 'Alonso', 'Finn', '1'),
(1687, 'FISICA - FUNDAMENTOS CUANTICOS Y ESTADISTICOS V.3', 'Alonso', 'Finn', '1'),
(1688, 'PRINCIPIOS Y OBJETIVOS DEL MARKETING', 'Torres', 'Cordoba', '1'),
(1689, 'POLITICA DE PRECIOS', 'Winkler', '', '1'),
(1690, 'MERCHANDISING', 'Masson', '', '1'),
(1691, 'EL PLAN DEL MARKETING', 'Cohen', '', '1'),
(1692, 'LA INVESTIGACION MOTIVACIONAL EN MARKETING Y PUBLI', 'Soler', '', '1'),
(1693, 'TECNICAS DE PUBLICIDAD', 'Harrison', '', '1'),
(1694, 'FUNDAMENTOS DE DIBUJO EN INGENIERIA                                                                 ', 'Luzadder                                                                                            ', 'Duff                                                                                                ', '11'),
(1695, 'SEMBLANZA DE LA LITERATURA ESTADOUNIDENSE', 'SERVICIO CULTURAL E INFORMATIV', 'O DE LOS ESTADOS UNIDOS', '1'),
(1696, 'METODOLOGIA DE LA PROGRAMACION - APLICACIONES EN C', 'Alcalde', 'Garc?a', '2'),
(1697, 'METODOLOGIA DE LA PROGRAMACION - APLICACIONES EN C', 'Alcalde', 'Garc?a', '2'),
(1698, 'AUTOCAD AVANZADO VERSION 13 PARA WINDOWS Y MS-DOS', 'L?pez, J.', 'Tajadura, J. A,', '1'),
(1699, 'GUIA PRACTICA PARA LA INVESTIGACION Y REDACCION DE', 'Acosta Hoyos', '', '1'),
(1700, 'GUIA PRACTICA PARA LA INVESTIGACION Y REDACCION DE', 'Acosta Hoyos', '', '1'),
(1701, 'SOCIOLOGIA', 'Fichter', '', '1'),
(1702, 'SOCIOLOGIA                                                                                          ', 'Fichter                                                                                             ', '                                                                                                    ', '1'),
(1703, 'METODOLOGIA DE LA PROGRAMACION - APLICACIONES EN C', 'Alcalde', 'Garc?a', '2'),
(1704, 'GUIA PRACTICA PARA LA INVESTIGACION Y REDACCION DE', 'Acosta Hoyos', '', '1'),
(1705, 'MECANICA DE LOS FLUIDOS', 'Streeter', 'Wylie', '8'),
(1706, 'METODOLOGIA DE LA PROGRAMACION - APLICACIONES EN C', 'Alcalde', 'Garc?a', '2'),
(1707, 'METODOS NUMERICOS', 'Volkov', '', '1'),
(1708, 'MECANICA PARA INGENIEROS - ESTATICA Y DINAMICA                                                      ', 'McLean                                                                                              ', 'Nelson                                                                                              ', '3'),
(1709, 'REDES DE NEURONAS ARTIFICIALES UN ENFOQUE PRACTICO', 'Pedro Isasi Vi?uela', '', '1'),
(1710, 'INTRODUCCION A LA TEORIA GENERAL DE SISTEMAS', 'Johansen', '', '1'),
(1711, 'DISE?O Y ESTRUCTURAS DE ACERO                                                                       ', 'Rokach                                                                                              ', '                                                                                                    ', '1');
INSERT INTO `bibliografia` (`id`, `titulo`, `autor1`, `autor2`, `volumen`) VALUES
(1712, 'ELEMENTOS DE RESISTENCIA DE MATERIALES', 'Timoshenko', 'Young', '1'),
(1713, 'ANALISIS Y DISE?O DE SISTEMAS DE INFORMACION', 'Whitten - Bentley', 'Barlow', '3'),
(1714, 'MECANICA PARA INGENIEROS - ESTATICA Y DINAMICA                                                      ', 'McLean                                                                                              ', 'Nelson                                                                                              ', '3'),
(1715, 'WINDOWS NT', 'Wyatt', '', '1'),
(1716, 'ALGEBRA', 'De Oteyza - Hern?ndez', 'Lam', '1'),
(1717, 'FUNDAMENTOS DE FISICA', 'Blatt', '', '1'),
(1718, 'QUIMICA LA CIENCIA CENTRAL', 'Brown', 'Lemay', '9'),
(1719, 'JUST IN TIME - IMPLEMENTA?AO DE NOVAS ESTRATEGIAS                                                   ', 'Hay                                                                                                 ', '                                                                                                    ', '1'),
(1720, 'DIBUJO TECNICO                                                                                      ', 'Gutierrez - Izquierdo                                                                               ', 'Navarro - Placencia                                                                                 ', '1'),
(1721, 'DIBUJO TECNICO                                                                                      ', 'Gutierrez - Izquierdo                                                                               ', 'Navarro - Placencia                                                                                 ', '1'),
(1722, 'VENTAS Y MERCADOTECNIA PARA EL PROFESIONAL DEL TUR                                                  ', 'Foster                                                                                              ', '                                                                                                    ', '1'),
(1723, 'VENTAS Y MERCADOTECNIA PARA EL PROFESIONAL DEL TUR                                                  ', 'Foster                                                                                              ', '                                                                                                    ', '1'),
(1724, 'ANALISIS INTRODUCTORIO DE CIRCUITOS', 'Boylestad, Robert L.', '', '1'),
(1725, 'MUNDO FOLKLORICO PARAGUAYO - REALIDADES Y LEYENDAS', 'Cardozo', '', '1'),
(1726, 'ORACLE - DATABASE DEVELOPER S GUIDE', 'Rodgers', '', '1'),
(1727, 'ELECTRONICA - TEORIA DE CIRCUTOS', 'Boylestad', 'Nashelsky', '5'),
(1728, 'INTELIGENCIA ARTIFICIAL', 'Rich', 'Knight', '1'),
(1729, 'MAQUINAS ELECTRICAS', 'Fitzgerald - Kingsley', 'Umans', '6'),
(1730, 'ANALOG & DIGITAL SIGNAL PROCESSING', 'Baher', '', '1'),
(1731, 'VENTAS Y MERCADOTECNIA PARA EL PROFESIONAL DEL TUR', 'Foster', '', '1'),
(1732, 'FISICA - VOLUMEN 1', 'HALLIDAY - RESNICK', 'KRANE', '4'),
(1733, 'FISICA - VOLUMEN 2', 'HALLIDAY - RESNICK', 'KRANE', '4'),
(1734, 'CAMPOS ELECTROMAGNETICOS', 'Buckley', '', '1'),
(1735, 'CONTROL DE CALIDAD                                                                                  ', 'Dale Besterfield                                                                                    ', '                                                                                                    ', '4'),
(1736, 'CONTROL DE CALIDAD                                                                                  ', 'Dale Besterfield                                                                                    ', '                                                                                                    ', '4'),
(1737, 'MAESTROS Y TEXTOS', 'Apple', '', '1'),
(1738, 'APLICACION DE SIMULACION EN EL CONTROL DE TRAFICO                                                   ', 'Lorena Franco                                                                                       ', '                                                                                                    ', '1'),
(1739, 'APLICACION DE SIMULACION EN EL CONTROL DE TRAFICO                                                   ', 'Lorena Franco                                                                                       ', '                                                                                                    ', '1'),
(1740, 'ALGEBRA ELEMENTAL - ESTRUCTURAS Y APLICACIONES', 'Barnett', 'Nolasco', '2'),
(1741, 'ORGANIZACION Y DISE?O DE COMPUTADORES - LA INTERFA', 'Patterson', 'Hennessy', '1'),
(1742, 'ALGEBRA ELEMENTAL - ESTRUCTURAS Y APLICACIONES', 'Barnett', 'Nolasco', '2'),
(1743, 'ALGEBRA ELEMENTAL - ESTRUCTURAS Y APLICACIONES', 'Barnett', 'Nolasco', '2'),
(1744, 'ESTADISTICA', 'Garzo', 'Garc?a', '1'),
(1745, 'ESTADISTICA', 'Garzo', 'Garc?a', '1'),
(1746, 'ESTADISTICA', 'Garzo', 'Garc?a', '1'),
(1747, 'PROBABILIDAD Y APLICACIONES ESTADISTICAS', 'Meyer', '', '1'),
(1748, 'MAESTROS Y TEXTOS', 'Apple', '', '1'),
(1749, 'MAESTROS Y TEXTOS', 'Apple', '', '1'),
(1750, 'MAESTROS Y TEXTOS', 'Apple', '', '1'),
(1751, 'TEST ELECTROTECNIA - FUNDAMENTOS DE CIRCUITOS', 'Humet - Alabern', 'Garc?a', '1'),
(1752, 'CONTABILIDAD BASICA', 'Fowler', '', '1'),
(1753, 'CONTABILIDAD BASICA', 'Fowler', '', '1'),
(1754, 'CONTABILIDAD BASICA                                                                                 ', 'Fowler                                                                                              ', '                                                                                                    ', '1'),
(1755, 'INVESTIGACION DE MERCADOS - GUIA MAESTRA PARA EL P', 'Pope', '', '1'),
(1756, 'APLICACION DE SIMULACION EN EL CONTROL DE TRAFICO                                                   ', 'Lorena Franco                                                                                       ', '                                                                                                    ', '1'),
(1757, 'IMPLEMENTACION PARALELA DEL ALGORITMO DE ORTOGONAL                                                  ', 'Maria del Carmen Galeano Medin                                                                      ', '                                                                                                    ', '1'),
(1758, 'INFORMATICA EN TURISMO', 'Andaluz', 'Hernandez', '1'),
(1759, 'DOMINE AUTOCAD 13 PARA WINDOWS Y DOS', 'Cogollor', '', '1'),
(1760, 'CONTROLE AUTOMATICO DE PROCESOS                                                                     ', 'Mollenkamp                                                                                          ', '                                                                                                    ', '1'),
(1761, 'COMUNICACION - ESTUDIO DEL LENGUAJE', 'Fuentes', '', '3'),
(1762, 'COMUNICACION - ESTUDIO DEL LENGUAJE', 'Fuentes', '', '3'),
(1763, 'PLATERO HA CHE', 'Sanabria', '', '1'),
(1764, 'PLATERO HA CHE', 'Sanabria', '', '1'),
(1765, 'PLATERO HA CHE', 'Sanabria', '', '1'),
(1766, 'GUARANI MBOHAPYHA - LECCIONES DE GUARANI', 'Moliniers', '', '1'),
(1767, 'GUARANI MBOHAPYHA - LECCIONES DE GUARANI', 'Moliniers', '', '1'),
(1768, 'GUARANI MBOHAPYHA - LECCIONES DE GUARANI', 'Moliniers', '', '1'),
(1769, 'GUARANI MBOHAPYHA - LECCIONES DE GUARANI', 'Moliniers', '', '1'),
(1770, 'HOMBRES Y EPOCAS DEL PARAGUAY - LIBRO SEGUNDO                                                       ', 'Bray                                                                                                ', '                                                                                                    ', '1'),
(1771, 'COMUNICACION ORAL Y ESCRITA', 'Mart?nez - S?nchez', 'Artecona - Salomoni', '1'),
(1772, '\"MODELOS APLICADOS AL PLANEAMIENTO DE LA OPERACION', 'Luis Carmelo Ramirez Vergara', NULL, '1'),
(1773, 'LAS CIEN MEJORES POESIAS EN GUARANI', 'Encina', 'Tatajyva', '2'),
(1774, 'CIVILIZACIONES DE OCCIDENTE - SU HISTORIA Y SU CUL', 'McNall', '', '14'),
(1775, 'CIVILIZACIONES DE OCCIDENTE - SU HISTORIA Y SU CUL', 'McNall', '', '14'),
(1776, 'CIVILIZACIONES DE OCCIDENTE - SU HISTORIA Y SU CUL', 'McNall', '', '15'),
(1777, 'CIVILIZACIONES DE OCCIDENTE - SU HISTORIA Y SU CUL', 'McNall', '', '15'),
(1778, 'CIVILIZACIONES DE OCCIDENTE - SU HISTORIA Y SU CUL', 'McNall', '', '14'),
(1779, 'GEOMETRIA ANALITICA', 'Oteyza', 'Osnaya - Gomez - Ortega', '1'),
(1780, 'CALCULO', 'Stewart', '', '1'),
(1781, 'INTRODUCCION A LA INVESTIGACION DE OPERACIONES                                                      ', 'Hillier                                                                                             ', 'Lieberman                                                                                           ', '1'),
(1782, 'COMUNICACION ORAL Y ESCRITA                                                                         ', 'Mart?nez - S?nchez                                                                                  ', 'Artecona - Salomoni                                                                                 ', '1'),
(1783, 'INTRODUCCION A LA SOCIOLOGIA', 'Horton', 'Horton', '1'),
(1784, 'IMPLEMENTACION PARALELA DEL ALGORITMO DE ORTOGONAL                                                  ', 'Maria del Carmen Galeano Medin                                                                      ', '                                                                                                    ', '1'),
(1785, 'IMPLEMENTACION PARALELA DEL ALGORITMO DE ORTOGONAL                                                  ', 'Maria del Carmen Galeano Medin                                                                      ', '                                                                                                    ', '1'),
(1786, 'FOLKLORE DEL PARAGUAY', 'Carvalho', '', '1'),
(1787, 'MUNDO FOLKLORICO PARAGUAYO - PARAGUAY FOLKLORICO', 'Cardozo', '', '1'),
(1788, 'MUNDO FOLKLORICO PARAGUAYO - REALIDADES Y LEYENDAS', 'Cardozo', '', '1'),
(1789, 'MUNDO FOLKLORICO PARAGUAYO - DE LA TRADICION ORAL', 'Cardozo', '', '1'),
(1790, 'MUNDO FOLKLORICO PARAGUAYO - PARAGUAY FOLKLORICO', 'Cardozo', '', '1'),
(1791, 'COMO HACER UNA TESIS?', 'Mercado', '', '2'),
(1792, 'COMUNICACION ORAL Y ESCRITA', 'Mart?nez - S?nchez', 'Artecona - Salomoni', '1'),
(1793, 'HISTORIA UNIVERSAL', 'Puri Ballus', '', '1'),
(1794, 'TRANSFORMADAS DE LAPLACE', 'Spiegel', '', '1'),
(1795, 'CULTURA GUARANI                                                                                     ', 'Gonz?lez                                                                                            ', '                                                                                                    ', '1'),
(1796, 'INSTALACIONES ELECTRICAS                                                                            ', 'Krato                                                                                               ', '                                                                                                    ', '1'),
(1797, 'INSTALACIONES ELECTRICAS                                                                            ', 'Krato                                                                                               ', '                                                                                                    ', '1'),
(1798, 'DIBUJO BASICO EN ELECTROTECNIA                                                                      ', 'Ubrig - Dehmlow                                                                                     ', 'Kiel                                                                                                ', '1'),
(1799, 'DIBUJO BASICO EN ELECTROTECNIA                                                                      ', 'Ubrig - Dehmlow                                                                                     ', 'Kiel                                                                                                ', '1'),
(1800, 'DIBUJO BASICO EN ELECTROTECNIA                                                                      ', 'Ubrig - Dehmlow                                                                                     ', 'Kiel                                                                                                ', '1'),
(1801, 'INSTALACIONES ELECTRICAS', 'Krato', '', '1'),
(1804, 'REDES DE COMPUTADORAS', 'Andrew S. Tanembaum', '', '4'),
(1805, 'RESISTENCIA DE MATERIALES', 'D?az', 'Zapata', '1'),
(1806, 'RESISTENCIA DE MATERIALES', 'D?az', 'Zapata', '1'),
(1807, 'METODOLOGIA FORMAL DE LA INVESTIGACION CIENTIFICA', 'Tamayo y Tamayo', '', '2'),
(1808, 'METODOLOGIA FORMAL DE LA INVESTIGACION CIENTIFICA', 'Tamayo y Tamayo', '', '2'),
(1809, 'METODOLOGIA FORMAL DE LA INVESTIGACION CIENTIFICA', 'Tamayo y Tamayo', '', '2'),
(1810, 'RESISTENCIA DE MATERIALES', 'D?az', 'Zapata', '1'),
(1811, 'RESISTENCIA DE MATERIALES', 'D?az', 'Zapata', '1'),
(1815, 'ESTRATEGIAS DE ENSE?ANZA - GUIA PARA UNA MEJOR INS', 'Cooper', '', '1'),
(1816, 'ESTRATEGIAS DE ENSE?ANZA - GUIA PARA UNA MEJOR INS                                                  ', 'Cooper                                                                                              ', '                                                                                                    ', '1'),
(1817, 'ESTRATEGIAS DE ENSE?ANZA - GUIA PARA UNA MEJOR INS', 'Cooper', '', '1'),
(1818, 'DINAMICA DE GRUPOS', 'Andueza', '', '1'),
(1819, 'DINAMICA DE GRUPOS', 'Andueza', '', '1'),
(1820, 'DINAMICA DE GRUPOS                                                                                  ', 'Andueza                                                                                             ', '                                                                                                    ', '1'),
(1821, 'ESTRUCTURAS DE DATOS - ALGORITMOS PARA SISTEMAS DE', 'Magidin', '', '1'),
(1822, 'DINAMICA DE GRUPOS', 'Andueza', '', '1'),
(1823, 'ESTRUCTURAS DE DATOS - ALGORITMOS PARA SISTEMAS DE', 'Magidin', '', '1'),
(1824, 'COSTOS - CONTABILIDAD, ANALISIS Y CONTROL', 'Corcoran', '', '1'),
(1825, 'COSTOS - CONTABILIDAD, ANALISIS Y CONTROL', 'Corcoran', '', '1'),
(1826, 'COSTOS - CONTABILIDAD, ANALISIS Y CONTROL', 'Corcoran', '', '1'),
(1827, 'INTRODUCCION A LOS SISTEMAS OPERATIVOS                                                              ', 'ALCALDE                                                                                             ', 'MORERA                                                                                              ', '1'),
(1828, 'EL PROCESO DE LA INVESTIGACION CIENTIFICA', 'Tamayo y Tamayo', '', '3'),
(1829, 'EL PROCESO DE LA INVESTIGACION CIENTIFICA                                                           ', 'Tamayo y Tamayo                                                                                     ', '                                                                                                    ', '3'),
(1830, 'ORIGEN Y EVOLUCION  DE LA CONTABILIDAD', 'Gertz', '', '1'),
(1831, 'ORIGEN Y EVOLUCION DE LA CONTABILIDAD', 'Gertz', '', '1'),
(1832, 'ORIGEN Y EVOLUCION DE LA CONTABILIDAD', 'Gertz', '', '1'),
(1833, 'FUNDAMENTOS DE BASES DE DATOS', 'Korth', 'Silberschatz', '1'),
(1834, 'INTRODUCCION A LA SOCIOLOGIA', 'Berger', '', '3'),
(1835, 'INTRODUCCION A LA SOCIOLOGIA', 'Berger', '', '3'),
(1836, 'INTRODUCCION A LA SOCIOLOGIA', 'Berger', '', '3'),
(1837, 'PRINCIPIOS GENERALES DE ECONOMIA - SU APLICACION E', 'Hoyle', 'Whitehead', '1'),
(1838, 'INGLES IDIOMATICO I                                                                                 ', 'LonG                                                                                                ', 'Buckwald                                                                                            ', '1'),
(1839, 'INGLES IDIOMATICO I                                                                                 ', 'Long                                                                                                ', 'Buckwald                                                                                            ', '1'),
(1840, 'INGLES IDIOMATICO II                                                                                ', 'Long                                                                                                ', 'Buckwald                                                                                            ', '1'),
(1841, 'INGLES IDIOMATICO III                                                                               ', 'Long                                                                                                ', 'Buckwald                                                                                            ', '1'),
(1842, 'CALCULO NUMERICO: ASPECTOS TEORICOS E COMPUTACIONA', 'GOMES RUGGIERO, MARCIA', 'DA ROCHA LOPES, VERA LUCIA', '1'),
(1843, 'SISTEMA DE ARTICULOS                                                                                ', 'Mirna Martinez R.                                                                                   ', '                                                                                                    ', '1'),
(1844, 'ECONOMIA', 'Cristian Larroulet', 'Francisco Moch?n', 'Segunda Edicion'),
(1845, 'INGLES IDIOMATICO II', 'Long', 'Buckwald', '1'),
(1846, 'PLANIFICACION Y EVALUACION DEL TURISMO', 'Garc?a', '', '1'),
(1847, 'PLANIFICACION Y EVALUACION DEL TURISMO', 'Garc?a', '', '1'),
(1848, 'PLANIFICACION Y EVALUACION DEL TURISMO', 'Garc?a', '', '1'),
(1849, 'PLANIFICACION Y EVALUACION DEL TURISMO                                                              ', 'Garc?a                                                                                              ', '                                                                                                    ', '1'),
(1850, 'PLANIFICACION Y EVALUACION DEL TURISMO                                                              ', 'Garc?a                                                                                              ', '                                                                                                    ', '1'),
(1851, 'NUEVO MANUAL DE DIDACTICA DE LAS CIENCIAS HISTORIC', 'Arredon - Palencia', 'Pico', '1'),
(1852, 'NUEVO MANUAL DE DIDACTICA DE LAS CIENCIAS HISTORIC                                                  ', 'Arredon - Palencia                                                                                  ', 'Pico                                                                                                ', '1'),
(1853, 'PROTECAO DE SISTEMAS AEREOS DE DISTRIBUICAO', 'ELECTROBRAS', '', '1'),
(1854, 'Algebra Lineal y Geometria Cartesiana', 'Juan de Burgos', '', 'Tercera Edici?n'),
(1855, 'INTRODUCCION A LA COMPUTACION - A TARVEZ DEL LENGU', 'Viso', '', '1'),
(1856, 'INTRODUCCION A LA COMPUTACION - A TRAVEZ DEL LENGU', 'Viso', '', '1'),
(1857, 'INTRODUCCION A LA COMPUTACION - A TRAVEZ DEL LENGU', 'Viso', '', '1'),
(1858, 'ELEMENTOS DE CALCULO DIFERENCIAL E INTEG', 'Sadosky', 'Guber', '22? Edicci?n'),
(1859, 'NUEVO MANUAL DE DIDACTICA DE LAS CIENCIAS HISTORIC', 'Arredon - Palencia', 'Pico', '1'),
(1860, 'GEOMETRIA PLANA Y TRIGONOMETRIA', 'Baldor', '', '1'),
(1861, 'DIRECCION DE MERCADOTECNIA - ANALISIS, PLANEACION', 'Kotler', '', '1'),
(1862, 'TEORIA DE LA PROBABILIDAD', 'Ivan Obregon Sanin', '', '1'),
(1863, 'SISTEMA DE CONTROL CONTABLE                                                                         ', 'Gustavo Garay Lezcano                                                                               ', '                                                                                                    ', '1'),
(1864, 'CALCULO DIFERENCIAL E INTEGRAL (AYR)', 'Edwin J. Purcell', 'Dale varberg', 'Sexta Edici?n'),
(1865, 'METODOLOGIA DE LA PROGRAMACION', 'RODRIGUEZ, M. ANGEL', '', '1'),
(1866, 'SISTEMAS DE BASE DE DATOS - ADMINISTRACION Y USO', 'Tsai', '', '1'),
(1867, 'ADMINISTRACION - UNA PERSPECTIVA GLOBAL', 'Koontz', 'Weihrich', '1'),
(1868, 'INGENIERIA DEL SOFTWARE - UN ENFOQUE PRACTICO', 'Pressman', '', '4'),
(1869, 'PROGRAMACION EN QUICKBASIC 4.0/4.5', 'Joyanes', '', '1'),
(1870, 'SISTEMAS EXPERTOS Y MODELOS DE REDES PRO', 'Enrique castillo', 'Jose Gutierrez', ''),
(1871, 'SISTEMAS OPERATIVOS - DISE?O E IMPLEMENTACION', 'Tanenbaum', '', '1'),
(1872, 'ARITMETICA - TEORICO PRACTICO', 'Baldor', '', '1'),
(1873, 'ALGEBRA', 'Baldor', '', '1'),
(1874, 'MACROECONOMIA', 'Dornbush', 'Fischer', '4'),
(1875, 'INTRODUCCION A LA ECONOMIA - ENFOQUE LATINOAMERICA', 'Paschoal Rossetti', '', '7'),
(1876, 'MERCADOTECNIA', 'Kotler', '', '3'),
(1877, 'MARKETING TOTAL', 'Braidot', '', '3'),
(1878, 'LA FERIA AMBULANTE DE LA FISICA', 'Walker', '', '1'),
(1879, 'FISICA - CAMPOS Y ONDAS', 'Alonso', 'Finn', '1'),
(1880, 'COMO HACER UNA TESIS?', 'Mercado', '', '2'),
(1881, 'COMO HACER UNA TESIS?', 'Mercado', '', '2'),
(1882, 'ANALISIS VECTORIAL (SPIE)', 'Murray R. Spiegel', '', 'Primera Edici?n'),
(1883, 'INGENIERIA DEL SOFTWARE - UN ENFOQUE PRACTICO                                                       ', 'Pressman                                                                                            ', '                                                                                                    ', '4'),
(1884, 'INGENIERIA DEL SOFTWARE - UN ENFOQUE PRACTICO                                                       ', 'Pressman                                                                                            ', '                                                                                                    ', '4'),
(1885, 'COMO HACER UNA TESIS?', 'Mercado', '', '2'),
(1886, 'ECONOMIA                                                                                            ', 'Larroulet                                                                                           ', 'Moch?n                                                                                              ', '1'),
(1887, 'ECONOMIA                                                                                            ', 'Larroulet                                                                                           ', 'Moch?n                                                                                              ', '1'),
(1888, 'C?digo Civil Paraguayo Comentado', 'Miguel Angel Pangrazio', '', 'Quinta Edici?n'),
(1889, 'C?LCULO CONCEPTOS Y CONTEXTOS', 'James Stewart', '', 'tercera edici?n'),
(1890, 'DICCIONARIO DE INFORMATICA INGLES - ESPA?OL', 'Olivetti', '', '13'),
(1891, 'UTILIZANDO FOX PRO 2                                                                                ', 'Slater - Arnott                                                                                     ', 'Jacobsen - Gotthelf                                                                                 ', '1'),
(1892, 'COMO USAR FOX PRO 2                                                                                 ', 'Siegel                                                                                              ', '                                                                                                    ', '1'),
(1893, 'UTILIZANDO FOX PRO 2                                                                                ', 'Slater - Arnott                                                                                     ', 'Jacobsen - Gotthelf                                                                                 ', '1'),
(1894, 'UTILIZANDO FOX PRO 2                                                                                ', 'Slater - Arnott                                                                                     ', 'Jacobsen - Gotthelf                                                                                 ', '1'),
(1895, 'SICOLOGIA GENERAL', 'Gianninoto', 'Fern?ndez', '1'),
(1896, 'C?digo Civil Paraguayo Comentado', 'Miguel Angel Pangrazio', '', 'Segunda Edici?n'),
(1897, 'La Civilizaci?n Guarani', 'Moises S. Bertoni', '', '1927'),
(1898, 'ROBOTICS AGE IN THE BEGINING', '', '', '1'),
(1899, 'DIGITAL CONTROL OF DYNAMIC SYSTEMS                                                                  ', '                                                                                                    ', '                                                                                                    ', '1'),
(1900, 'STOCHASTIC PROCESSES AND FILTERING THEORY', '', '', '1'),
(1901, 'COMPUTATION OF THE DISCRETE FOURIER TRANSFORM                                                       ', '                                                                                                    ', '                                                                                                    ', '1'),
(1902, 'DESING CALCULATIONS', '', '', '1'),
(1903, 'LATTICE RPG III COMPILER USER S MANUAL', '', '', '1'),
(1904, 'COMPUTER - CONTROLLED SYSTEMS                                                                       ', '                                                                                                    ', '                                                                                                    ', '1'),
(1905, 'MATRICES                                                                                            ', 'Trevisan                                                                                            ', '                                                                                                    ', '1'),
(1906, 'CORTE DE CONTROL                                                                                    ', '                                                                                                    ', '                                                                                                    ', '1'),
(1907, 'CLARION. DATABASE DEVELOPER                                                                         ', '                                                                                                    ', '                                                                                                    ', '1'),
(1908, 'CLARION. PROFESSIONAL DEVELOPER - ANNOTATED EXAMPL                                                  ', '                                                                                                    ', '                                                                                                    ', '1'),
(1909, 'CLUSTER DE ALTA DISPONIBILIDAD Y ALTO DESEMPE?O PA                                                  ', 'Osvaldo Miguel Gonzalez                                                                             ', '                                                                                                    ', '1'),
(1910, 'C?digo Civil Paraguayo Comentado', 'Miguel Angel Pangrazio', '', 'Segunda Edici?n'),
(1911, 'CLARION. PROFESSIONAL DEVELOPER - UTILITIES GUIDE                                                   ', '                                                                                                    ', '                                                                                                    ', '1'),
(1912, 'INTRODUCTION TO PHISYCAL SYSTEM MODELLING                                                           ', 'Wellestead                                                                                          ', '                                                                                                    ', '1'),
(1913, 'UNIT 14. VTAM. DEFINITION CONCEPTS                                                                  ', '                                                                                                    ', '                                                                                                    ', '1'),
(1914, 'INTRODUCTION TO OPEN SYSTEMS INTERCONNEC/IBM G3729                                                  ', '                                                                                                    ', '                                                                                                    ', '1'),
(1915, 'LATICE RPG II COMPILER USER S MANUAL', '', '', '1'),
(1916, 'ALGORITMOS E ESTRUCTURA DE DADOS', 'Maura', 'Castilho', '1'),
(1917, 'ANALISE ESTRUCTURADA MODERNA', 'Conde', 'Ximenes', '1'),
(1918, 'PROGRAMACION EN C', '', '', '1'),
(1919, 'O PROCESO DE ANALISE III', '', '', '1'),
(1920, 'TURBO C REFERENCE GUIDE', 'Borland', '', '1'),
(1921, 'TURBO C USER S GUIDE', 'Borland', '', '1'),
(1922, 'INSTALACIONES ELECTRICAS DE BAJA TENSION', 'Narciso Moreno Alfonso.', 'Ramon Cano Gonzalez.', '1'),
(1923, 'IBM SISTEMA/3 SUBSET COBOL AND MANUAL', '', '', '1'),
(1924, 'INTRODUCCION A LOS SISTEMAS DE INFORMACION', '', '', '1'),
(1925, 'INTELIGENCIA ARTIFICIAL                                                                             ', '                                                                                                    ', '                                                                                                    ', '1'),
(1926, 'CURSO DE MODELAGEM DE DADOS', 'ITAIPU', '', '1'),
(1927, 'CORTE DE CONTROL                                                                                    ', 'Trevisan                                                                                            ', '                                                                                                    ', '1'),
(1928, 'LOGICA GENERAL', 'Trevisan', '', '1'),
(1929, 'LOGICA GENERAL', 'Trevisan', '', '1'),
(1930, 'CURSO DE ANALISE DE SISTEMA', '', '', '1'),
(1931, 'CURSO DE ANALISE DE SISTEMA', '', '', '1'),
(1932, 'LENGUAJE DE PROGRAMACION COBOL                                                                      ', 'Vignau                                                                                              ', '                                                                                                    ', '1'),
(1933, 'DISE?O DE PROGRAMACION EN COBOL                                                                     ', 'Rodriguez                                                                                           ', '                                                                                                    ', '1'),
(1934, 'CLUSTER DE ALTA DISPONIBILIDAD Y ALTO DESEMPE?O PA                                                  ', 'Osvaldo Miguel Gonzalez Prieto                                                                      ', '                                                                                                    ', '1'),
(1935, 'IMPLEMENTACION DE UN SISTEMA WORKFLOW INTEGRADO A                                                   ', 'Grabiela Teresita Lugo Vazquez                                                                      ', 'Pablo Benjamin Villasanti                                                                           ', '1'),
(1936, 'IMPLEMENTACION DE UN SISTEMA WORKFLOW INTEGRADO A                                                   ', 'Gabriela Teresita Lugo Vazquez                                                                      ', 'Pablo Benjamin Villasanti                                                                           ', '1'),
(1937, 'IMPLEMENTACION DE UN SISTEMA WORKFLOW INTEGRADO A                                                   ', 'Gabriela Teresita Lugo Vazquez                                                                      ', 'Pablo Benjamin Villasanti                                                                           ', '1'),
(1938, 'Derecho Civil', 'Francisco Centurion', '', '2008'),
(1939, 'C?digo Civil Paraguayo Comentado', 'Miguel Angel Pangrazio', '', 'Segunda Edici?n'),
(1940, 'LINEAR SYSTEM TEORY AND DESING                                                                      ', '                                                                                                    ', '                                                                                                    ', '1'),
(1941, 'CONJUNTOS CE23-CE35-CE34 - TRABAJOS TECNICOS                                                        ', '                                                                                                    ', '                                                                                                    ', '1'),
(1942, 'PROTECCION DE EQUIPOS ELECTRICOS Y ELECTRONICOS', '', '', '1'),
(1943, 'PROTECCION DE EQUIPOS ELECTRICOS Y ELECTRONICOS', '', '', '1'),
(1944, 'QUIMICA GENERAL                                                                                     ', 'Brady                                                                                               ', 'Humiston                                                                                            ', '1'),
(1945, 'QUIMICA GENERAL', 'Brady', 'Humiston', '1'),
(1946, 'CORROSAO', 'Gentil', '', '1'),
(1947, 'CORROSAO', 'Gentil', '', '1'),
(1948, 'TEGNOLOGIA DE TRATAMENTO DE AGUA', 'Dos Santos', '', '1'),
(1949, 'TECNOLOGIA DE TRATAMENTO DE AGUA', 'Dos Santos', '', '1'),
(1950, 'ELECTROMAGNETISMO                                                                                   ', 'Hayt                                                                                                ', '                                                                                                    ', '1'),
(1951, 'LOS 7 HABITOS DE LA GENTE ALTAMENTE EFECTIVA', 'S. r. Covey.', '', '1'),
(1952, 'Derecho Civil', 'Francisco Centurion', '', '2007'),
(1953, 'REGLAMENTO GENERAL TECNICO DE SEGURIDAD, HIGIENE Y                                                  ', '                                                                                                    ', '                                                                                                    ', '1'),
(1954, 'ENGENHARIA DA INFORMA?AO - TECNICAS E ABORDAGENS', 'Martin', 'Finkelstein', '1'),
(1955, 'ENGENHARIA DA INFORMA?AO - TECNICAS E ABORDAGENS', 'Martin', 'Finkelstein', '1'),
(1956, 'SOCIOLOGIA', 'Shepard - Taylor', 'Southard', '1'),
(1957, 'SOCIOLOGIA', 'Shepard - Taylor', 'Southard', '1'),
(1958, 'PRINCIPIOS GENERALES DE ECONOMIA - SU APLICACION E', 'Hoyle', 'Whitehead', '1'),
(1959, 'DISPOSITIVOS ELECTRONICOS', 'Floyd', '', '3'),
(1960, 'DISPOSITIVOS ELECTRONICOS', 'Floyd', '', '3'),
(1961, 'DISPOSITIVOS ELECTRONICOS', 'Floyd', '', '3'),
(1962, 'DISPOSITIVOS ELECTRONICOS', 'Floyd', '', '3'),
(1963, 'C?digo Civil Paraguayo Comentado', 'Miguel Angel Pangrazio', '', 'Segunda edicion'),
(1964, 'Derecho Civil', 'Francisco Centuri?n', '', '2007'),
(1965, 'ALGEBRA INTERMEDIA', 'Angel, Allen R.', '', '4'),
(1966, 'FUNDAMENTOS DE BASES DE DATOS', 'Korth', 'Silberschatz', '1'),
(1967, 'ALGEBRA ELEMENTAL', 'Angel, Allen R.', '', '4'),
(1968, 'SISTEMAS OPERATIVOS MODERNOS', 'Tannenbaum', '', '1'),
(1969, 'CALCULUS', 'APOSTOL', '', '2'),
(1970, 'COMO USAR FOXPRO 2.5                                                                                ', 'Siegel                                                                                              ', '                                                                                                    ', '1'),
(1971, 'CONVERSION DE ENERGIA ELECTROMECANICA', 'Gourishankar', '', '1'),
(1972, 'PRACTICAS FUNDAMENTALES DE ELECTRICIDAD Y ELECTRON', 'Zbar', 'Sloop', '1'),
(1973, 'INGENIERIA DE LA ENERGIA ELECTRICA - MEDIDAS', 'Sobrevila', '', '1'),
(1974, 'INSTRUMENTACION ELECTRONICA MODERNA Y TECNICAS DE', 'Cooper', 'Helfrick', '1'),
(1975, 'HIGH - PERFORMANCE COMPUTER ARCHITECTURE                                                            ', 'Stone                                                                                               ', '                                                                                                    ', '1'),
(1976, 'IMPLEMENTACION DE UN SISTEMA WORKFLOW INTEGRADO A                                                   ', 'Gabriela Teresita Lugo Vazquez                                                                      ', 'Pablo Benjamin Villasanti                                                                           ', '1'),
(1977, 'CIRCUITOS ELECTRICOS', 'EDMINISTER, JOSEPH A.', '', '3'),
(1978, 'INGENIERIA DE LA ENERGIA ELECTRICA - MAQUINAS', 'Sobrevila', '', '1'),
(1979, 'COMO USAR FOXPRO 2.5', 'Siegel', '', '1'),
(1980, 'COMO USAR FOXPRO 2.5', 'Siegel', '', '1'),
(1981, 'COMO USAR FOXPRO 2.5', 'Siegel', '', '1'),
(1982, 'CALCULO DIFERENCIAL E INTEGRAL', 'AYRES, FRANK', 'MENDELSON, ELLIOT', '3'),
(1983, 'OVERVIEW                                                                                            ', '                                                                                                    ', '                                                                                                    ', '1'),
(1984, 'MEMORY', '', '', '1'),
(1985, 'VIRTUAL MEMORY', '', '', '1'),
(1986, 'Derecho Civil', 'Francisco Centuri?n', '', '2007'),
(1987, 'Seguridad Informatica', 'Jesus Costas Santos', '', ''),
(1988, 'TECNICAS DE ESTUDIO PARA ENSE?ANZAS MEDIAS Y DE UN', 'Salas Parrilla', '', '1'),
(1989, 'TEORIA DAS LINHAS DE TRANSMISSAO I', 'Hedman', '', '1'),
(1990, 'THE FINITE ELEMENT METHOD FOR ENGENEERS', 'Huebner', '', '1'),
(1991, 'ECUACIONES DIFERENCIALES', 'Richard Bronson', 'Gabriel Costa', 'Terecera Edicion'),
(1992, 'VIBRA?OES MECANICAS PARA ENGENHEIROS                                                                ', 'Marcio Tadeu de Almeida                                                                             ', '                                                                                                    ', '1'),
(1993, 'ELECTROMAGNETISMO E OPTICA', 'WATAGHIN', '', '1'),
(1994, 'TRANSMISSAO DE ENERGIA ELETRICA', 'CAMARGO', '', '1'),
(1995, 'DICCIONARIO DE REFRANES', 'CAMPOS', 'BARELLA', '1'),
(1996, 'Derecho Civil', 'Francisco Centurion', '', '2007'),
(1997, 'TREINAMENTO EN LINGUAGEM C', 'Victorine Viviane Mizrahi', '', '1'),
(1998, 'LINGUAGEM C PROGRAMACAO E APLICACOES', 'Maximilian Emil Hehl', '', '1'),
(1999, 'REDES DE COMPUTADORES', 'Tanenbaum', '', '1'),
(2000, 'ANALISIS VECTORIAL', 'Hsu', '', '1'),
(2001, 'FISICA DO ESTADO SOLIDO', 'Cerqueira', 'Britto', '1'),
(2002, 'LLANEROS SOLITARIOS-HACKERS, LA GUERRILLA INFORMAT', 'ROBERTI', 'BONSEMBIANTE', '1'),
(2003, 'MANUAL DEL ELECTROTECNICO I', 'Moeller', '', '1'),
(2004, 'MANUAL DEL ELECTROTECNICO II', 'Moeller', '', '1'),
(2005, 'CIRCUITOS ELECTRICOS                                                                                ', 'Edminister                                                                                          ', '                                                                                                    ', '1'),
(2006, 'ANALISIS INTRODUCTORIO DE CIRCUITOS                                                                 ', 'Boylestad                                                                                           ', '                                                                                                    ', '3'),
(2007, 'OUTRA REUNIAO?', 'da Silveira Neto', '', '3'),
(2008, 'Derecho Civil', 'Francisco Centurion', '', '2007'),
(2009, 'MATEMATICAS SUPERIORES PARA INGENIEROS Y CIENTIFIC', 'Spiegel', '', '1'),
(2010, 'LA CASA VERDE', 'Vargas Llosa', '', '1'),
(2011, 'FUNDAMENTOS DA ELECTROTECNIA', 'Kassatkin', '', '1'),
(2012, 'ALTO PARANA... SU EDUCACION, SU REALIDAD Y SU PROY', 'TONA MENDOZA ALFONXO', '', '1'),
(2013, 'ALTO PARANA... SU EDUCACION, SU REALIDAD Y SU PROY', 'TONA MENDOZA ALFONOZO', '', '1'),
(2014, 'INTERNET PARA LEIGOS', 'Levine', 'Baroudi', '2'),
(2015, 'WINDOWS 95 REFERENCIA VISUAL', 'Watson', '', '1'),
(2016, 'AUTOCAD - GUIA DO USUARIO - VERSION 9.10.11', 'Hood', '', '1'),
(2017, 'ALGORITMOS                                                                                          ', 'DIRCEU DOUGLAS SALVETTI                                                                             ', 'LISBETE MADSEN BARBOSA                                                                              ', '1'),
(2018, 'dBASE III PLUS. INTERATIVO', 'JOAO ALEXANDRE MAGRI', '', '4'),
(2019, 'WORD 6 PARA WINDOWS PASO A PASO', 'CATAPULT', '', '1'),
(2020, 'WINDOWS 3', 'Schieb', '', '1'),
(2021, 'VENTURA - COMPLETO E TOTAL - VERSION 2', 'HOLT', 'BIRMELE', '1'),
(2022, 'MATEMATICAS ESPECIALES PARA COMPUTACION', 'Jose L. Garc?a V.', '', '1'),
(2023, 'INTRODUCAO A PROTECAO DOS SISTEMAS ELETR', 'AMADEU C. CAMINHA', '', '7'),
(2024, 'ENGENHARIA DA INFORMACAO', 'Jose A. Cipoli', '', '1'),
(2025, 'MANUAL DE EQUIPAMENTOS ELETRICOS', 'Joao Mamede Filho', '', '1'),
(2026, 'EJERCITARIO DE ALGORITMICA                                                                          ', 'Lic. V?ctor Br?tez                                                                                  ', '                                                                                                    ', '1'),
(2027, 'EJERCITARIO DE ALGORITMICA                                                                          ', 'Lic. V?ctor Br?tez                                                                                  ', '                                                                                                    ', '1'),
(2028, 'CALCULUS - VOLUMEN 2', 'APOSTOL, TOM M.', '', '2'),
(2029, 'MANUAL DE EQUIPAMENTOS ELETRICOS', 'Joao Mamede Filho', '', '1'),
(2030, 'EJERCITARIO DE ALGORITMICA', 'Lic. V?ctor Br?tez', '', '1'),
(2031, 'METODOLOGIA DE LA PROGRAMACION                                                                      ', 'RODRIGUEZ                                                                                           ', '                                                                                                    ', '1'),
(2032, 'RESE?A DE LA HISTORIA DE LOS ESTADOS UNIDOS                                                         ', 'GRAY                                                                                                ', 'OLSON                                                                                               ', '1'),
(2033, 'PLANO MUNICIPAL DE EDUCA?AO TURISTICA                                                               ', 'SALETE MOCELIN                                                                                      ', '                                                                                                    ', '1'),
(2034, 'BIOTA: CATALOGO DE VERTEBRADOS DEL AREA DE ITAIPU                                                   ', 'ITAIPU                                                                                              ', '                                                                                                    ', '1'),
(2035, 'BIOTA: CATALOGO DE VERTEBRADOS DEL AREA DE ITAIPU                                                   ', 'ITAIPU                                                                                              ', '                                                                                                    ', '1'),
(2036, 'EL DESAFIO MUNDIAL', 'JEAN - JACQUES', 'SERVAN - SCHREIBER', '1'),
(2037, 'ANALISIS Y DISE?O DE SISTEMAS DE INFORMACION', 'SENN', '', '2'),
(2038, 'ANALISIS Y DISE?O DE SISTEMAS DE INFORMACION', 'SENN', '', '2'),
(2039, 'ANALISIS Y DISE?O DE SISTEMAS DE INFORMACION', 'SENN', '', '2'),
(2040, 'ANALISIS Y DISE?O DE SISTEMAS DE INFORMACION', 'SENN', '', '2'),
(2041, 'MATEMATICAS PARA COMPUTACION', 'Lipschutz', '', '1'),
(2042, 'ARQUITECTURA DE COMPUTADORAS', 'MORRIS MANO', '', '3'),
(2043, 'CONTABILIDAD SUPERIOR', 'FOWLER NEWTON', '', '1'),
(2044, 'INTRODUCCION A LOS CALCULOS EN INGENIERIA QUIMICA', 'Alberto J. Moya L?pez', 'FRANCISCO Ep?nola Lozano', '1'),
(2045, 'INTRODUCCION AL ESTUDIO DE LA ECONOMIA', 'Efrain enrriquez Gam?n', '', 'septima edicion'),
(2046, 'ANALISIS Y DISE?O DE SISTEMAS', 'KENDALL Y KENDALL', '', '3'),
(2047, 'ARQUITECTURA DE COMPUTADORAS', 'MORRIS MANO', '', '3'),
(2048, 'ANALISIS Y DISE?O DE SISTEMAS', 'KENDALL Y KENDALL', '', '3'),
(2049, 'ANALISIS Y DISE?O DE SISTEMAS', 'KENDALL Y KENDALL', '', '3'),
(2050, 'FISICA GENERAL', 'Frederick J. Bueche', 'Eugene Hetch', '10? Edicion'),
(2051, 'ANALISIS Y DISE?O DE SISTEMAS', 'KENDALL Y KENDALL', '', '3'),
(2052, 'CONTABILIDAD SUPERIOR', 'FOWLER NEWTON', '', '1'),
(2053, 'CONTABILIDAD BASICA                                                                                 ', 'FOWLER NEWTON                                                                                       ', '                                                                                                    ', '1'),
(2054, 'CUESTIONES CONTABLES', 'FOWLER NEWTON', '', '1'),
(2055, 'CUESTIONES FUNDAMENTALES DE AUDITORIA', 'FOWLER NEWTON', '', '1'),
(2056, 'AUDITORIA APLICADA', 'FOWLER NEWTON', '', '1'),
(2057, 'AUDITORIA APLICADA', 'FOWLER NEWTON', '', '1'),
(2058, 'HABLEMOS INGLES', 'ROMEISER - BRUNO', 'RICE', '1'),
(2059, 'HABLEMOS INGLES                                                                                     ', 'ROMEISER - BRUNO                                                                                    ', 'RICE                                                                                                ', '1'),
(2060, 'HABLEMOS INGLES', 'ROMEISER - BRUNO', 'RICE', '1'),
(2061, 'LEY DE COULOMB', 'Francis W.Sears', 'Marr W.Zemansky', '1'),
(2062, 'ADMINISTRACION: UN ENFOQUE BASADO EN COMPETENCIAS', 'Hellriegel, Don', 'Jackson, Susan - Slocum, John', '10'),
(2063, 'ALGEBRA LINEAL', 'Juan de Burgos Roman', '', '1'),
(2064, 'Inteligencia Artificial un Enfoque Moderno', 'Stuart Russell', 'Peter Norvig', 'Segunda Edici?n'),
(2065, 'HABLEMOS INGLES', 'ROMEISER - BRUNO', 'RICE', '1'),
(2066, 'HABLEMOS INGLES                                                                                     ', 'ROMEISER - BRUNO                                                                                    ', 'RICE                                                                                                ', '1'),
(2067, 'INTRODUCCION A LA CIENCIA JURIDICA', 'FRESCURA Y CANDIA', '', '2'),
(2068, 'ADMINISTRACION', 'Stoner, Freeman', 'Gilbert Jr.', '6'),
(2069, 'INTRODUCCION A LA CIENCIA JURIDICA', 'FRESCURA Y CANDIA', '', '2'),
(2070, 'INTRODUCCION AL DERECHO', 'MOUCHET', 'ZORRAQUIN', '10'),
(2071, 'FUNDAMENTOS DE COMPILADORES', 'LEMONE', '', '1'),
(2072, 'ESTATICA DE FLUIDOS', 'Francis W. Sears', 'Mark W Zemansky', '1'),
(2073, 'ADMINISTRACION: UN ENFOQUE BASADO EN COMPETENCIAS', 'Hellriegel, Don', 'Jackson, Susan - Slocum, John', '10'),
(2074, 'INGENIERIA DE CONTROL MODERNA', 'Katsuhiko Ogata', '', '2'),
(2075, 'LA GUIA DE SCHEMER', 'FERGUSON', '', '1'),
(2076, 'CURSO DE REDACCION', 'Vivaldi', '', '26'),
(2078, 'CALCULO', 'BOYCE', 'DI PRIMA', '1'),
(2079, 'QUIMICA ORGANICA', 'McMurry, John', '', '6'),
(2080, 'QUIMICA', 'Chang, Raymond', 'College, Williams', '7'),
(2081, 'LEY NRO. 1084 - QUE REGULA EL PROCEDIMIENTO PARA E', '', '', '1'),
(2082, 'VIII ENCUENTRO REGIONAL LATINOAMERICANO DE LA CIGR                                                  ', '                                                                                                    ', '                                                                                                    ', '1'),
(2083, 'VIII ENCUENTRO REGIONAL LATINOAMERICANO DE LA CIGR                                                  ', '                                                                                                    ', '                                                                                                    ', '1'),
(2084, 'VIII ENCUENTRO REGIONAL LATINOAMERICANO DE LA CIGR                                                  ', '                                                                                                    ', '                                                                                                    ', '1'),
(2085, 'VIII ENCUENTRO REGIONAL LATINOAMERICANO DE LA CIGR                                                  ', '                                                                                                    ', '                                                                                                    ', '1'),
(2086, 'VIII ENCUENTRO REGIONAL LATINOAMERICANO DE LA CIGR                                                  ', '                                                                                                    ', '                                                                                                    ', '1'),
(2087, 'SIATEMAS OPERACIONAIS', 'Romulo Silva de Oliveira', 'Alexandre da Silva Cerissimi', '2'),
(2088, 'MAQUINAS ELECTRICAS Y TRANSFORMADORES                                                               ', 'Guru                                                                                                ', 'Hiziroglu                                                                                           ', '3'),
(2089, 'Codigo Aduanero Comentado con su Reglamentaci?n', 'Jos? De Jes?s Caceres Farias', '', 'Segunda Edici?n'),
(2090, 'SOCIOLOGIA', 'Fichter', '', '1'),
(2091, 'INTRODUCCION A LA INDUSTRIA DE LA HOSPITALIDAD                                                      ', 'FOSTER                                                                                              ', '                                                                                                    ', '1'),
(2092, 'ADMINISTRACION MODERNA DE HOTELES Y MOTELES                                                         ', 'LATTIN                                                                                              ', '                                                                                                    ', '1');
INSERT INTO `bibliografia` (`id`, `titulo`, `autor1`, `autor2`, `volumen`) VALUES
(2093, 'ADMINISTRACION HOTELERA                                                                             ', 'FRANCISCO DE LA TORRE                                                                               ', '                                                                                                    ', '1'),
(2094, 'CURSO DE SERVICIOS HOTELEROS - TECNICAS Y ORGANIZA                                                  ', 'JAVIER CERRA                                                                                        ', '                                                                                                    ', '1'),
(2095, 'UML Y Patrones Una Introduccion al Analisis y Dise?o orientado a objetos y al proceso unificado', 'Craig Larman', '', 'Segunda'),
(2096, 'Administracion de Sistemas Gestores de Base de Datos', 'Ivan Lopez Montalban', 'M? Jesus Castellano Perez', ''),
(2097, 'Organizacion y Arquitectura de Computadores', 'William Stallings', '', 'Septima'),
(2098, 'CURSO DE SERVICIOS HOTELEROS - TECNICAS Y ORGANIZA                                                  ', 'JAVIER CERRA                                                                                        ', '                                                                                                    ', '1'),
(2099, 'CURSO DE SERVICIOS HOTELEROS - TECNICAS Y ORGANIZA                                                  ', 'JAVIER CERRA                                                                                        ', '                                                                                                    ', '1'),
(2100, 'CURSO DE SERVICIOS HOTELEROS - GASTRONOMIA ESPA?OL                                                  ', 'JAVIER CERRA                                                                                        ', '                                                                                                    ', '1'),
(2101, 'CURSO DE SERVICIOS HOTELEROS - GASTRONOMIA INTERNA                                                  ', 'JAVIER CERRA                                                                                        ', '                                                                                                    ', '1'),
(2102, 'LA UNE ENFRENTANDO TIEMPOS DE CAMBIOS Y DESAFIOS P                                                  ', 'ING. LUIS A. CADOGAN                                                                                ', '                                                                                                    ', '1'),
(2103, 'HISTORIA DE LA CIVILIZACION', 'SARTHOU', 'MOURIE', '1'),
(2104, 'RELIABILITY EVALUATION OF POWER SYSTEMS                                                             ', 'Billinton, Roy                                                                                      ', 'Allan, Ronald N.                                                                                    ', '1'),
(2105, 'ANALISIS DE CIRCUITOS EN INGENIERIA                                                                 ', 'HAYT                                                                                                ', 'KEMMERLY                                                                                            ', '5'),
(2106, 'CONTROL DE CALIDAD                                                                                  ', 'Gonz?lez, Carlos                                                                                    ', '                                                                                                    ', '1'),
(2107, 'CONTROL DE CALIDAD                                                                                  ', 'Gonz?lez, Carlos                                                                                    ', '                                                                                                    ', '1'),
(2108, 'CONTROL DE CALIDAD                                                                                  ', 'Gonz?lez, Carlos                                                                                    ', '                                                                                                    ', '1'),
(2109, 'MAQUINAS ELECTRICAS                                                                                 ', 'Chapman, Stephen                                                                                    ', '                                                                                                    ', '3'),
(2110, 'Resistencia de los Materiales', 'Roberrt L Mott', '', 'Quinta'),
(2111, 'Ingenieria del Software Un Enfoque desde la Guia SWEBOK', 'Salvador Sanchez', 'Miguel angel Sicilia', 'Primera'),
(2112, 'Orientacion a Objetos Teoria y Practica', 'Grady Booch', 'Dario Cardacci', 'Primera'),
(2113, 'Administracion Avanzada de Sistemas Informaticos', 'Julio Gomez Lopez', 'Francisco Gil Montoya', 'Primera'),
(2114, 'RESISTENCIA DE MATERIALES', 'Ort?z Berrocal, Luis', '', '2'),
(2115, 'QUIMICA GENERAL', 'WHITTEN - DAVIS', 'PECK', '5'),
(2116, 'HISTORIA DE LA CIVILIZACION', 'SARTHOU', 'MOURIE', '1'),
(2117, 'PROBABILIDAD Y ESTADISTICA', 'SPIEGEL', '', '1'),
(2118, 'BASES DE DATOS', 'Ivan Lopez Montalban', 'M? Jesus Castellano Perez', ''),
(2119, 'ANALISIS Y DISE?O DE SISTEMAS (KEN)', 'Kenneth Kendall', 'Julie Kendall', 'Octava'),
(2120, 'Auditoria de Seguridad Informatica', 'Alvaro Gomez Vieites', '', 'Primera'),
(2121, 'GEOMETRIA ANALITICA', 'FULLER', 'TARWATER', '7'),
(2122, 'RESISTENCIA DE MATERIALES', 'Ort?z Berrocal, Luis', '', '2'),
(2123, 'Arquitectura de Computadoras', 'Patricia Quiroga', '', ''),
(2124, 'Seguridad en Equipos Informaticos', 'Alvaro Gomez Vieites', '', 'Primera'),
(2125, 'CALCULO CON GEOMETRIA ANALITICA', 'PROTTER', 'MORREY', '3'),
(2126, 'METODOS NUMERICOS CON MATLAB', 'John H. Mathews', 'Kurtis D. Fink', 'Tercera Edici?n'),
(2127, 'ALGEBRA LINEAL', 'Lipschutz', '', '2'),
(2128, 'QUIMICA GENERAL', 'WHITTEN - DAVIS', 'PECK', '5'),
(2129, 'ALGEBRA LINEAL                                                                                      ', 'GROSSMAN                                                                                            ', '                                                                                                    ', '5'),
(2130, 'MANUAL DE INSTRUMENTOS DE MEDIDAS ELETRONICAS', 'RUIZ VASSALLO', '', '1'),
(2131, 'FORNECIMENTO DE ENERGIA ELETRICA EM TENSAO SECUNDA', '', '', '1'),
(2132, 'MANUAL TECNICO DE DIAGNOSTICO DE DEFEITOS EM TELEV', 'DIEFENBACH', '', '1'),
(2133, 'MANUTEN?AO E REPARO DE TV A CORES', 'DIEFENBACH', '', '1'),
(2134, 'FUNDAMENTOS DE LA TEORIA ELECTROMAGNETICA', 'REITZ', 'MILFORD', '3'),
(2135, 'INTRODUCCION A LAS COMPUTADORAS Y AL PROCESAMIENTO                                                  ', 'LONG                                                                                                ', '                                                                                                    ', '2'),
(2136, 'PASCAL III                                                                                          ', 'CONSORCIO NTS                                                                                       ', '                                                                                                    ', '1'),
(2137, 'TERMODINAMICA TOMO I                                                                                ', 'Cengel, Yunus                                                                                       ', 'Boles, Michael A.                                                                                   ', '2'),
(2138, 'MECANICA VECTORIAL PARA INGENIEROS-DINAM', 'Ferdinand P. Beer', 'E. Russell Johnston', 'Novena edicion'),
(2139, 'IMPLANTACI?N DE LOS ELEMENTOS DE LA RED LOCAL', 'Francisco Milinas Robles', '', 'Primera'),
(2140, 'Logica y Matematicas Discretas en la Informatica', 'Jaime Alejandro BohorquezbVillamizar', '', 'Primera'),
(2141, 'PERITAJE JUDICIAL INFORM?TICO', 'Susana Noemi Tomasi', '', '1?'),
(2142, 'CLEI 99 - MEMORIAS', 'CLEI', '', '1'),
(2143, 'CLEI 99 - MEMORIAS', 'CLEI', '', '1'),
(2144, 'FISICA', 'ALONSO', 'FINN', '1'),
(2145, 'ALGEBRA SUPERIOR', 'Spiegel, Murray', '', '1'),
(2146, 'MAQUINAS ELECTRICAS Y TRANSFORMADORES                                                               ', 'Kosow                                                                                               ', '                                                                                                    ', '2'),
(2147, 'PASCAL III                                                                                          ', 'CONSORCIO NTS                                                                                       ', '                                                                                                    ', '1'),
(2148, 'PASCAL III                                                                                          ', '                                                                                                    ', '                                                                                                    ', '1'),
(2149, 'PASCAL III                                                                                          ', 'CONSORCIO NTS                                                                                       ', '                                                                                                    ', '1'),
(2150, 'PASCAL III                                                                                          ', 'CONSORCIO NTS                                                                                       ', '                                                                                                    ', '1'),
(2151, 'PASCAL III                                                                                          ', 'CONSORCIO NTS                                                                                       ', '                                                                                                    ', '1'),
(2152, 'PASCAL III                                                                                          ', 'CONSORCIO NTS                                                                                       ', '                                                                                                    ', '1'),
(2153, 'PASCAL III                                                                                          ', 'CONSORCIO NTS                                                                                       ', '                                                                                                    ', '1'),
(2154, 'SISTEMA CMS DE ADMINISTRACION DE INSTALACIONES                                                      ', '                                                                                                    ', '                                                                                                    ', '1'),
(2155, 'SISTEMA CMS DE ADMINISTRACION DE INSTALACIONES                                                      ', '                                                                                                    ', '                                                                                                    ', '1'),
(2156, 'SISTEMA CMS DE ADMINISTRACION DE INSTALACIONES                                                      ', '                                                                                                    ', '                                                                                                    ', '1'),
(2157, 'SISTEMA CMS DE ADMINISTRACION DE INSTALACIONES                                                      ', '                                                                                                    ', '                                                                                                    ', '1'),
(2158, 'COMPUTER - COMMUNICATION NETWORK DESING AND ANALYS', 'SCHWARTZ', '', '1'),
(2159, 'PROGRAMACION EN C', 'WAITE - PRATA', 'MARTIN', '1'),
(2160, 'PROCESSAMENTO DE DADOS', 'CARUSO', 'ALMEIDA', '1'),
(2161, 'INTRODUCTION TO PACE FOR DATA PROCESSING PROFESSIO', '', '', '1'),
(2162, 'PROGRAMMING Z80', 'ZAKS', '', '1'),
(2163, 'A.P.O. ESTABLECIMIENTO DE OBJETIVOS E O PROCESSO A                                                  ', 'GIEGOLD                                                                                             ', '                                                                                                    ', '1'),
(2164, 'METODOLOGIA CIENTIFICA', 'ROJAS', '', '1'),
(2165, 'EDUCACION VINCULA AL TRABAJO', 'ALMADA', 'CACERES', '1'),
(2166, 'COMUNICACION DE DATOS PARA PROGRAMADORES', 'PURSER', '', '1'),
(2167, 'COMUNICACIONES Y REDES DE PROCESAMIENTO DE DATOS', 'GONZALEZ', '', '1'),
(2168, 'TERMODINAMICA TOMO II                                                                               ', 'Cengel, Yunus                                                                                       ', 'Boles, Michael A.                                                                                   ', '2'),
(2169, 'PROTECCION DE INSTALACIONES ELECTRICAS INDUSTRIALE', 'HARPER', '', '2'),
(2170, 'CIRCUITOS LOGICOS Y CONVERSION DE A/D Y D/A', 'Williams, Arthur B.', '', '1'),
(2171, 'CIRCUITOS LOGICOS Y CONVERSION DE A/D Y D/A', 'Williams, Arthur B.', '', '1'),
(2172, 'MECANICA VECTORIAL PARA INGENIEROS-ESTAT', 'Ferdinand P. Beer', 'E. Russell Johnston Jr.', 'Novena Edicci?n'),
(2173, 'INTRODUCCION AL ESTUDIO DE LA ECONOMIA', 'Enriquez', '', '4'),
(2174, 'MECANICA DE FLUIDOS Y MAQUINAS HIDRAULICAS', 'Mataix, Claudio', '', '2'),
(2175, 'CALCULO CON GEOMETRIA ANALITICA VOL. I', 'Larson - Hostetler', 'Edwards', '8'),
(2176, 'DATOS SOBRE COREA', '', '', '1'),
(2177, 'CIRCUITOS LOGICOS Y CONVERSION DE A/D Y D/A', 'Williams, Arthur B.', '', '1'),
(2178, 'MECANICA DE FLUIDOS Y MAQUINAS HIDRAULICAS', 'Mataix, Claudio', '', '2'),
(2179, 'GEOMETRIA ANALITICA', 'Lehmann, Charles H.', '', '1'),
(2180, 'ALGEBRA SUPERIOR', 'Spiegel, Murray', '', '1'),
(2181, 'PRINCIPIOS DE CONTABILIDAD', 'INSTITUTO MEXICANO DE CONTADOR', 'ES PUBLICOS', '11'),
(2182, 'CODIGO CIVIL PARAGUAYO Y LEYES COMPLEMENTARIAS', '', '', '1'),
(2183, 'CODIGO LABORAL DE LA REPUBLICA DEL PARAGUAY', 'PLANO', '', '1'),
(2184, 'MANUAL DEL COMERCIANTE - LEYES Y DISPOSICIONES LEG', 'PLANO - AYALA', 'PORTILLO', '1'),
(2185, 'CONTABILIDAD - TEORIA Y PRACTICA', 'KESTER', '', '1'),
(2186, 'CONTABILIDAD - TEORIA Y PRACTICA', 'KESTER', '', '1'),
(2187, 'CONTABILIDAD - TEORIA Y PRACTICA', 'KESTER', '', '1'),
(2188, 'CONTABILIDAD 1', 'AGUAYO', '', '7'),
(2189, 'LEON CADOGAN - EXTRANJERO, CAMPESINO Y CIENTIFICO', 'LEON CADOGAN', '', '2'),
(2190, 'TUPA KUCHUVI VEVE - UN PROFETA EN EL FIRMAMENTO GU', 'LEON CADOGAN', '', '1'),
(2191, 'MATLAB - OPTIMIZATION TOOLBOX', 'THE MHAT WORKS INC', '', '1'),
(2192, 'MATLAB - HIGH PERFORMANCE NUMERIC COMPUTATION AND', 'THE MATH WORKS INC', '', '1'),
(2193, 'TEST DE INTELIGENCIA PARA ADULTOS', 'WAIS', 'WECHESLER', '1'),
(2194, 'RELIABILITY EVALUATION OF POWER SYSTEMS                                                             ', 'Billinton, Roy                                                                                      ', 'Allan, Ronald N.                                                                                    ', '1'),
(2195, 'MANUAL PARA LA DIDACTICA UNIVERSITARIA: UNA ESTRAT', 'Neuser, Heinz', '', '1'),
(2196, 'CUANDO CESEN EL DIA Y LA NOCHE', 'Bennet, Ram?n', '', '1'),
(2197, 'LITERATURA 4', 'Salazar - Ort?z de Coronel', 'Barreto de Ram?rez', '1'),
(2198, 'LITERATURA 5: LENGUA Y LITERATURA', 'Ort?z de Coronel', 'Barreto de Ram?rez', '9'),
(2199, 'ENGLISH FOR THE  VESTIBULAR ', 'F.BOWEN EVANS', '', '1'),
(2200, 'AutoCAD Avanzado Versi?n 13 para Windows 95 y MS-d', 'tajadura', 'lopez', '1'),
(2201, 'ELEMENTOS DE CALCULO DIFERENCIAL E INTEGRAL', 'Sadosky, Manuel', 'Guder, Rebeca', '1'),
(2202, 'QUIMICA 6', 'Dominguez, Luis M.', '', '1'),
(2203, 'CIRCUITOS LINEARES                                                                                  ', 'CHARLES M. CLOSE                                                                                    ', '                                                                                                    ', '1'),
(2204, 'GENETIC ALGORITHMS IN SEARCH, OPTIMIZATION, AND MA                                                  ', 'DAVID E. GOLDBERG                                                                                   ', '                                                                                                    ', '1'),
(2205, 'Estad?stica                                                                                         ', 'Spiegel                                                                                             ', '                                                                                                    ', '2'),
(2206, 'DICCIONARIO MCGRAW - HILL DE COMPUTACION', 'PARKER', '', '1'),
(2207, 'DICCIONARIO MCGRAW - HILL DE COMPUTACION', 'PARKER', '', '1'),
(2208, 'FISICA (GIA)', 'Douglas C. Giancoli', '', 'Tercera Edici?n'),
(2209, 'ECUACIONES DIFERENCIALES', 'Ayres, Frank Jr.', '', '1'),
(2210, 'FUNDAMENTOS DE DIBUJO EN INGENIERIA                                                                 ', 'Luzadder                                                                                            ', 'Duff                                                                                                ', '11'),
(2211, 'QUIMICA', 'Alfonso, Elizabeth Mar?a', '', '1'),
(2212, 'DICCIONARIO MCGRAW - HILL DE COMPUTACION', 'PARKER', '', '1'),
(2213, 'DICCIONARIO MCGRAW - HILL DE COMPUTACION', 'PARKER', '', '1'),
(2214, 'ECUACIONES DIFERENCIALES CON APLICACIONES                                                           ', 'SIMMONS                                                                                             ', '                                                                                                    ', '2'),
(2215, 'INTRODUCCION AL LENGUAJE C', 'Acosta Machuca, Edgar Ambrosio', '', '1'),
(2216, 'FISICA GENERAL', 'Frederick J.Bueche', '', '8'),
(2217, 'TAIWAN YEARBOOK 2006                                                                                ', 'Gobierno de China (Taiwan)                                                                          ', '                                                                                                    ', '1'),
(2218, 'BUDAPEST: EMBRUJO DEL DANUBIO                                                                       ', 'Belloni, Stefania                                                                                   ', '                                                                                                    ', '1'),
(2219, 'HOLL?K?: VIL?G?R?KSE WORLD HERITAGE                                                                 ', 'P?l, Kovacs                                                                                         ', '                                                                                                    ', '1'),
(2220, 'ANALISIS Y DISE?O DE SISTEMAS DE INFORMACION', 'SENN', '', '2'),
(2221, 'ADMINISTRACION - UNA PERSPECTIVA GLOBAL', 'Koontz', 'Weihrich', '10'),
(2222, 'NETWORK PROTECTION Y AUTOMATION GUIDE', 'ALSTON', '', '1'),
(2223, 'MATEMATICAS AVANZADAS PARA INGENIERIA 2', 'KREYSZIG', '', '6'),
(2224, 'ANALISIS Y DISE?O DE SISTEMAS DE INFORMACION', 'SENN', '', '2'),
(2225, 'ANALISIS Y DISE?O DE SISTEMAS DE INFORMACION', 'SENN', '', '2'),
(2226, 'ECUACIONES DIFERENCIALES CON APLICACIONES', 'SIMMONS', '', '2'),
(2227, 'FISICA. PRUEBAS DE SELECTIVIDAD', 'SORIANO', '', '1'),
(2228, 'FISICA. PRUEBAS DE SELECTIVIDAD', 'SORIANO', '', '1'),
(2229, 'FISICA. PRUEBAS DE SELECTIVIDAD', 'SORIANO', '', '1'),
(2230, 'MACROECONOMIA                                                                                       ', 'DORNBUSCH                                                                                           ', 'FISCHER                                                                                             ', '6'),
(2231, 'MACROECONOMIA', 'DORNBUSCH', 'FISCHER', '6'),
(2232, 'MACROECONOMIA', 'DORNBUSCH', 'FISCHER', '6'),
(2233, 'ELECTRONICA - TEORIA DE CIRCUITOS', 'BOYLESTAD', 'NASHELSKY', '6'),
(2234, 'RESISTENCIA DOS MATERIAIS                                                                           ', 'Nash, William A.                                                                                    ', '                                                                                                    ', '2'),
(2235, 'EDICIONES UNESCO: CATALOGO 1995/96', 'UNESCO', '', '1'),
(2236, 'WINDOWS 95 REFERENCIA VISUAL', 'Watson, Michael', '', '1'),
(2237, 'PROBLEMAS DE GEOMETRIA ANALITICA', 'D. Kletenik', '', ''),
(2238, 'CALCULUS', 'APOSTOL', '', '2'),
(2239, 'MATEMATICAS AVANZADAS PARA INGENIERIA 1', 'KREYSZIG', '', '1'),
(2240, 'MATEMATICAS AVANZADAS PARA INGENIERIA 1', 'KREYSZIG', '', '1'),
(2241, 'FUNDAMENTOS DE QUIMICA', 'ZUMDAHL, STEVEN', '', '1'),
(2242, 'ELECTRONICA - TEORIA DE CIRCUITOS', 'BOYLESTAD', 'NASHELSKY', '6'),
(2243, 'AN INTRODUCTION TO FUZZY SETS: ANALYSIS AND DESIGN', 'PEDRYEZ, WITOLD and', 'GOMIDE, FERNANDO', '1'),
(2244, 'MATEMATICAS FINANCIERAS', 'AYRES', '', '1'),
(2245, 'FISICA (GIA)', 'Douglas C. Giancoli', '', 'Tercera Edicion'),
(2246, 'QUIMICA GENERAL', 'WHITTEN, KENNET W.', 'GAILEY, KENNET D.', '3'),
(2247, 'MATEMATICAS FINANCIERAS', 'AYRES', '', '1'),
(2248, 'MATEMATICAS FINANCIERAS', 'AYRES', '', '1'),
(2249, 'FUNDAMENTOS DE FISICA', 'BLATT', '', '3'),
(2250, 'FUNDAMENTOS DE FISICA', 'BLATT', '', '3'),
(2251, 'QUIMICA. PRUEBAS DE SELECTIVIDAD', 'CALOCA, DOLORES', '', '1'),
(2252, 'SMART DICCIONARIO ESPA?OL/INGLES-ENGLISH/SPANISH', 'OCEANO', '', '1'),
(2253, 'SMART DICCIONARIO ESPA?OL/INGLES-ENGLISH/SPANISH', 'OCEANO', '', '1'),
(2254, 'SMART DICCIONARIO ESPA?OL/INGLES-ENGLISH/SPANISH                                                    ', 'OCEANO                                                                                              ', '                                                                                                    ', '1'),
(2255, 'TAIWAN 2005 YEARBOOK                                                                                ', 'Government Information Office                                                                       ', '                                                                                                    ', '1'),
(2256, 'PRONTUARIO DE ELECTRICIDAD', 'BRECHMANN', 'DZIEA', '1'),
(2257, 'RESISTENCIA DE MATERIALES', 'WILLEMS', 'EASLEY', '1'),
(2258, 'RESISTENCIA DE MATERIALES', 'WILLEMS', 'EASLEY', '1'),
(2259, 'RESISTENCIA DE MATERIAES', 'WILLEMS', 'EASLEY', '1'),
(2260, 'DE LOS NUMEROS Y SU HISTORIA                                                                        ', 'Asimov, Isaac                                                                                       ', '                                                                                                    ', '6'),
(2261, 'COMO ADMINISTRAR MEJOR SU TIEMPO', 'Gamonnet, Francois', '', '1'),
(2262, 'EL HOMBRE QUE CALCULABA', 'Tahan, Malba', '', '1'),
(2263, 'FUNDAMENTOS DE LOS MICROPROCESADORES', 'TOKHEIM', '', '1'),
(2265, 'INGENIERIA DE CONTROL MODERNA', 'Katsuhiko', '', '2'),
(2266, 'DICCIONARIO VOX - SINONIMOS Y ANTONIMOS', '', '', '1'),
(2267, 'Valparaiso Capital Cultural', 'Montserrat Madariaga Caro', 'Carolina Cornejo Aravena', '2010'),
(2268, 'INTRODUCCION A LA ECONOMIA', 'Jos? Paschoal Rossetti', '', 'Tercera Edici?n'),
(2269, 'Fundamentos Generales de Programacion', 'Luis Joyanes Aguilar', '', 'Primera Edicion'),
(2270, 'CLIPPER VERSION 5.0', 'GARCIA', '', '1'),
(2271, 'NEC  MICROSOFT WINDOWS 3.1', 'MICROSOFT COPORATION', '', '1'),
(2272, 'Introduccion al algebra lineal', 'Howard Anton', '', '1'),
(2273, 'Manual para el manejo de Foxpro 2.6 para Windows                                                    ', 'Gabriel Strizinec                                                                                   ', '                                                                                                    ', '1'),
(2274, 'Manual de Automoviles                                                                               ', 'Arias Paz                                                                                           ', '                                                                                                    ', '47'),
(2275, 'Nuevo Diccionario Tecnico', 'Guy Malgorn', '', '1998'),
(2276, 'Sistemas operativos', 'Silvina Oliveira', 'DA SILVA CARISSIMI', ''),
(2277, 'COMUNICACIONES Y REDES DE COMPUTADORES', 'William Stallings', '', '7'),
(2278, 'SISTEMAS OPERATIVOS ASPECTOS INTERNOS Y PRINCIPIOS DE DISEÑO', 'WILLIAM STALLINGS', '', '5'),
(2279, 'MODELADO Y SIMULACION: APLICACION A PROCESOS LOGISTICOS DE FABRICACION Y SERVICIOS', 'Antonio Guasch', 'Angel Piera', '2'),
(2280, 'SIMULACION. METODOS Y APLICACIONES', 'David Rios Insua', 'Sixto Rios Insua', '2'),
(2281, 'SIMULACION Y ANALISIS DE MODELOS ESTOCASTICOS', 'Mohammad R. Azarang', 'Eduardo Garcia Dunna', ''),
(2282, 'SIMULACION CON SOFTWARE ARENA', 'David W. Kelton', 'Randall P. Sadowski, David T. Sturrock', ''),
(2283, 'SIMULACION', 'Sheldon Ross', '', '2'),
(2284, 'COMPUTER GRAPHICS PRINCIPLES AND PRACTICE', 'Foley Van Dam', 'Feiner Hughes', '3'),
(2285, 'COMPUTAÇAO GRAFICA TEORIA E PRATICA', 'Eduardo Azevedo', 'Aura Conci', ''),
(2286, 'BASIC COMPLEX ANALYSIS', 'Jerrold E. Marsden', 'Michael J. Hoffman', ''),
(2287, 'ECONOMIA DE EMPRESA', 'Paul G. Keat', 'Philip Young', ''),
(2288, 'ADMINISTRACION INDUSTRIAL Y GENERAL', 'Frederick Taylor', 'Henri Fayol', ''),
(2289, 'TEORIA GENERAL DE LA ADMINISTRACION', 'Idalberto Chiavenato', '', '8'),
(2290, 'ADMINISTRACION DE PERSONAL RELACIONES HUMANAS', 'Agustin Reyes Ponce', '', ''),
(2291, 'ADMINISTRACION DE PERSONAL SUELDOS Y SALARIOS', 'Agustín Reyes Ponce', '', '2'),
(2292, 'OXFORD ENGLISH FOR COMPUTING', 'Keith Boeckmer', 'Charles Brown', ''),
(2293, 'BUSINESS AND TECHNICAL WRITING', 'Jeffrey Jablonsky', 'Kendall Hunt', '');

-- --------------------------------------------------------

--
-- Estructura de tabla para la tabla `bibliografia_contenido`
--

CREATE TABLE `bibliografia_contenido` (
  `id` int(11) NOT NULL,
  `bibliografia_id` int(11) NOT NULL,
  `contenido_id` int(11) NOT NULL
) ENGINE=InnoDB DEFAULT CHARSET=utf8;

--
-- Volcado de datos para la tabla `bibliografia_contenido`
--

INSERT INTO `bibliografia_contenido` (`id`, `bibliografia_id`, `contenido_id`) VALUES
(1, 647, 605),
(2, 647, 606),
(3, 647, 620),
(4, 647, 622),
(5, 647, 627),
(6, 522, 605),
(7, 522, 606),
(8, 522, 607),
(9, 647, 628),
(10, 647, 4),
(11, 522, 608),
(12, 522, 609),
(13, 647, 632),
(14, 522, 610),
(16, 522, 613),
(17, 522, 614),
(18, 647, 748),
(19, 522, 617),
(20, 647, 633),
(21, 647, 749),
(22, 522, 618),
(23, 647, 750),
(24, 647, 751),
(25, 647, 639),
(26, 647, 647),
(27, 647, 640),
(28, 522, 629),
(29, 522, 630),
(30, 647, 641),
(31, 522, 631),
(32, 647, 642),
(33, 522, 632),
(34, 522, 633),
(35, 522, 748),
(36, 522, 749),
(37, 522, 750),
(38, 522, 751),
(39, 647, 643),
(40, 647, 644),
(41, 522, 638),
(42, 647, 645),
(43, 522, 639),
(44, 522, 640),
(45, 647, 646),
(46, 522, 641),
(47, 522, 642),
(48, 522, 643),
(49, 522, 644),
(50, 522, 645),
(51, 522, 646),
(52, 522, 647),
(53, 522, 648),
(54, 647, 648),
(55, 522, 649),
(56, 522, 650),
(57, 522, 651),
(58, 522, 652),
(59, 522, 653),
(60, 522, 654),
(61, 522, 655),
(62, 647, 649),
(63, 522, 656),
(64, 522, 657),
(65, 647, 650),
(66, 647, 651),
(67, 647, 652),
(68, 522, 658),
(69, 647, 653),
(70, 522, 659),
(71, 522, 660),
(72, 647, 654),
(73, 647, 655),
(74, 647, 656),
(75, 647, 657),
(76, 647, 658),
(77, 647, 659),
(78, 647, 660),
(79, 522, 661),
(80, 522, 662),
(81, 522, 663),
(82, 522, 664),
(83, 647, 5),
(84, 522, 665),
(85, 522, 666),
(86, 522, 667),
(87, 522, 668),
(88, 522, 5),
(89, 522, 669),
(90, 522, 670),
(91, 522, 671),
(92, 522, 672),
(93, 522, 673),
(94, 522, 674),
(95, 522, 675),
(96, 522, 676),
(97, 522, 677),
(98, 522, 678),
(99, 522, 835),
(100, 522, 679),
(101, 522, 680),
(102, 522, 681),
(103, 522, 682),
(104, 522, 683),
(105, 522, 684),
(106, 522, 685),
(107, 522, 686),
(108, 522, 687),
(109, 647, 244),
(110, 522, 689),
(111, 522, 6),
(112, 522, 690),
(113, 522, 692),
(114, 522, 693),
(115, 522, 694),
(116, 647, 669),
(117, 522, 695),
(118, 647, 670),
(119, 647, 671),
(120, 647, 672),
(121, 647, 673),
(122, 647, 674),
(123, 647, 675),
(124, 647, 676),
(125, 647, 677),
(126, 647, 681),
(127, 647, 682),
(128, 647, 683),
(129, 647, 684),
(130, 522, 9),
(131, 647, 685),
(132, 522, 728),
(133, 647, 686),
(134, 647, 687),
(135, 647, 689),
(136, 647, 6),
(137, 647, 690),
(138, 647, 692),
(139, 647, 693),
(141, 647, 8),
(143, 647, 710),
(144, 445, 605),
(145, 445, 606),
(146, 445, 607),
(147, 647, 722),
(148, 647, 723),
(149, 647, 724),
(150, 445, 612),
(151, 445, 613),
(152, 445, 614),
(153, 647, 9),
(154, 647, 728),
(155, 647, 729),
(156, 647, 731),
(157, 647, 732),
(158, 647, 733),
(159, 647, 734),
(160, 445, 608),
(161, 445, 609),
(162, 445, 610),
(163, 647, 7),
(164, 445, 611),
(165, 445, 616),
(166, 445, 617),
(167, 445, 618),
(168, 647, 699),
(169, 647, 701),
(170, 647, 702),
(171, 647, 703),
(172, 445, 749),
(173, 445, 690),
(174, 445, 6),
(175, 445, 692),
(176, 445, 693),
(177, 445, 694),
(178, 445, 695),
(179, 445, 7),
(180, 445, 697),
(181, 445, 699),
(183, 2278, 9),
(184, 2277, 705),
(185, 2277, 7),
(186, 2277, 608),
(187, 2277, 698),
(188, 2277, 701),
(189, 2277, 702),
(190, 2277, 703),
(191, 2278, 728),
(192, 2278, 729),
(193, 2277, 196),
(194, 2278, 731),
(195, 2278, 732),
(196, 2278, 733),
(197, 2278, 734),
(198, 2278, 695),
(199, 2278, 735),
(200, 2278, 736),
(201, 2278, 737),
(202, 2278, 738),
(203, 2278, 739),
(204, 2278, 740),
(205, 2278, 741),
(206, 2277, 697),
(207, 2277, 708),
(208, 2123, 57),
(209, 2123, 691),
(210, 2123, 696),
(211, 2123, 700),
(212, 2123, 715),
(213, 2123, 720),
(214, 2123, 721),
(215, 2123, 725),
(216, 2123, 727),
(217, 2123, 730),
(218, 2123, 742),
(219, 2123, 743),
(220, 2123, 744),
(221, 2123, 745),
(222, 2123, 58),
(223, 2279, 278),
(224, 2123, 746),
(225, 2279, 281),
(226, 2123, 747),
(227, 2123, 748),
(228, 2123, 749),
(229, 2123, 750),
(230, 2123, 751),
(231, 2123, 752),
(232, 2279, 282),
(233, 2123, 754),
(234, 2279, 293),
(235, 2279, 295),
(236, 2123, 755),
(237, 2123, 756),
(238, 2123, 757),
(239, 2123, 758),
(240, 2123, 759),
(241, 2123, 760),
(242, 2123, 761),
(243, 2279, 285),
(244, 2123, 762),
(245, 2123, 763),
(246, 2123, 764),
(247, 2123, 59),
(248, 2123, 765),
(249, 2123, 766),
(250, 2123, 767),
(251, 2123, 768),
(252, 2123, 769),
(253, 2123, 770),
(254, 2123, 771),
(255, 2123, 772),
(256, 2123, 773),
(257, 2123, 774),
(258, 2123, 775),
(259, 2123, 776),
(260, 2123, 777),
(261, 2123, 778),
(262, 2123, 779),
(263, 2123, 780),
(264, 2123, 781),
(265, 2123, 60),
(266, 2123, 782),
(267, 2123, 783),
(268, 2123, 784),
(269, 2123, 785),
(270, 2123, 786),
(271, 2123, 787),
(272, 2123, 788),
(273, 2123, 789),
(274, 2123, 790),
(275, 2123, 61),
(276, 2123, 791),
(277, 2123, 792),
(278, 2123, 793),
(279, 2123, 794),
(280, 2123, 795),
(281, 2123, 796),
(282, 2123, 797),
(283, 2123, 798),
(284, 2123, 799),
(285, 2123, 800),
(286, 2123, 801),
(287, 2123, 802),
(288, 2123, 803),
(289, 2123, 804),
(290, 2123, 805),
(291, 2123, 806),
(292, 2123, 807),
(293, 2123, 808),
(294, 2123, 62),
(295, 2123, 809),
(296, 2123, 810),
(297, 2123, 811),
(298, 2123, 812),
(299, 2123, 813),
(300, 2123, 814),
(301, 2123, 815),
(302, 2123, 816),
(303, 2123, 817),
(304, 2123, 818),
(305, 2123, 819),
(306, 2123, 820),
(307, 2123, 821),
(308, 2123, 822),
(309, 2123, 823),
(310, 2123, 824),
(311, 2123, 825),
(312, 2123, 826),
(313, 2123, 827),
(314, 2123, 828),
(315, 2123, 829),
(316, 2123, 70),
(317, 2123, 830),
(318, 2123, 831),
(319, 2123, 832),
(320, 2123, 833),
(321, 2123, 834),
(322, 2280, 281),
(323, 2280, 283),
(324, 2281, 278),
(325, 2280, 280),
(326, 2280, 284),
(327, 2281, 280),
(328, 2281, 281),
(329, 2281, 282),
(330, 2280, 285),
(331, 2281, 284),
(332, 2281, 285),
(333, 2281, 286),
(334, 2281, 287),
(335, 2280, 293),
(336, 2281, 288),
(337, 2281, 289),
(338, 2281, 290),
(339, 2281, 291),
(340, 2280, 295),
(341, 2281, 292),
(342, 2280, 296),
(343, 2280, 297),
(344, 2281, 300),
(345, 2280, 298),
(346, 2280, 294),
(347, 2281, 301),
(348, 2281, 302),
(349, 2281, 303),
(350, 2280, 300),
(351, 2281, 304),
(352, 2281, 305),
(353, 2281, 306),
(354, 2281, 307),
(355, 2281, 308),
(356, 2281, 309),
(357, 2281, 310),
(359, 2280, 309),
(360, 2280, 308),
(361, 2280, 307),
(362, 2280, 312),
(363, 2280, 313),
(364, 2280, 314),
(365, 2280, 302),
(366, 2282, 279),
(367, 2282, 280),
(368, 2282, 281),
(369, 2282, 282),
(370, 2282, 283),
(371, 2282, 284),
(372, 2280, 318),
(373, 2282, 285),
(374, 2282, 286),
(375, 2282, 287),
(376, 2282, 288),
(377, 2282, 289),
(378, 2282, 290),
(379, 2282, 291),
(380, 2282, 156),
(381, 2283, 254),
(382, 2283, 295),
(383, 2283, 258),
(384, 2283, 298),
(385, 2283, 299),
(386, 2284, 354),
(387, 2284, 356),
(388, 2284, 358),
(389, 2284, 359),
(390, 577, 278),
(391, 577, 280),
(392, 577, 281),
(393, 577, 282),
(394, 577, 283),
(395, 577, 284),
(396, 577, 285),
(397, 577, 286),
(398, 577, 287),
(399, 577, 288),
(400, 577, 289),
(401, 577, 290),
(402, 577, 291),
(403, 577, 292),
(404, 577, 300),
(405, 2284, 360),
(406, 577, 301),
(407, 577, 302),
(408, 577, 303),
(409, 577, 304),
(410, 577, 305),
(411, 577, 306),
(412, 577, 307),
(413, 577, 308),
(414, 2284, 362),
(415, 577, 309),
(416, 2284, 363),
(417, 577, 310),
(418, 577, 346),
(419, 577, 347),
(420, 577, 347),
(421, 577, 348),
(422, 577, 349),
(423, 577, 350),
(424, 577, 351),
(425, 577, 352),
(426, 577, 353),
(427, 2285, 360),
(428, 2285, 363),
(429, 2285, 354),
(430, 65, 365),
(431, 2285, 359),
(432, 65, 366),
(433, 65, 367),
(434, 65, 368),
(435, 65, 369),
(436, 65, 370),
(437, 65, 371),
(438, 65, 372),
(439, 65, 373),
(440, 65, 374),
(441, 65, 375),
(442, 65, 376),
(443, 65, 377),
(444, 65, 378),
(445, 65, 379),
(446, 65, 380),
(447, 65, 381),
(448, 65, 382),
(449, 65, 383),
(450, 65, 384),
(451, 65, 385),
(452, 65, 386),
(453, 65, 387),
(454, 65, 388),
(455, 65, 389),
(456, 65, 390),
(457, 65, 117),
(458, 65, 392),
(459, 65, 393),
(460, 65, 394),
(461, 65, 395),
(462, 65, 396),
(463, 65, 397),
(464, 186, 365),
(465, 65, 398),
(466, 65, 399),
(467, 65, 400),
(468, 186, 367),
(469, 186, 366),
(470, 186, 373),
(471, 186, 374),
(472, 186, 377),
(473, 186, 378),
(474, 2286, 365),
(475, 2286, 366),
(476, 2286, 367),
(477, 186, 385),
(478, 2286, 368),
(479, 2286, 369),
(480, 186, 386),
(481, 2286, 370),
(482, 186, 387),
(483, 2286, 371),
(484, 186, 390),
(485, 2286, 372),
(486, 186, 117),
(487, 186, 395),
(488, 2286, 385),
(489, 2286, 386),
(490, 186, 392),
(491, 2286, 387),
(492, 2286, 388),
(493, 186, 393),
(494, 2286, 389),
(495, 2286, 390),
(496, 2286, 117),
(497, 186, 394),
(498, 2286, 392),
(499, 2286, 393),
(500, 186, 396),
(501, 2286, 394),
(502, 2286, 395),
(503, 2286, 396),
(504, 2286, 397),
(505, 186, 397),
(506, 186, 398),
(507, 2286, 398),
(508, 2286, 400),
(509, 186, 399),
(510, 186, 400),
(523, 2287, 416),
(524, 2287, 417),
(525, 2287, 418),
(526, 2287, 419),
(527, 2287, 836),
(528, 2287, 420),
(529, 2287, 421),
(530, 2287, 422),
(531, 2287, 423),
(532, 2287, 424),
(533, 2287, 425),
(534, 2287, 426),
(535, 2287, 427),
(536, 821, 401),
(537, 821, 402),
(538, 821, 403),
(539, 821, 404),
(540, 821, 405),
(541, 821, 406),
(542, 821, 407),
(543, 821, 408),
(544, 821, 409),
(545, 821, 410),
(546, 821, 411),
(547, 821, 412),
(548, 821, 413),
(549, 821, 415),
(550, 821, 416),
(551, 821, 417),
(552, 821, 418),
(553, 821, 419),
(554, 821, 836),
(555, 821, 420),
(556, 821, 421),
(557, 821, 422),
(558, 821, 423),
(559, 821, 424),
(560, 821, 425),
(561, 821, 426),
(562, 821, 427),
(563, 821, 428),
(564, 821, 429),
(565, 821, 430),
(566, 821, 433),
(567, 821, 434),
(568, 821, 435),
(569, 821, 436),
(570, 821, 437),
(571, 821, 438),
(572, 821, 439),
(573, 821, 440),
(574, 821, 441),
(575, 821, 455),
(576, 821, 456),
(577, 821, 457),
(578, 821, 458),
(579, 821, 459),
(580, 821, 460),
(581, 821, 461),
(582, 821, 462),
(583, 821, 463),
(584, 576, 464),
(585, 576, 465),
(586, 576, 473),
(587, 576, 474),
(588, 576, 475),
(589, 576, 490),
(590, 576, 499),
(591, 576, 504),
(592, 576, 506),
(593, 576, 527),
(594, 576, 528),
(595, 576, 537),
(596, 576, 538),
(597, 2288, 464),
(598, 2288, 469),
(599, 2289, 465),
(600, 2289, 466),
(601, 2289, 500),
(602, 2289, 527),
(603, 2289, 467),
(604, 2289, 487),
(605, 2290, 837),
(606, 2290, 484),
(607, 2290, 485),
(608, 2290, 486),
(609, 2290, 487),
(610, 2290, 488),
(611, 2290, 489),
(612, 2291, 527),
(613, 2291, 528),
(614, 2291, 534),
(615, 2290, 499),
(617, 2292, 546),
(618, 2292, 547),
(620, 2292, 94),
(621, 2292, 551),
(622, 2292, 550),
(623, 2293, 546),
(624, 2293, 547),
(625, 2292, 549),
(626, 2293, 181),
(627, 2292, 552),
(628, 2293, 549),
(629, 2293, 550),
(630, 2293, 551),
(631, 2293, 552),
(632, 2292, 553),
(633, 2293, 553),
(634, 2293, 554),
(635, 2113, 555),
(636, 2113, 556),
(637, 1, 4),
(638, 1, 34);

-- --------------------------------------------------------

--
-- Estructura de tabla para la tabla `busquedas`
--

CREATE TABLE `busquedas` (
  `id` int(10) UNSIGNED NOT NULL,
  `libro_id` int(11) DEFAULT NULL,
  `user_id` int(11) DEFAULT NULL,
  `tema` varchar(191) COLLATE utf8mb4_unicode_ci NOT NULL,
  `ranking` enum('0','1','2','3','4','5') COLLATE utf8mb4_unicode_ci DEFAULT '0',
  `created_at` timestamp NULL DEFAULT NULL,
  `updated_at` timestamp NULL DEFAULT NULL
) ENGINE=InnoDB DEFAULT CHARSET=utf8mb4 COLLATE=utf8mb4_unicode_ci;

--
-- Volcado de datos para la tabla `busquedas`
--

INSERT INTO `busquedas` (`id`, `libro_id`, `user_id`, `tema`, `ranking`, `created_at`, `updated_at`) VALUES
(2, 1, 1, 'tema', '3', '2019-01-25 22:08:55', '2019-01-25 22:08:55'),
(3, NULL, 1, 'busqueda', '0', '2019-01-26 02:10:04', '2019-01-26 02:10:04'),
(4, 622, 1, 'modelos', '5', '2019-01-29 23:19:11', '2019-03-06 23:45:19'),
(5, 1302, 1, 'formulacion', '4', '2019-01-29 23:19:40', '2019-03-06 23:45:15'),
(6, NULL, 1, 'modelos', '0', '2019-01-30 22:28:30', '2019-01-30 22:28:30'),
(7, 2113, 1, 'sistemas', '3', '2019-02-27 02:18:05', '2019-03-06 21:10:18'),
(8, NULL, 1, 'fisica universitaria', '0', '2019-03-06 20:35:55', '2019-03-06 20:35:55'),
(9, NULL, 2, 'sears zemansky', '0', '2019-03-06 20:39:27', '2019-03-06 20:39:27'),
(10, 289, 2, 'fisica universitaria', '5', '2019-03-06 20:39:40', '2019-03-06 20:40:01'),
(11, 1110, 2, 'piskunov', '4', '2019-03-06 20:40:56', '2019-03-06 20:41:15'),
(12, 315, 2, 'probabilidad y estadistica', '4', '2019-03-06 20:41:53', '2019-03-06 20:42:55'),
(13, 385, 2, 'geometria analitica', '5', '2019-03-06 20:42:12', '2019-03-06 20:43:00'),
(14, 300, 2, 'leithold', '4', '2019-03-06 20:43:21', '2019-03-06 20:43:35'),
(15, 1027, 2, 'teoria de conjuntos', '1', '2019-03-06 20:44:13', '2019-03-06 20:44:53'),
(16, 809, 2, 'apostol', '4', '2019-03-06 20:44:33', '2019-03-06 20:44:52'),
(17, 1110, 3, 'calculo', '4', '2019-03-06 20:46:53', '2019-03-06 20:50:00'),
(18, 1295, 3, 'fisica', '4', '2019-03-06 20:47:15', '2019-03-06 20:49:57'),
(19, 2120, 3, 'seguridad', '4', '2019-03-06 20:48:11', '2019-03-06 20:49:54'),
(20, 1228, 3, 'fisica universitaria', '4', '2019-03-06 20:50:16', '2019-03-06 23:41:25'),
(21, 1870, 3, 'modelos', '1', '2019-03-06 20:50:41', '2019-03-06 20:51:30'),
(22, 1382, 1, 'modelos', '4', '2019-03-06 21:10:01', '2019-03-06 23:50:37'),
(23, 1153, 4, 'fisica universitaria', '5', '2019-03-06 21:40:51', '2019-03-06 21:43:17'),
(24, 300, 4, 'geometria analitica', '1', '2019-03-06 21:41:49', '2019-03-06 21:43:18'),
(25, 1871, 4, 'sistemas operativos', '1', '2019-03-06 21:42:15', '2019-03-06 21:43:19'),
(26, 1423, 4, 'tanenbaum', '1', '2019-03-06 21:42:31', '2019-03-06 21:43:20'),
(27, 289, 5, 'fisica universitaria', '5', '2019-03-06 21:44:28', '2019-03-06 21:45:40'),
(28, 1804, 5, 'redes de computadoras', '1', '2019-03-06 21:44:54', '2019-03-06 21:45:41'),
(29, 346, 5, 'contabilidad', '1', '2019-03-06 21:45:11', '2019-03-06 21:45:42'),
(30, 1024, 6, 'geometria analitica', '3', '2019-03-06 21:47:40', '2019-03-06 21:47:57'),
(31, 266, 6, 'java', '3', '2019-03-06 21:48:07', '2019-03-06 21:48:28'),
(32, 1520, 7, 'fisica', '5', '2019-03-06 21:51:57', '2019-03-06 21:53:08'),
(33, 1110, 7, 'calculo', '5', '2019-03-06 21:52:21', '2019-03-06 21:53:15'),
(34, 2120, 7, 'informatica', '4', '2019-03-06 21:52:39', '2019-03-06 21:53:18'),
(35, NULL, 1, 'seguridad', '0', '2019-03-06 23:41:57', '2019-03-06 23:41:57'),
(36, NULL, 1, 'geometria analitica', '0', '2019-03-06 23:47:57', '2019-03-06 23:47:57'),
(37, NULL, 3, 'geometria analitica', '0', '2019-03-06 23:48:40', '2019-03-06 23:48:40'),
(38, 822, 8, 'turismo', '3', '2019-03-10 21:33:24', '2019-04-07 23:16:27'),
(39, 1600, 9, 'calculo', '5', '2019-03-19 22:39:20', '2019-03-19 22:39:43'),
(40, 1024, 9, 'geometria analitica', '3', '2019-03-19 22:40:15', '2019-03-19 22:40:31'),
(41, 174, 10, 'calculo', '3', '2019-03-19 22:43:42', '2019-03-19 22:44:16'),
(42, 2167, 10, 'redes', '4', '2019-03-19 22:44:39', '2019-03-19 22:44:52'),
(43, NULL, 11, 'gestion de aeropuerto', '0', '2019-03-19 23:06:40', '2019-03-19 23:06:40'),
(44, NULL, 11, 'aeropuerto', '0', '2019-03-19 23:06:51', '2019-03-19 23:06:51'),
(45, 890, 11, 'turismo', '5', '2019-03-19 23:07:05', '2019-03-19 23:07:47'),
(46, 1280, 12, 'turismo', '5', '2019-03-19 23:09:50', '2019-03-19 23:10:10'),
(47, NULL, 1, 'aeropuerto', '0', '2019-03-19 23:13:05', '2019-03-19 23:13:05'),
(48, NULL, 1, 'puerto', '0', '2019-03-19 23:13:11', '2019-03-19 23:13:11'),
(49, 1978, 13, 'maquinas', '4', '2019-03-19 23:52:32', '2019-03-19 23:53:11'),
(50, 2178, 14, 'mecanica de fluidos', '4', '2019-03-20 00:04:29', '2019-03-20 00:04:55'),
(51, 262, 14, 'analisis de circuitos', '5', '2019-03-20 00:05:16', '2019-03-20 00:05:31'),
(52, NULL, 15, 'Global', '0', '2019-03-20 00:09:40', '2019-03-20 00:09:40'),
(53, 1365, 15, 'turi', '5', '2019-03-20 00:09:56', '2019-03-20 00:10:53'),
(54, NULL, 15, 'global ingles', '0', '2019-03-20 00:11:28', '2019-03-20 00:11:28'),
(55, NULL, 15, 'historia', '0', '2019-03-20 00:12:14', '2019-03-20 00:12:14'),
(56, 143, 15, 'historia paraguay', '5', '2019-03-20 00:12:28', '2019-03-20 00:12:40'),
(57, NULL, 16, 'typens', '0', '2019-03-20 00:23:40', '2019-03-20 00:23:40'),
(58, 289, 16, 'zemansky', '1', '2019-03-20 00:23:47', '2019-03-20 00:27:34'),
(59, 860, 16, 'close', '4', '2019-03-20 00:24:10', '2019-03-20 00:27:50'),
(60, NULL, 16, 'tipen', '0', '2019-03-20 00:24:33', '2019-03-20 00:24:33'),
(61, 1110, 16, 'piskunov', '3', '2019-03-20 00:24:48', '2019-03-20 00:28:01'),
(62, 1078, 16, 'fisica', '5', '2019-03-20 00:25:28', '2019-03-20 00:28:04'),
(63, 1215, 16, 'maquinas', '3', '2019-03-20 00:25:57', '2019-03-20 00:28:16'),
(64, NULL, 16, 'sadiku', '0', '2019-03-20 00:26:28', '2019-03-20 00:26:28'),
(65, NULL, 16, 'saddiku', '0', '2019-03-20 00:26:38', '2019-03-20 00:26:38'),
(66, 77, 16, 'circuitos', '5', '2019-03-20 00:26:44', '2019-03-20 00:28:20'),
(67, 1110, 17, 'piskunov', '4', '2019-03-23 00:19:03', '2019-03-23 00:21:08'),
(68, 600, 17, 'contabilidad', '4', '2019-03-23 00:19:39', '2019-03-23 00:21:21'),
(69, 1890, 17, 'diccionario', '1', '2019-03-23 00:20:01', '2019-03-23 00:21:22'),
(70, 2120, 17, 'seguridad', '4', '2019-03-23 00:20:38', '2019-03-23 00:21:28'),
(71, 2123, 18, 'Arquitectura de computadoras', '5', '2019-03-25 23:18:53', '2019-03-25 23:20:12'),
(72, 1827, 19, 'Sistemas operativos', '1', '2019-03-25 23:18:57', '2019-03-25 23:23:12'),
(73, 1110, 18, 'Piskunov', '5', '2019-03-25 23:19:25', '2019-03-25 23:20:17'),
(74, 2123, 19, 'Arquitectura de computadoras', '1', '2019-03-25 23:19:57', '2019-03-25 23:23:10'),
(75, 1286, 19, 'Física', '1', '2019-03-25 23:21:18', '2019-03-25 23:23:05'),
(76, 1295, 20, 'fisica', '3', '2019-03-26 00:31:50', '2019-03-26 00:34:07'),
(77, 345, 20, 'fisica universitaria', '4', '2019-03-26 00:32:23', '2019-03-26 00:34:16'),
(78, 174, 20, 'geometria analitica', '3', '2019-03-26 00:32:53', '2019-03-26 00:34:23'),
(79, NULL, 20, 'sears zemansky', '0', '2019-03-26 00:33:24', '2019-03-26 00:33:24'),
(80, 2120, 20, 'seguridad', '5', '2019-03-26 00:33:36', '2019-03-26 00:34:28'),
(81, 289, 21, 'fisica universitaria', '5', '2019-03-26 00:37:06', '2019-03-26 00:38:41'),
(82, 1110, 21, 'calculo', '3', '2019-03-26 00:37:28', '2019-03-26 00:38:47'),
(83, 1873, 21, 'baldor', '4', '2019-03-26 00:38:10', '2019-03-26 00:38:55'),
(84, 289, 22, 'fisica universitaria', '5', '2019-03-26 00:41:20', '2019-03-26 00:43:02'),
(85, 840, 22, 'economia', '5', '2019-03-26 00:41:33', '2019-03-26 00:43:08'),
(86, NULL, 22, 'calculo integral', '0', '2019-03-26 00:42:13', '2019-03-26 00:42:13'),
(87, 2078, 22, 'calculo', '5', '2019-03-26 00:42:21', '2019-03-26 00:43:17'),
(88, 720, 23, 'geometria analitica', '4', '2019-03-26 00:45:08', '2019-03-26 00:46:19'),
(89, NULL, 23, 'sears zemansky', '0', '2019-03-26 00:45:34', '2019-03-26 00:45:34'),
(90, 289, 23, 'sears', '5', '2019-03-26 00:45:42', '2019-03-26 00:46:25'),
(91, 1409, 23, 'calculo', '3', '2019-03-26 00:45:57', '2019-03-26 00:46:29'),
(92, NULL, 24, 'introducion a sistemas operativos', '0', '2019-03-26 00:57:53', '2019-03-26 00:57:53'),
(93, 424, 24, 'introduccion', '3', '2019-03-26 00:58:11', '2019-03-26 01:00:03'),
(94, 1827, 24, 'introduccion a los sistemas', '4', '2019-03-26 00:58:40', '2019-03-26 01:00:08'),
(95, 1407, 24, 'baldor', '5', '2019-03-26 00:59:10', '2019-03-26 01:00:13'),
(96, 1987, 25, 'seguridad', '4', '2019-03-27 01:41:59', '2019-03-27 01:46:20'),
(97, 1882, 25, 'analisis vectorial', '1', '2019-03-27 01:43:17', '2019-03-27 01:46:21'),
(98, 345, 25, 'fisica universitaria', '4', '2019-03-27 01:43:55', '2019-03-27 01:46:31'),
(99, 1732, 25, 'fisica', '4', '2019-03-27 01:44:23', '2019-03-27 01:46:49'),
(100, 905, 25, 'sistemas operativos', '3', '2019-03-27 01:45:33', '2019-03-27 01:46:54'),
(101, 576, 26, 'Administracion', '4', '2019-03-27 01:51:52', '2019-03-27 01:52:18'),
(102, 2140, 26, 'informatica', '5', '2019-03-27 01:55:27', '2019-03-27 01:56:27'),
(103, 583, 27, 'fisica', '5', '2019-03-28 00:56:06', '2019-03-28 00:56:55'),
(104, 287, 28, 'economia', '5', '2019-03-28 01:20:17', '2019-03-28 01:21:11'),
(105, 623, 28, 'baldor', '1', '2019-03-28 01:20:53', '2019-03-28 01:21:12'),
(106, 2078, 29, 'calculo', '5', '2019-03-28 01:50:34', '2019-03-28 01:50:51'),
(107, 1409, 29, 'ayr', '5', '2019-03-28 01:50:58', '2019-03-28 01:51:08'),
(108, 1873, 30, 'baldor', '1', '2019-03-28 02:28:06', '2019-03-28 02:28:22'),
(109, 2017, 30, 'algoritmos', '5', '2019-03-28 02:28:43', '2019-03-28 02:28:57'),
(110, 289, 1, 'fisica universitaria', '4', '2019-03-29 03:28:56', '2019-03-29 03:29:42'),
(111, NULL, 31, 'shaum', '0', '2019-03-30 01:46:17', '2019-03-30 01:46:17'),
(112, 1024, 31, 'geometria analitica', '5', '2019-03-30 01:46:30', '2019-03-30 01:48:12'),
(113, NULL, 32, 'dionisio', '0', '2019-03-30 02:03:19', '2019-03-30 02:03:19'),
(114, NULL, 32, 'guarani', '0', '2019-03-30 02:04:04', '2019-03-30 02:04:04'),
(115, 412, 32, 'folklore', '1', '2019-03-30 02:05:34', '2019-03-30 02:05:54'),
(116, 8, 33, 'mecanica de fluidos', '5', '2019-03-30 02:11:18', '2019-03-30 02:11:42'),
(117, 1779, 33, 'geometria analitica', '3', '2019-03-30 02:12:13', '2019-03-30 02:13:30'),
(118, NULL, 33, 'analisis transitorios', '0', '2019-03-30 02:12:53', '2019-03-30 02:12:53'),
(119, 345, 33, 'fisica universitaria', '5', '2019-03-30 02:13:10', '2019-03-30 02:13:35'),
(120, NULL, 33, 'g', '0', '2019-03-30 02:15:26', '2019-03-30 02:15:26'),
(121, 143, 34, 'historia paraguay', '2', '2019-03-30 02:19:12', '2019-03-30 02:19:54'),
(122, 1367, 34, 'turismo', '3', '2019-03-30 02:19:23', '2019-03-30 02:20:12'),
(123, 768, 35, 'Ciencia', '4', '2019-03-31 02:49:03', '2019-03-31 02:50:07'),
(124, 409, 35, 'Informatica', '4', '2019-03-31 02:49:24', '2019-03-31 02:50:24'),
(125, NULL, 27, 'Calculo', '0', '2019-03-31 02:49:31', '2019-03-31 02:49:31'),
(126, NULL, 27, 'Turismo', '0', '2019-03-31 02:49:47', '2019-03-31 02:49:47'),
(127, NULL, 1, 'turismo', '0', '2019-03-31 02:49:55', '2019-03-31 02:49:55'),
(128, NULL, 10, 'Informática', '0', '2019-03-31 02:50:02', '2019-03-31 02:50:02'),
(129, NULL, 27, 'Administracion', '0', '2019-03-31 02:50:09', '2019-03-31 02:50:09'),
(130, 1078, 1, 'fisica', '5', '2019-04-02 02:56:26', '2019-04-02 03:54:16'),
(131, 1153, 1, 'fisica universitaria', '4', '2019-04-02 04:00:24', '2019-04-02 04:01:14'),
(132, 369, 1, 'fisica', '4', '2019-04-03 02:47:40', '2019-04-03 02:47:57'),
(133, 1304, 3, 'aritmetica', '5', '2019-04-03 02:55:16', '2019-04-03 02:55:38'),
(134, NULL, 3, 'calculo integral', '0', '2019-04-03 02:56:18', '2019-04-03 02:56:18'),
(135, NULL, 3, 'calculo', '0', '2019-04-03 02:56:28', '2019-04-03 02:56:28'),
(136, NULL, 3, 'fisica', '0', '2019-04-04 02:06:04', '2019-04-04 02:06:04'),
(137, 248, 3, 'geometria analitica', '5', '2019-04-04 02:11:19', '2019-04-12 02:50:23'),
(138, 1110, 1, 'piskunov', '5', '2019-04-07 21:35:06', '2019-04-07 22:09:02'),
(139, 400, 1, 'programacion', '4', '2019-04-07 21:50:46', '2019-04-07 22:22:19'),
(140, 2120, 1, 'seguridad', '3', '2019-04-07 22:22:05', '2019-04-07 22:22:44'),
(141, 1600, 1, 'geometria analitica', '4', '2019-04-07 22:22:31', '2019-04-11 00:20:16'),
(142, 289, 8, 'fisica universitaria', '4', '2019-04-07 22:23:11', '2019-04-07 23:16:45'),
(143, 1600, 8, 'geometria analitica', '4', '2019-04-07 22:23:23', '2019-04-07 23:24:06'),
(144, 2120, 8, 'informatica', '4', '2019-04-07 22:23:33', '2019-04-07 23:24:14'),
(145, 900, 8, 'programacion', '5', '2019-04-07 22:23:47', '2019-04-07 23:25:35'),
(146, 710, 8, 'metodologia', '1', '2019-04-07 22:24:04', '2019-04-08 00:24:33'),
(147, 2096, 8, 'base de datos', '2', '2019-04-07 22:24:26', '2019-04-08 00:32:22'),
(148, NULL, 8, 'idiomas', '0', '2019-04-07 22:24:32', '2019-04-07 22:24:32'),
(149, NULL, 8, 'ingles', '0', '2019-04-07 22:24:36', '2019-04-07 22:24:36'),
(150, NULL, 8, 'ro', '0', '2019-04-07 22:24:47', '2019-04-07 22:24:47'),
(151, NULL, 8, 'to', '0', '2019-04-07 22:24:53', '2019-04-07 22:24:53'),
(152, NULL, 8, 'numbers', '0', '2019-04-07 22:25:13', '2019-04-07 22:25:13'),
(153, NULL, 8, 'computing', '0', '2019-04-07 22:25:56', '2019-04-07 22:25:56'),
(154, 2124, 1, 'seguridad', '3', '2019-04-11 00:19:44', '2019-04-11 01:09:37'),
(155, 1520, 1, 'fisica', '1', '2019-04-11 00:37:50', '2019-04-11 00:43:29'),
(156, 566, 1, 'calculo', '4', '2019-04-11 00:44:57', '2019-04-11 01:08:23'),
(157, 1024, 1, 'geometria analitica', '4', '2019-04-11 01:07:54', '2019-04-11 01:09:48'),
(158, 566, 3, 'calculo', '4', '2019-04-12 02:49:41', '2019-04-12 02:50:29'),
(159, 548, 3, 'informatica', '5', '2019-04-12 02:50:46', '2019-04-12 02:51:28');

-- --------------------------------------------------------

--
-- Estructura de tabla para la tabla `calificar`
--

CREATE TABLE `calificar` (
  `id` int(11) NOT NULL,
  `calificacion` int(11) NOT NULL,
  `usuario_id` int(11) NOT NULL,
  `bibliografia_id` int(11) NOT NULL,
  `tema` varchar(200) NOT NULL,
  `contenido_id` int(11) DEFAULT NULL,
  `plan_estudio_id` int(11) NOT NULL,
  `asignatura_id` int(11) DEFAULT NULL,
  `semestre` int(11) DEFAULT NULL,
  `fecha/hora` timestamp(6) NOT NULL DEFAULT CURRENT_TIMESTAMP(6) ON UPDATE CURRENT_TIMESTAMP(6)
) ENGINE=InnoDB DEFAULT CHARSET=utf8;

--
-- Volcado de datos para la tabla `calificar`
--

INSERT INTO `calificar` (`id`, `calificacion`, `usuario_id`, `bibliografia_id`, `tema`, `contenido_id`, `plan_estudio_id`, `asignatura_id`, `semestre`, `fecha/hora`) VALUES
(1, 3, 1, 2123, 'binario', NULL, 1, NULL, 0, '2018-11-30 18:01:13.273288');

-- --------------------------------------------------------

--
-- Estructura de tabla para la tabla `contenido`
--

CREATE TABLE `contenido` (
  `id` int(11) NOT NULL,
  `tema` varchar(200) NOT NULL
) ENGINE=InnoDB DEFAULT CHARSET=utf8;

--
-- Volcado de datos para la tabla `contenido`
--

INSERT INTO `contenido` (`id`, `tema`) VALUES
(4, 'La informacion y su representacion'),
(5, 'Unidades funcionales de la computadora'),
(6, 'Soportes de la informacion y unidades de entrada/salida'),
(7, 'Redes de computadoras'),
(8, 'Archivos y bases de datos'),
(9, 'Sistemas operativos y traductores'),
(11, 'Vectores'),
(12, 'Matrices'),
(13, 'Cortes de control'),
(14, 'Teoria de conjuntos-conceptos basicos'),
(15, 'Funciones y conjuntos ordenados'),
(16, 'Relaciones y funciones'),
(17, 'Algebra de proposiciones'),
(18, 'Algebra de boole'),
(19, 'Funciones proposicionales'),
(20, 'Interferencia logica'),
(21, 'Sistemas de ecuaciones lineales y matrices'),
(22, 'Determinantes'),
(23, 'Espacios vectoriales'),
(24, 'Transformaciones lineales'),
(25, 'Autovalores y autovectores'),
(26, 'Saludos'),
(27, 'Expresiones idiomaticas'),
(28, 'Cardinales y ordinales'),
(29, 'Dias de la semana'),
(30, 'Meses del año'),
(31, 'Sustantivos regulares'),
(32, 'La hora'),
(33, 'Articulos indeterminados'),
(34, 'Adjetivos demostrativos'),
(35, 'Pronombres personales'),
(36, 'Presente del verbo to be'),
(37, 'Preposiciones de lugar'),
(38, 'Presente del verbo to have en afirmativo'),
(39, 'Adjetivos posesivos'),
(40, 'There is, there are'),
(41, 'How much, how many'),
(42, 'Presente continuo'),
(43, 'Pronombres interrogativos'),
(44, 'Pasado del verbo to be'),
(45, 'There was, there were'),
(46, 'Presente simple'),
(47, 'Verbos anomalos'),
(48, 'Futuro inmediato'),
(49, 'One, ones'),
(50, 'Pasado simple'),
(51, 'Formacion del pasado de verbos regulares e irregulares'),
(52, 'Formas afirmativas, interrogativas y negativas'),
(53, 'Condicional'),
(54, 'Sistemas de coordenadas'),
(55, 'Geometria analitica'),
(56, 'Conicas'),
(57, 'Evolucion del procesamiento de datos'),
(58, 'Representacion de datos'),
(59, 'Representacion de datos en la computadora'),
(60, 'Diseño de una computadora digital'),
(61, 'Microprocesadores'),
(62, 'Memorias'),
(63, 'Introduccion al lenguaje c'),
(64, 'Entrada/salida con formato'),
(65, 'Desarrollo de programas estructurados'),
(66, 'Subalgoritmos'),
(67, 'Recursion'),
(68, 'Arreglos'),
(69, 'Punteros'),
(70, 'Archivos'),
(71, 'Estructura de datos'),
(72, 'Arboles'),
(73, 'Numeros, variables y funciones'),
(74, 'Limite y continuidad de una funcion'),
(75, 'Derivada y diferencial'),
(76, 'Teoremas sobre las funciones derivables'),
(77, 'Aplicaciones de las derivadas'),
(78, 'Integrales'),
(79, 'Aplicacion de las integrales definidas'),
(80, 'Medidas'),
(81, 'Movimiento en una dimension'),
(82, 'Movimiento en un plano'),
(83, 'Dinamica de las particulas I y II'),
(84, 'Trabajo y energia'),
(85, 'Conservacion de la energia'),
(86, 'Cinematica de la rotacion'),
(87, 'Dinamica del movimiento de rotacion I y II'),
(88, 'Equilibrio de los cuerpos rigidos'),
(89, 'Competencia comunicativa para intercambios basicos'),
(90, 'Trabajos y profesiones'),
(91, 'Funcionamiento de la lengua'),
(92, 'Estructuras basicas del afirmativo, negativo e interrogativo'),
(93, 'El pasado simple y continuo'),
(94, 'La voz pasiva'),
(95, 'Conectores de textos'),
(96, 'Vocabulario referido a las computadoras y a los sistemas operativos'),
(97, 'Prefijos y sufijos'),
(98, 'Will, going to'),
(99, 'Planes y predicciones'),
(100, 'Verbos compuestos'),
(101, 'Presente perfecto'),
(102, 'Introduccion a los sistemas operativos'),
(103, 'Estructura y prestaciones de los sistemas operativos'),
(104, 'Nucleo y procesos de un sistema operativo'),
(105, 'Gestion del procesador'),
(106, 'Proceso paralelo e interbloqueo '),
(107, 'Gestion de la memoria principal'),
(108, 'Gestion de entrada/salida'),
(109, 'Sistemas operativos distribuidos'),
(110, 'Introduccion a la teoria de lenguajes formales'),
(111, 'Lenguajes regulares'),
(112, 'Lenguajes libres de contexto'),
(113, 'Lenguajes sensibles del contexto'),
(114, 'Automatas finitos'),
(115, 'Maquinas de turing'),
(116, 'Introduccion al analisis de las funciones. Aplicaciones geometricas de la derivada'),
(117, 'Series'),
(118, 'Funciones de varias variables'),
(119, 'Integral indefinida'),
(120, 'Integral definida'),
(121, 'Integrales multiples y curvilineas'),
(122, 'Introduccion a las ecuaciones diferenciales'),
(123, 'Carga electrica'),
(124, 'Campo electrico'),
(125, 'Potencial electrico'),
(126, 'Capacidad electrica y dielectricos'),
(127, 'Corriente electrica y circuitos de corriente continuo'),
(128, 'Campo magnetico'),
(129, 'Fuentes del campo magnetico'),
(130, 'Induccion magnetica'),
(131, 'Corriente alterna'),
(132, 'Coordenadas en el espacio'),
(133, 'Diferenciacion vectorial'),
(134, 'Operadores vectoriales. Derivadas direccionales'),
(135, 'Integracion vectorial'),
(136, 'Operaciones integrales'),
(137, 'Aplicaciones del analisis vectorial'),
(138, 'Sinonimos/antonimos'),
(139, 'Idea principal'),
(140, 'I agree, disagree, I dont think so, I think'),
(141, 'Preposiciones referenciales'),
(142, 'Partes de la computadora'),
(143, 'Introduccion a la ingenieria del software y sistemas de informacion'),
(144, 'Modelos de la ingenieria del software'),
(145, 'Planificacion del proyecto de software'),
(146, 'Analisis del proyecto de software'),
(147, 'Desarrollo agil'),
(148, 'Calidad del software'),
(149, 'Aspectos formales'),
(150, 'Analisis lexico'),
(151, 'Tabla de simbolos'),
(152, 'Analisis sintactico'),
(153, 'Analisis semantico'),
(154, 'Organizacion en tiempo de ejecucion'),
(155, 'Gestion de codigo intermedio'),
(156, 'Gestion y optimizacion de codigo'),
(157, 'Gestion de errores'),
(158, 'Ecuaciones diferenciales lineales de orden n con coeficientes constantes'),
(159, 'Ecuaciones diferenciales lineales simultaneas'),
(160, 'Funciones ortogonales y series de fourier'),
(161, 'Transformadas de laplace'),
(162, 'Resolucion de ecuaciones diferenciales por serie de potencia'),
(163, 'Problemas de valores de contorno en coordenadas rectangulares'),
(164, 'Termodinamica'),
(165, 'Oscilaciones'),
(166, 'Ondas mecanicas'),
(167, 'Ondas electromagneticas'),
(168, 'Optica ondulatoria-interferencia'),
(169, 'Difraccion'),
(170, 'Fisica moderna'),
(171, 'Principios y fundamentos de la ciencia contable'),
(172, 'El patrimonio y la ecuacion fundamental contable'),
(173, 'La registracion contable'),
(174, 'Elementos financieros'),
(175, 'Los estados contables'),
(176, 'El plan de cuentas'),
(177, 'La practica de la registracion contable'),
(178, 'Las sociedades mercantiles'),
(179, 'Introduccion a los sistemas de costos, contabilidad de costos'),
(180, 'Adverbios de frecuencia'),
(181, 'Voz pasiva'),
(182, 'Contracciones'),
(183, 'Pasado continuo'),
(184, 'Gerundio'),
(185, 'Expresiones de certeza'),
(186, 'Clausulas de tiempo'),
(187, 'Union de problema y la solucion'),
(188, 'Linguistica'),
(189, 'Lectura oral y comprensiva'),
(190, 'La expresion oral'),
(191, 'La expresion escrita'),
(192, 'Observaciones iniciales'),
(193, 'Concepto de sistemas operativos distribuidos'),
(194, 'Concepto de hardware y software'),
(195, 'Aspecto del diseño'),
(196, 'Protocolos en capas'),
(197, 'Redes con modelo de transferencia asincrona'),
(198, 'Modelo cliente-servidor'),
(199, 'Llamada a un procedimiento remoto RPC'),
(200, 'Comunicacion en grupo'),
(201, 'Sincronizacion de relojes'),
(202, 'Exclusion mutua'),
(203, 'Algoritmos de eleccion '),
(204, 'Transacciones atomicas'),
(205, 'Bloqueo en sistemas distribuidos'),
(206, 'Hilos'),
(207, 'Modelos de sistemas'),
(208, 'Asignacion de procesadores'),
(209, 'Planificacion en sistemas distribuidos'),
(210, 'Toleracia a fallas'),
(211, 'Sistemas distribuidos en tiempo real'),
(212, 'Diseño de los sistemas distribuidos de archivos'),
(213, 'Implantacion de un sistema distribuido de archivos'),
(214, 'Tendencia en los sistemas distribuidos de archivos'),
(215, 'Introduccion a la memoria compartida'),
(216, 'Concepto de memoria compartida'),
(217, 'Modelos de consistencia'),
(218, 'Memoria compartida distribuida con base en paginas'),
(219, 'Memoria compartida distribuida con variables compartidas'),
(220, 'Memoria compartida distribuida basada en objetos'),
(221, 'Introduccion a la seguridad informatica'),
(222, 'Contexto historico'),
(223, 'Amenazas y ataques'),
(224, 'Seguridad en las transacciones electronicas'),
(225, 'Criptografia'),
(226, 'Control de acceso'),
(227, 'Firmas digitales'),
(228, 'Introduccion a la programacion orientada a objetos'),
(229, 'Orientacion a objetos con java'),
(230, 'UML-Unify model language'),
(231, 'Analisis orientado a objetos'),
(232, 'Proyecto orientado a objetos'),
(233, 'Analisis del error'),
(234, 'Resolucion de ecuaciones no lineales'),
(235, 'Interpolacion'),
(236, 'Resolucion de sistemas de ecuaciones lineales'),
(237, 'Ajustes de curvas a datos de mediciones'),
(238, 'Diferenciacion e integracion numerica'),
(239, 'Ecuaciones diferenciales ordinales'),
(240, 'Dispositivos electronicos'),
(241, 'Fundamentos electronica digital'),
(242, 'Amplificadores'),
(243, 'Otros sistemas electronicos analogicos'),
(244, 'Principios basicos de la electronica digital'),
(245, 'Introduccion a la fisica cuantica'),
(246, 'Representacion grafica'),
(247, 'Medidas corrientes'),
(248, 'Numeros indice'),
(249, 'Probabilidad intuitiva'),
(250, 'Espacio muestral'),
(251, 'Definicion axiomatica de probabilidad'),
(252, 'Sucesos independientes, dependientes y mutuamente excluyentes'),
(253, 'Variable aleatoria'),
(254, 'Variables aleatorias discreta y continua'),
(255, 'Funcion de probabilidad f de una variable'),
(256, 'Funcion de densidad de probabilidad f de una variable continua'),
(257, 'Funciones de distribucion acumulativa f'),
(258, 'Varianza de una variable aleatoria'),
(259, 'Funciones conjuntas de probabilidad'),
(260, 'Covarianza y correlacion'),
(261, 'Distribuciones con nombre propio'),
(262, 'Aplicaciones especiales'),
(263, 'Entrevistas de empleo'),
(264, 'Presentacion de curriculum vitae'),
(265, 'Viajes, nacionalidades, procedencias, trabajos y profesiones'),
(266, 'Revision del presente'),
(267, 'Tiempos complejos'),
(268, 'Condicional perfecto'),
(269, 'Marcadores frecuencia'),
(270, 'Introduccion a los sistemas ERP'),
(271, 'Tecnologia ERP'),
(272, 'ERP y la reingenieria de procesos de negocio'),
(273, 'Diagramas y mapeo de procesos'),
(274, 'Ciclo de vida de un sistema ERP'),
(275, 'Principales modulos de un sistema ERP'),
(276, 'Auditoria'),
(277, 'Business inteligence'),
(278, 'Introduccion a la simulacion'),
(279, 'Importancia de la simulacion en la ingenieria'),
(280, 'Conceptos basicos'),
(281, 'Metodologia de la simulacion'),
(282, 'Ventajas e inconvenientes'),
(283, 'Simulacion frente a metodos analiticos y metodos numericos'),
(284, 'Sistemas, modelos y control'),
(285, 'Estructura y etapas de un proyecto de simulacion'),
(286, 'Formulacion del problema'),
(287, 'Recopilacion y analisis de datos'),
(288, 'Desarrollo del modelo'),
(289, 'Verificacion y validacion'),
(290, 'Analisis de las salidas'),
(291, 'Experimentacion'),
(292, 'Optimizacion'),
(293, 'Conceptos de probabilidad y estadistica'),
(294, 'Revision de conceptos de probabilidad y estadistica'),
(295, 'Variables aleatorias y sus propiedades'),
(296, 'Procesos estocasticos'),
(297, 'Analisis de los resultados'),
(298, 'Estimacion de medidas, varianza y correlaciones'),
(299, 'Intervalos de confianza y test de hipotesis de la media'),
(300, 'Generacion de variables aleatorias'),
(301, 'Metodos de generacion de numeros pseudoaleatorios'),
(302, 'Pruebas estadisticas'),
(303, 'De uniformidad'),
(304, 'De aleatoriedad'),
(305, 'De independencia'),
(306, 'Generacion de variables aleatorias'),
(307, 'Variables aleatorias discretas'),
(308, 'Variables aleatorias continuas'),
(309, 'Metodos para generar variables aleatorias'),
(310, 'Procedimientos especiales'),
(312, 'Metodo montecarlo'),
(313, 'Modelos de simulacion estaticos'),
(314, 'Integracion montecarlo'),
(315, 'Metodos de aproximacion estocastica'),
(316, 'Modelos con datos omitidos y desmarginalizacion'),
(317, 'Determinacion del numero de simulaciones'),
(318, 'Optimizacion de la simulacion'),
(319, 'Lenguajes de simulacion'),
(320, 'Antecedentes de los lenguajes de simulacion y simuladores'),
(321, 'Aprendizaje y uso de un simulador como: matlab, arena, etc'),
(322, 'Caracteristicas del software'),
(323, 'Construccion de modelos'),
(324, 'Consideraciones economicas en la simulacion'),
(325, 'Realizar practicas utilizando el simulador para procesos'),
(326, 'Realizar practicas utilizando el simulador para procesos'),
(327, 'Modelos de simulacion'),
(328, 'Modelos de simulacion dinamicos y discretos'),
(329, 'Mecanismos de avance del tiempo'),
(330, 'Incremento fijo de tiempo'),
(331, 'Incremento variable de tiempo'),
(332, 'Componentes y organizaciones de un modelo de simulacion discreto'),
(333, 'Tecnicas de modelizacion: grafos de sucesos'),
(334, 'Modelos de simulacion dinamicos y continuos'),
(335, 'Conceptos basicos sobre simulacion continua de sistemas'),
(336, 'Estructura de los programas de simulacion continua'),
(337, 'Metodos de integracion'),
(338, 'Ecuaciones diferenciales'),
(339, 'Metodos de integracion numerica'),
(340, 'Caracteristicas y analisis de los metodos'),
(341, 'Propagacion de errores'),
(342, 'Areas de aplicacion'),
(343, 'Modelos de simulacion hibridos'),
(344, 'Tipos de interacciones entre componentes discretos y continuos'),
(345, 'Esquemas de control para modelos de simulacion hibridos'),
(346, 'Analisis de las salidas'),
(347, 'Analisis de los resultados de la simulacion'),
(348, 'Replicacion de corridas. Medias en lotes'),
(349, 'Analisis estadisticos para la terminacion de la simulacion'),
(350, 'El problema del sesgo inicial, su estimacion y eliminacion'),
(351, 'Computo de intervalos de confianza para los estimadores'),
(352, 'Tecnicas de reduccion de la varianza'),
(353, 'Tecnicas de optimizacion'),
(354, 'Introduccion, graficas y sus aplicaciones. Introduccion al hardware graficos'),
(355, 'Despliegue grafico con tecnologia raster y conceptos relacionados'),
(356, 'Algoritmos raster. Transformaciones geometricas en 2 y 3 dimensiones'),
(357, 'Coordenadas homogeneas. Proyecciones'),
(358, 'Algoritmos de clipping y aplicaciones'),
(359, 'Representacion de curvas y superficies'),
(360, 'Modelamiento geometrico de objetos en tres dimensiones'),
(361, 'Algoritmos de eliminacion de lineas oscuras'),
(362, 'Modelos de color y uso de la computacion grafica'),
(363, 'Realismo y rendering. Iluminación y sombreado'),
(364, 'Ray tracing. G.I.S. G.P.S.'),
(365, 'Numeros complejos'),
(366, 'El plano complejo. Repretancion grafica'),
(367, 'Formas de expresar numeros complejos'),
(368, 'Forma binomica'),
(369, 'Forma trigonometrica'),
(370, 'Forma polar de los numeros complejos'),
(371, 'Forma exponencial. Formula de euler'),
(372, 'Operaciones fundamentales con numeros complejos'),
(373, 'Funciones, limites y continuidad'),
(374, 'Limite. Derivada. Funcion analitica'),
(375, 'Limites y continuidad'),
(376, 'Diferenciacion compleja'),
(377, 'Ecuaciones de cauchy-riemann'),
(378, 'Integracion geometrica de las derivadas'),
(379, 'Funcion exponencial'),
(380, 'Funciones trigonometricas'),
(381, 'Funciones hiperbolicas'),
(382, 'Logaritmo. Potencia general'),
(383, 'Regla de LHospital'),
(384, 'Operadores diferenciales complejos'),
(385, 'Integracion compleja'),
(386, 'Integral de linea en el plano complejo'),
(387, 'Integracion compleja y teorema de cauchy'),
(388, 'Existencia de la integral indefinida'),
(389, 'Formula de integral de cauchy'),
(390, 'Derivadas de funciones analiticas'),
(392, 'Sucesiones, series, criterios de convergencia'),
(393, 'Series de potencias'),
(394, 'Funciones dadas por series de potencias'),
(395, 'Series de taylor'),
(396, 'Series de laurent'),
(397, 'Singularidades y ceros'),
(398, 'Integracion por el metodo de residuos'),
(399, 'Residuos. Teorema del residuo'),
(400, 'Evaluacion de integrales reales'),
(401, 'El estudio de proyecto'),
(402, 'Definicion de proyectos'),
(403, 'Origen'),
(404, 'Como generar una idea de proyecto'),
(405, 'Caracteristicas de los proyectos'),
(406, 'Clasificacion de los proyectos'),
(407, 'Clasificacion de los proyectos: Segun la finalidad y segun el objeto'),
(408, 'Ciclo de vida, horizonte del proyecto'),
(409, 'Procesos del proyecto'),
(410, 'Elemento del proyecto'),
(411, 'Triple restriccion'),
(412, 'Tipos de evaluacion: Evaluacion privada y social'),
(413, 'Procesos de un proyecto'),
(415, 'Areas del conocimiento en gestion de proyectos'),
(416, 'La teoria y la estimacion de los costos'),
(417, 'Definición y empleo del costo en el análisis económico'),
(418, 'Importancia de los costos en las decisiones empresariales y de proyectos'),
(419, 'Relación entre producción y costos'),
(420, 'Función de costos de largo plazo'),
(421, 'Economia de alcance y de escala'),
(422, 'Ejemplos de cómo las compañias han recortado costos para seguir siendo competitivas'),
(423, 'Estimación de costos: de corto y largo plazo'),
(424, 'Costos economicos versus costos contables'),
(425, 'Sincronizacion de los costos'),
(426, 'Costo marginal'),
(427, 'Estimaciones de costo de ingenieria'),
(428, 'Estimacion de los costos y los calculos unitarios'),
(429, 'Informacion de costos para la toma de decision'),
(430, 'Costos diferenciales'),
(431, 'Costos futuros'),
(432, 'Elementos relevantes de costos'),
(433, 'Costos sepultados'),
(434, 'Costos pertinentes de produccion'),
(435, 'Calculos de costos unitarios - ejercicios'),
(436, 'Costos variables'),
(437, 'Costos fijos'),
(438, 'Costos totales'),
(439, 'Costo medio'),
(440, 'Costo variable medio'),
(441, 'Costo fijo medio'),
(442, 'Estudio de pre-inversion'),
(443, 'Estudio de mercado'),
(444, 'Estudio tecnico'),
(445, 'Estudio organizacional'),
(446, 'Estudio legal'),
(447, 'Estudio financiero'),
(448, 'Estudio del impacto ambiental'),
(449, 'Otros aspectos en estudio'),
(450, 'Determinacion del tamaño'),
(451, 'Decisiones de localizacion'),
(452, 'Analisis de riesgo'),
(453, 'Premisas y restricciones'),
(454, 'Presupuesto estimado'),
(455, 'Criterios de evaluacion de proyectos'),
(456, 'Elementos y estructura del flujo de caja'),
(457, 'Servicio de la deuda'),
(458, 'Fundamentos de matematica financiera'),
(459, 'Valor presente'),
(460, 'Valor futuro'),
(461, 'Valor actual neto - VAN'),
(462, 'Tasa interna de retorno - TIR'),
(463, 'Razon beneficio - costo - B-C'),
(464, 'Introduccion a la administracion'),
(465, 'La administracion y sus perspectivas'),
(466, 'Antecedentes historicos de la administracion'),
(467, 'El enfoque clasico de la administracion'),
(468, 'Las distintas teorias de la administracion'),
(469, 'Funciones de la administracion'),
(470, 'Funciones del administrador'),
(472, 'Habilidades y caracteristicas que debe poseer el profesional con conocimiento de administracion'),
(473, 'Planeacion'),
(474, 'Pasos de la planeacion'),
(475, 'Tipos de planes'),
(476, 'Coordinacion de planes'),
(477, 'Areas de planeacion y periodos'),
(478, 'Proceso de la planeacion estrategica'),
(479, 'Matriz TOWS y la matriz de portafolio de negocios'),
(480, 'Tipos de politicas'),
(481, 'Estrategia generica de porter'),
(482, 'Instrumentacion eficaz de estrategias'),
(483, 'Desarrollo de premisas y pronosticos'),
(484, 'Definicion naturaleza'),
(485, 'Jerarquia de objetivos'),
(486, 'APO (administracion por objetivos) origen de la administracion por objetivos'),
(487, 'Caracteristicas de los objetivos'),
(488, 'Como establecer objetivos'),
(489, 'Beneficios y desventajas de la administracion por objetivos'),
(490, 'Toma de decisiones'),
(491, 'Importancia y limitaciones de la toma de decisiones'),
(492, 'Tipos de decisiones. Decisiones programadas y no programadas'),
(493, 'Seleccion de alternativas'),
(494, 'Teoria de modelos matematicos de la administracion. Arboles de decision'),
(495, 'Toma de decisiones en condiciones de certidumbre'),
(496, 'Evaluacion de la importancia de una decision'),
(497, 'Sistema de apoyo a las decisiones'),
(498, 'Creatividad - innovacion'),
(499, 'organizacion'),
(500, 'Tipos de organizacion. La departamentalizacion'),
(501, 'Tipos de autoridad'),
(502, 'Niveles de la organizacion'),
(503, 'Organigramas. Tipos de organigramas. Manuales'),
(504, 'Ambiente organizacional'),
(505, 'Informacion requerida para una planificacion eficaz'),
(506, 'Control'),
(507, 'De calidad y cantidad'),
(508, 'Medicion del desempeño'),
(509, 'Requisitos para controles eficaces'),
(510, 'Control estadistico'),
(511, 'Graficos de control'),
(512, 'Control de tiempo y costo'),
(513, 'Informacion de tiempo real y control'),
(514, 'Circuito de retroalimentacion del control'),
(515, 'Grafico de grafico de pert'),
(516, 'Control de presupuesto'),
(517, 'Proposito de la presupuestacion'),
(518, 'Control de presupuesto eficaz'),
(519, 'Presupuesto de ventas'),
(520, 'Problemas y medicion de la productividad'),
(521, 'Necesidad de indicadores del desempeño'),
(522, 'Las 5 Ss'),
(523, 'Calidad total'),
(524, 'Seis sigma'),
(525, 'Balanced scoredcard BSC. Mapa estrategico'),
(526, 'El movimiento por la calidad'),
(527, 'Administracion de personal'),
(528, 'Principios de la administracion de personal. El enfoque de sistemas de la administracion del talento humano'),
(529, 'Politicas del talento humano'),
(530, 'La funcion de la seleccion, admision y ejemplo'),
(531, 'Requisitos y diseño de puestos'),
(532, 'Adiestramiento y capacitacion'),
(533, 'Integracion de personal'),
(534, 'Organizacion de la administracion de personal'),
(535, 'Estabilidad, movilidad y cumplimiento talento humano'),
(536, 'Desempeño en el cumplimiento de metas'),
(537, 'Direccion'),
(538, 'Liderazgo'),
(539, 'Conducta y estilo de liderazgo'),
(540, 'Motivacion y direccion'),
(541, 'Factores humanos en la administracion'),
(542, 'Teorias de motivacion'),
(543, 'Estrategia organizacional'),
(544, 'Etica y responsabilidad social'),
(545, 'Responsabilidad social de las organizaciones'),
(546, 'Listing'),
(547, 'Uso de los listing makers'),
(548, 'The passive'),
(549, 'Voz pasiva en tiempo presente'),
(550, 'Voz pasiva en tiempo pasado'),
(551, 'Giving examples'),
(552, 'Explanations and definitions'),
(553, 'Compound nouns'),
(554, 'Classifying'),
(555, 'Introduccion a los centros de proceso de datos'),
(556, 'Que es un centro de proceso de datos'),
(557, 'Que valor tiene un centro de proceso de datos para una empresa'),
(558, 'Que servicios proporciona un centro de proceso de datos'),
(559, 'Tipos de centros de proceso de datos'),
(560, 'Clasificacion de los centros de proceso de datos'),
(561, 'Componentes del centro de proceso de datos'),
(562, 'Normativas relacionadas a los centros de proceso de datos'),
(563, 'Introduccion a normativas y estandares'),
(564, 'Estandar TIA-942'),
(565, 'Normativa que se debe tener en cuenta para la realizacion de un diseño de un centro de proceso de datos'),
(566, 'Definicion de requerimiento y funciones'),
(567, 'Necesidades y requerimientos'),
(568, 'Estrategias de diseño'),
(569, 'Establecer los criterios de diseño'),
(570, 'Gestion del proyecto'),
(571, 'Formalizacion del proyecto'),
(572, 'Personal participante en el proyecto'),
(573, 'Recomendaciones a seguir durante el proyecto'),
(574, 'Eleccion de la ubicacion'),
(575, 'Estudio y evaluacion de las posibles ubicaciones'),
(576, 'Determinacion del tamaño del centro de proceso de datos'),
(577, 'Definir las dimensiones del centro de proceso de datos'),
(578, 'Determinar el tipo de instalacion'),
(579, 'Estudio y evaluacion de la separacion entre el cableado electrico y de datos'),
(580, 'Instalaciones de tipo overhead'),
(581, 'Instalaciones tipo under-floor'),
(582, 'Diseño de la infraestructura electrica'),
(583, 'Sistema electrico: consideraciones y recomendaciones'),
(584, 'Diseño del sistema electrico principal'),
(585, 'Diseño del sistema de alimentacion auxiliar'),
(586, 'Determinar el sistema de etiquetado y documentacion'),
(587, 'Infraestructura de red'),
(588, 'Estudio y evaluacion de la importancia de la red fisica'),
(589, 'Estudio y determinacion de la organizacion del cableado'),
(590, 'Estudio y evaluacion de los tipos de cableado'),
(591, 'Cableado cobre'),
(592, 'Cableado de fibra optica'),
(593, 'Estudio y determinacion de los requerimientos de conectividad'),
(594, 'Estudio y determinacion del nivel de redundancia de la red'),
(595, 'Infraestructura de climatizacion'),
(596, 'Estudio de la energia termina producida'),
(597, 'Determinacion de la energia termica producida'),
(598, 'Estudio y evaluacion de otros fuentes de calor'),
(599, 'Estudio y evaluacion de la humedad'),
(600, 'Estudio y evaluacion de las arquitecturas de distribucion de aire'),
(601, 'Estudio y determinacion del sistema de extincion de incendios'),
(602, 'Sistemas de almacenamiento'),
(603, 'Arquitecturas y herramientas del almacenado de los datos'),
(604, 'Funcionamiento de los dispositivos de almacenamiento, seguridad y recuperacion de datos y diferentes arquitecturas del sistema de almacenamiento de datos'),
(605, 'Informatica Origen'),
(606, 'Elementos de la informatica'),
(607, 'Informacion'),
(608, 'Transmision de la informacion'),
(609, 'Elementos: emisor, medio, receptor'),
(610, 'Tratamiento de la informacion'),
(611, 'Jerarquia de datos: caracter, campo, registro, archivo, base de datos'),
(612, 'Computadora'),
(613, 'Tipos y clasificacion de computadora'),
(614, 'Diferencia de propositos, de diseño, de tamaño'),
(615, 'Unidades de tiempo utilizadas para medir la velocidad de las computadoras'),
(616, 'Limitaciones de las computadoras'),
(617, 'Programa Instrucciones'),
(618, 'Sistema'),
(619, 'Datos tipos de datos '),
(620, 'Esquema basico del elemento fisico'),
(621, 'Hardware, componentes elementales del hardware'),
(622, 'Esquema basico del elemento logico'),
(623, 'Concepto del software, componentes del software'),
(624, 'Software basico'),
(625, 'Software de aplicacion'),
(626, 'Ingenieria de software'),
(627, 'Esquema basico del elemento humano'),
(628, 'Revision historica'),
(629, 'Hechos y personajes historicos'),
(630, 'Evolucion de la electronica'),
(631, 'Generaciones de computadoras'),
(632, 'Los sistemas de numeracion y su evolucion'),
(633, 'Sistemas posicionales de numeracion: teorema fundamental de la numeracion'),
(638, 'Conversiones entre los sistemas de numeracion'),
(639, 'Decimal a binario'),
(640, 'Binario a decimal'),
(641, 'Octal a decimal'),
(642, 'Decimal a hexadecimal'),
(643, 'Hexadecimal a decimal'),
(644, 'Hexadecimal a binario'),
(645, 'Binario a hexadecimal'),
(646, 'Octal a binario'),
(647, 'Binario a octal'),
(648, 'Octal a hexadecimal'),
(649, 'Representacion de numeros enteros'),
(650, 'Modulo y signo'),
(651, 'Complemento a 1'),
(652, 'Complemento a 2'),
(653, 'Exceso a 2n-1'),
(654, 'Representacion en coma o punto fijo'),
(655, 'Binario puro'),
(656, 'Decimal desempaquetado'),
(657, 'Decimal empaquetado'),
(658, 'Representacion en coma flotante'),
(659, 'Representacion interna de datos'),
(660, 'Codificacion alfanumerica'),
(661, 'Codigos: BCD, ASCII, EBCDIC, Nibble'),
(662, 'Unidades de cuantificacion del almacenamiento primario y secundario'),
(663, 'Bit'),
(664, 'Byte'),
(665, 'Kilobyte'),
(666, 'Megabyte'),
(667, 'Gigabyte'),
(668, 'Terabyte'),
(669, 'Unidad central de proceso: unidad aritmetica - logica'),
(670, 'Memoria central'),
(671, 'Bus del sistema'),
(672, 'Las instrucciones'),
(673, 'Instrucciones de tres operandos'),
(674, 'Instrucciones de dos operandos'),
(675, 'Instrucciones de un operando'),
(676, 'Instrucciones sin operando'),
(677, 'Metodos de direccionamiento'),
(678, 'Inmediato'),
(679, 'Indirecto'),
(680, 'Relativo'),
(681, 'Ciclo de instruccion'),
(682, 'Fase de busqueda de una instruccion'),
(683, 'Fase de ejecucion de una instruccion'),
(684, 'Carga y almacenamiento de datos'),
(685, 'Carga del acumulador'),
(686, 'Almacenamiento en memoria'),
(687, 'Instrucciones de ruptura de secuencia'),
(688, 'Organizacion y arquitectura de una computadora'),
(689, 'Instrucciones de entrada/salida'),
(690, 'Medios magneticos'),
(691, 'Estratificacion del software'),
(692, 'Medios opticos'),
(693, 'Unidades de entrada/salida'),
(694, 'Dispositivos de entrada/salida'),
(695, 'Tendencias tecnologicas'),
(696, 'Los comienzos de la computacion'),
(697, 'Topologias fisicas y logicas'),
(698, 'Tipos de redes'),
(699, 'Clasificacion de redes'),
(700, 'La primera maquina y su evolucion'),
(701, 'LAN'),
(702, 'WAN'),
(703, 'MAN'),
(704, 'HARDWARE, SOFTWARE'),
(705, 'INTERNET'),
(706, 'WWW'),
(707, 'E-mail'),
(708, 'FTP'),
(709, 'Telnet'),
(710, 'Archivos y registros'),
(711, 'Caracteristicas de los archivos segun su uso'),
(712, 'Permanentes'),
(713, 'De movimiento'),
(714, 'De trabajo'),
(715, 'La maquina de tarjetas perforadas'),
(716, 'Organizacion de archivos'),
(717, 'Secuencia'),
(718, 'Directa'),
(719, 'Secuencial indexada'),
(720, 'La calculadora secuencial automatica - IBM'),
(721, 'El programa almacenado'),
(722, 'Modos de acceso a archivos'),
(723, 'Operaciones sobre archivos'),
(724, 'Base de datos'),
(725, 'Clasificacion de las computadoras'),
(726, 'Modelo de base de datos'),
(727, 'Generaciones de computadoras digitales'),
(728, 'Definicion de sistemas operativos'),
(729, 'Evolucion de los sistemas operativos'),
(730, 'Procesamiento de datos y sistemas de informacion'),
(731, 'Esquema general de un sistema operativo'),
(732, 'Programas de control'),
(733, 'Programas de proceso'),
(734, 'Proceso de compilacion'),
(735, 'Sistemas operativos utilizados en la actualidad'),
(736, 'DOS'),
(737, 'Windows 9.x'),
(738, 'NT'),
(739, 'W2000'),
(740, 'UNIX'),
(741, 'Linux'),
(742, 'Sistemas sincronicos de proposito general'),
(743, 'Arquitectura de computadoras: los primeros conceptos'),
(744, 'Arquitectura de una unidad central de proceso - CPU'),
(745, 'Logica digital y componentes electronicos'),
(746, 'Sistemas de notacion posicional'),
(747, 'Expresion generalizada de un numero en potencia de su base'),
(748, 'Sistema decimal'),
(749, 'Sistema binario'),
(750, 'Sistema octal'),
(751, 'Sistema hexadecimal'),
(752, 'Numero de cifras. Cantidad decimal maxima'),
(753, 'El sistema numerico binario'),
(754, 'Metodos de conversion de numeros enteros y fraccionarios'),
(755, 'Metodo de conversion de numeros de otra base a decimal'),
(756, 'Metodo de divisiones sucesivas'),
(757, 'Metodo de multiplicaciones'),
(758, 'Pasaje directo entre las bases 2 a 8 y 2 a 16'),
(759, 'Operaciones fundamentales en binario'),
(760, 'Operaciones fundamentales en octal y hexadecimal'),
(761, 'Suma octal'),
(762, 'Tecnicas para sumar numeros grandes en cualquier base'),
(763, 'Suma hexadecimal'),
(764, 'Complemento con respecto a la base y a la base menos uno'),
(765, 'Flujo de datos dentro de una computadora'),
(766, 'Codigo de representacion de caracteres alfanumericos'),
(767, 'Codigo ASCII'),
(768, 'Codigo ASCII ampliado'),
(769, 'Delimitaciones de string'),
(770, 'Codigo de representacion decimal'),
(771, 'BCD puro o natural'),
(772, 'BCD exceso tres'),
(773, 'BCD AIKEN o 2421'),
(774, 'Paridad Sistema de codificacion Conceptos'),
(775, 'Indicadores de estados SZVC en la operacion con numeros'),
(776, 'Representaciones redundantes'),
(777, 'Codigos de deteccion y/o correccion de errores'),
(778, 'Paridad vertical simple o a nivel caracter'),
(779, 'Paridad horizontal a nivel de bloque'),
(780, 'Paridad entrelazada'),
(781, 'Codigo de Hamming'),
(782, 'Modulo de calculo en una computadora digital'),
(783, 'Relacion entre el diseño del hardware y la ejecucion de instrucciones'),
(784, 'Instrucciones'),
(785, 'Presentacion del modelo de estudio'),
(786, 'Fase fetch: busqueda de una instruccion en memoria'),
(787, 'Fase execute'),
(788, 'Flujo de datos entre los registros de la computadora basica'),
(789, 'Unidad de control y sincronizacion del tiempo'),
(790, 'El modulo de calculo: unidad aritmetico-logica'),
(791, 'Micropocesadores y microcontroladores'),
(792, 'Chips y microprocesadores'),
(793, 'Longitud de palabra'),
(794, 'Capacidad de direccionamiento'),
(795, 'Numero de instrucciones'),
(796, 'Numero de registros internos'),
(797, 'Registros de uso general IA-16 e IA-32'),
(798, 'Velocidad del microprocesador'),
(799, 'Ciclo de instrucciones'),
(800, 'Secuencia de llenado de la cola'),
(801, 'Etapas de ejecucion de la rutina ejemplo'),
(802, 'Capacidad de interrupcion'),
(803, 'Concepto de pila'),
(804, 'Alimentacion'),
(805, 'Tecnologia'),
(806, 'CISC'),
(807, 'RISC'),
(808, 'EPIC'),
(809, 'Clasificacion de memorias'),
(810, 'Clasificacion segun el modo de acceso a la unidad de informacion'),
(811, 'Clasificacion segun las operaciones que aceptan por cada acceso'),
(812, 'Clasificacion segun la duracion de la informacion'),
(813, 'Dimension de la memoria'),
(814, 'Memorias RAM estaticas y dinamicas'),
(815, 'Memorias SRAM'),
(816, 'Memorias DRAM'),
(817, 'RAM con acceso directo'),
(818, 'RAM con acceso asociativo'),
(819, 'Jerarquia de memorias'),
(820, 'Memorias cache'),
(821, 'Memoria a nivel logica digital'),
(822, 'Memorias RAM dinamicas'),
(823, 'La memoria como en un espacio logico'),
(824, 'Almacenamiento de bytes en memoria. Big-Endian y Little-Endian'),
(825, 'Modelo de memoria segmentada pura'),
(826, 'Modelo de memoria virtual'),
(827, 'Modelo de memoria virtual paginada o paginacion por demanda'),
(828, 'Memoria virtual segmentada o segmentacion por demanda'),
(829, 'Administracion de memorias externas'),
(830, 'Sistema de archivos en discos de tecnologia magnetica'),
(831, 'Disco magnetico desde el punto de vista logico'),
(832, 'Buffers y caches de disco'),
(833, 'Discos virtuales'),
(834, 'Sistema de archivos en discos de tecnologia optica'),
(835, 'Directo'),
(836, 'Funcion de costos de corto plazo'),
(837, 'Objetivos Administracion');

-- --------------------------------------------------------

--
-- Estructura de tabla para la tabla `menu`
--

CREATE TABLE `menu` (
  `id` int(11) NOT NULL,
  `name` varchar(100) COLLATE utf8_spanish2_ci NOT NULL,
  `created` datetime DEFAULT NULL,
  `updated` datetime DEFAULT NULL,
  `controlador` varchar(100) COLLATE utf8_spanish2_ci NOT NULL,
  `accion` varchar(100) COLLATE utf8_spanish2_ci NOT NULL,
  `url` varchar(100) COLLATE utf8_spanish2_ci NOT NULL,
  `orden` int(11) NOT NULL
) ENGINE=InnoDB DEFAULT CHARSET=utf8 COLLATE=utf8_spanish2_ci;

--
-- Volcado de datos para la tabla `menu`
--

INSERT INTO `menu` (`id`, `name`, `created`, `updated`, `controlador`, `accion`, `url`, `orden`) VALUES
(1, 'Perfiles', '2013-05-12 00:00:00', '2013-07-02 16:59:00', 'perfil', 'index', '', 0),
(2, 'Usuarios', '2013-05-16 15:19:00', '2013-07-02 17:02:00', 'usuario', 'index', '', 1),
(3, 'Opciones Menú', '2013-05-16 15:27:00', '2013-06-30 00:02:00', 'menu', 'index', '', 2),
(7, 'Seguridad Menú', '2013-05-16 16:56:00', '2013-07-02 17:06:00', 'menu_perfil', 'index', '', 4),
(8, 'Buscador', '2018-08-20 20:56:00', '2018-08-20 20:56:00', 'buscador', 'index', '', 0),
(9, 'Temas', '2018-08-22 20:42:00', '2018-08-22 20:42:00', 'contenido', 'index', '', 0),
(10, 'Bibliografias', '2018-08-27 20:30:00', '2018-08-27 20:30:00', 'bibliografia', 'index', '', 0),
(11, 'Asignaturas-temas', '2018-11-09 19:26:00', '2018-11-09 19:26:00', 'asignatura_contenido', 'index', '', 0),
(12, 'Bibliografia_contenido', '2018-11-09 19:30:00', '2018-11-09 19:30:00', 'bibliografia_contenido', 'index', '', 0),
(13, 'Asignaturas', '2019-01-03 18:04:00', '2019-01-03 18:04:00', 'asignatura', 'index', '', 0);

-- --------------------------------------------------------

--
-- Estructura de tabla para la tabla `menu_perfil`
--

CREATE TABLE `menu_perfil` (
  `id` int(11) NOT NULL,
  `created` datetime DEFAULT NULL,
  `updated` datetime DEFAULT NULL,
  `menu_id` int(11) NOT NULL,
  `perfil_id` int(11) NOT NULL
) ENGINE=InnoDB DEFAULT CHARSET=utf8 COLLATE=utf8_spanish2_ci;

--
-- Volcado de datos para la tabla `menu_perfil`
--

INSERT INTO `menu_perfil` (`id`, `created`, `updated`, `menu_id`, `perfil_id`) VALUES
(12, '2013-05-17 18:09:00', '2013-06-30 02:07:00', 3, 1),
(13, '2013-05-17 18:10:00', '2013-06-30 17:06:00', 7, 1),
(15, '2013-05-17 18:12:00', '2013-05-17 18:12:00', 2, 2),
(17, '2013-05-17 21:15:00', '2013-05-17 21:15:00', 2, 1),
(18, '2013-07-02 17:05:00', '2013-07-02 17:05:00', 9, 1),
(19, '2018-08-18 23:18:00', '2018-08-18 23:18:00', 10, 1),
(21, '2018-08-20 20:50:00', '2018-08-20 20:50:00', 1, 1),
(22, '2018-08-20 20:56:00', '2018-08-20 20:56:00', 8, 1),
(23, '2018-08-20 20:57:00', '2018-08-20 20:57:00', 8, 6),
(24, '2018-08-20 20:57:00', '2018-08-20 20:57:00', 8, 2),
(25, '2018-11-09 19:26:00', '2018-11-09 19:26:00', 11, 1),
(26, '2018-11-09 19:30:00', '2018-11-09 19:30:00', 12, 1),
(27, '2019-01-03 18:04:00', '2019-01-03 18:04:00', 13, 1);

-- --------------------------------------------------------

--
-- Estructura de tabla para la tabla `migrations`
--

CREATE TABLE `migrations` (
  `id` int(10) UNSIGNED NOT NULL,
  `migration` varchar(191) COLLATE utf8mb4_unicode_ci NOT NULL,
  `batch` int(11) NOT NULL
) ENGINE=InnoDB DEFAULT CHARSET=utf8mb4 COLLATE=utf8mb4_unicode_ci;

--
-- Volcado de datos para la tabla `migrations`
--

INSERT INTO `migrations` (`id`, `migration`, `batch`) VALUES
(1, '2014_10_12_000000_create_users_table', 1),
(2, '2014_10_12_100000_create_password_resets_table', 1),
(3, '2018_12_27_133204_create_busquedas_table', 1),
(4, '2019_01_12_125211_create_user_libros_table', 2);

-- --------------------------------------------------------

--
-- Estructura de tabla para la tabla `password_resets`
--

CREATE TABLE `password_resets` (
  `email` varchar(191) COLLATE utf8mb4_unicode_ci NOT NULL,
  `token` varchar(191) COLLATE utf8mb4_unicode_ci NOT NULL,
  `created_at` timestamp NULL DEFAULT NULL
) ENGINE=InnoDB DEFAULT CHARSET=utf8mb4 COLLATE=utf8mb4_unicode_ci;

-- --------------------------------------------------------

--
-- Estructura de tabla para la tabla `perfil`
--

CREATE TABLE `perfil` (
  `id` int(11) NOT NULL,
  `name` varchar(100) COLLATE utf8_spanish2_ci NOT NULL,
  `created` datetime DEFAULT NULL,
  `updated` datetime DEFAULT NULL
) ENGINE=InnoDB DEFAULT CHARSET=utf8 COLLATE=utf8_spanish2_ci;

--
-- Volcado de datos para la tabla `perfil`
--

INSERT INTO `perfil` (`id`, `name`, `created`, `updated`) VALUES
(1, 'Administrador', '2013-05-12 00:00:00', '2013-08-06 16:07:00'),
(2, 'Operador', '2013-05-15 19:30:00', '2013-05-15 19:54:00'),
(6, 'Consulta', '2013-05-15 20:03:00', '2013-05-15 20:03:00'),
(7, 'BORRAR', '2013-05-17 02:58:00', '2013-07-08 20:33:00');

-- --------------------------------------------------------

--
-- Estructura de tabla para la tabla `plan_estudio`
--

CREATE TABLE `plan_estudio` (
  `id` int(11) NOT NULL,
  `plan` varchar(200) NOT NULL
) ENGINE=InnoDB DEFAULT CHARSET=utf8;

--
-- Volcado de datos para la tabla `plan_estudio`
--

INSERT INTO `plan_estudio` (`id`, `plan`) VALUES
(1, 'Ingenieria de sistemas - plan 2000'),
(2, 'Ingenieria de sistemas - plan 2015');

-- --------------------------------------------------------

--
-- Estructura de tabla para la tabla `users`
--

CREATE TABLE `users` (
  `id` int(10) UNSIGNED NOT NULL,
  `name` varchar(191) COLLATE utf8mb4_unicode_ci NOT NULL,
  `email` varchar(191) COLLATE utf8mb4_unicode_ci NOT NULL,
  `email_verified_at` timestamp NULL DEFAULT NULL,
  `password` varchar(191) COLLATE utf8mb4_unicode_ci NOT NULL,
  `remember_token` varchar(100) COLLATE utf8mb4_unicode_ci DEFAULT NULL,
  `created_at` timestamp NULL DEFAULT NULL,
  `updated_at` timestamp NULL DEFAULT NULL
) ENGINE=InnoDB DEFAULT CHARSET=utf8mb4 COLLATE=utf8mb4_unicode_ci;

--
-- Volcado de datos para la tabla `users`
--

INSERT INTO `users` (`id`, `name`, `email`, `email_verified_at`, `password`, `remember_token`, `created_at`, `updated_at`) VALUES
(1, 'Jessica Rios', 'jessica_nicolaus@hotmail.com', NULL, '$2y$10$tDQbAEZZIRtfpJXfJ5OOa.boeZOzmsOH3/KdfDCVOjW6FcjL30B/O', 'J8nduC5lIZYPJKSDf8mCrREWMd6wL86Ef8GBkwa94Gwz5m228dIU3JSZB97X', '2019-01-03 04:20:26', '2019-01-03 04:20:26'),
(2, 'giselle areco', 'giselleareco@gmail.com', NULL, '$2y$10$/SalTuvAhJEgreeiAZwtdO3t5INc1koxnonksHcwTFkALXcYfuk22', 'pCFcuVW8bFxqlmmTPYKhYseJkfqr5Gj5ZZ7fgqvDq5IqwhFm7Wm2c1gq00F8', '2019-03-06 20:38:51', '2019-03-06 20:38:51'),
(3, 'Andrés Machuca', 'andresmach@hotmail.com', NULL, '$2y$10$y704.7KzO7rg8IiO1R0Tfu0zdYf9YO2lsxvsRB2GVlnTQtmKOiY/m', 'AOe4CaTK3hLm14cqLpWOzLLaV00ueAulC3oc8QIErMbpr6FQKEMhVyKYAjPR', '2019-03-06 20:46:16', '2019-03-06 20:46:16'),
(4, 'Bertha Isasi', 'isasibertha@gmail.com', NULL, '$2y$10$/7ljTSTEClrZSaYGy7zIp.1DNgdBbwAhgPluh6Pq3GlVutmzdz3yO', 'kwwiAxP2iZvD6fDXZDEqDmTvTWcfer4422QZ3cHvQjkrxTBX3P0JBGDzqqYg', '2019-03-06 21:40:25', '2019-03-06 21:40:25'),
(5, 'Luz Escobar', 'luzzyanina@gmail.com', NULL, '$2y$10$TDA7JF9Q9srKixY0Ev77JOUcpXSHJIDCnUuX9.1xFX1x4E87Nx..6', 'oC9mkEKwcVe89OuZSFmsEgrYnr1WRLeRggXQKQK7V1Uwk823JSLsbhpWh8D3', '2019-03-06 21:44:15', '2019-03-06 21:44:15'),
(6, 'Gonzalo Gonzalez', 'gonzalo.gonzalez.0098@gmail.com', NULL, '$2y$10$h5tmhgb.1gvSu9rAChwRJ.YByBbDqP.gOeCzYSfGd1lvcYSX7uMbW', '1WpERbR6UCvwpFxeAcSEFRkeKqO25gxVMJ3y1eH7BFEzbCReo2bPtFMDO8FW', '2019-03-06 21:47:27', '2019-03-06 21:47:27'),
(7, 'Evert Ojeda', 'evert.oj@hotmail.es', NULL, '$2y$10$/R40HaoyeQcolOuK.oN1tuSypFTFht6mnS1JOIX3FFa7DqMrjfzJu', 'sQ8208pRSFEEYwMA1dfmeGjVu6Qh8Tw32mR7uKTF8bfFz5IsbHzy1BWqiWIz', '2019-03-06 21:51:35', '2019-03-06 21:51:35'),
(8, 'Marcos Cardozo', 'marc_card@hotmail.com', NULL, '$2y$10$sPEKAfbBq2B3O27cgW8TP.LserCYz3iVEF4GIBIX8t.QiXYesAGFm', 'S9SXsLyVUCaUCTBgRIq3RrJik7Ko7Qn8S3c8CJVQCQpKgGYqv7U958kGLIkH', '2019-03-10 21:33:15', '2019-03-10 21:33:15'),
(9, 'Fernando Mendoza', 'fer@mendoza.com', NULL, '$2y$10$gPaVufUL8ICtbQOFYjqY/eAVFeVKAyKjbGBnMGjq2akClRy6jz.lq', 'xWITx9qabNWO6itPKhtpURWnjA6jGwPfDgG0c4KnIfKzFe6duMZS9AoLJtqm', '2019-03-19 22:39:01', '2019-03-19 22:39:01'),
(10, 'Gustavo Garcete', 'gustavo_gar6@hotmail.com', NULL, '$2y$10$/vKk7igQ.st24taFePBUTuWHGH8E9EePz1r6kGmTeD.2o1JRj.wSO', 'BfReZUwPYUeBSt4onLtdmE7ZHJSHYl0T6hFLkUC9z3wvhsmH9BUwjzk4FF7O', '2019-03-19 22:43:03', '2019-03-19 22:43:03'),
(11, 'Adriana Velazquez', 'adrianabelenv9@gmail.com', NULL, '$2y$10$X0i6gsAmH/iQ92FJwnJ8te0HEVLISeoFR7wAKiy4AGPxfAOtgtcfi', 'XpVLI37ZMc9CiOYtlvkB2y52OBD1PeKKHCoBjtCasY4pvC9Zg5r0qvnLqY3j', '2019-03-19 23:06:16', '2019-03-19 23:06:16'),
(12, 'Alejandra Cardozo', 'alejandracardozorodriguez@hotmail.com', NULL, '$2y$10$/utK5FP0PJ1r/j67bCvtvuDtqvDMUmI/bPqhoCRaciHBBNO/gqo/W', 'tp4VNsCZbCmnFvnC4KyyQxll2x9YOzdjrDRQbF8j4xxlor2l468GmYlmsYvV', '2019-03-19 23:09:39', '2019-03-19 23:09:39'),
(13, 'lorena Gonzalez', 'chicabriston@hotmail.es', NULL, '$2y$10$5FUR05lCXYC3PUXnIlULzeKVmI.jR7UR7Jqyh4XALqoWl./V.mKCS', 'PaeFNMpmxSf0UsEFZB1jdluMDjuXHubWc5ScPuCxolqKdmbxRanvGTZTmdWJ', '2019-03-19 23:52:08', '2019-03-19 23:52:08'),
(14, 'Cecilia Garcia', 'cecigarciag95@gmail.com', NULL, '$2y$10$CErjRgtX1ngZWO28p/.OGOsOMuWTx4xdCIQv.nicyt5M0FIq08dXK', 'xJ6d5HNYdCCwL1BwRwoWtpMiTNNo9gv2ZtwTwbWkzJ2nsZ1WXH0FBb5hyd8r', '2019-03-20 00:04:04', '2019-03-20 00:04:04'),
(15, 'liz morel', 'liz_moel04@hotmail.com', NULL, '$2y$10$OzfYsGtLUYNyuBkOdxDrqeEoCiSksFCHfjGOvMm.2xVsIlRVK90Wm', 'xXytlsmdlriceNgu5AZM3JwhOaVpr3g9sRzKr55tk67UoyyjHjEibBFBnB3Z', '2019-03-20 00:09:08', '2019-03-20 00:09:08'),
(16, 'Edilzon Rivas', 'edil96@windowslive.com', NULL, '$2y$10$o1Z6L8p7P.zH0/1Y7amyUOS6O.XgHRUjq3TvbLO2aA7OMKpT8T4aS', NULL, '2019-03-20 00:23:26', '2019-03-20 00:23:26'),
(17, 'Rolando Acosta', 'rolando.acosta258@gmai.com', NULL, '$2y$10$R1lTRg21eAm4A060BZK2cOl.5dXsuSobENbM8VQvVxo9rk7oWctuy', 'yI3wQmBaZQd7UUZ80SfNnbMHthN72SbZ5E8tbCPeLHqDcQysNtUh7t9bwUee', '2019-03-23 00:18:44', '2019-03-23 00:18:44'),
(18, 'Lucas Martínez', 'lucasemb105428@hotmail.com', NULL, '$2y$10$Tkc7IHrZgp7PN0C3VocpjuL6MzkujyF7vl3qTxrruNBSFIsZ.4cOi', 'RxKrFNJHkOF0hjV2Lm7PbsyOHUeLYnTVKjqfsM2MC5Zgasxq2mwPNBZdnsf8', '2019-03-25 23:18:10', '2019-03-25 23:18:10'),
(19, 'TainaraSantander', 'tainarasantander@gmail.com', NULL, '$2y$10$xqpncWMV2swGWj5YbWFgXe6K8AUsER0kNm00kLRaaoscBMNsf5HKS', 'XfgUsAr25QRcdPYyKsYioHHu4LFrw1lJ2w5qPY4Ao0B9795T586e2SYw3YoQ', '2019-03-25 23:18:34', '2019-03-25 23:18:34'),
(20, 'Andrea Rios', 'celesterios31@hotmail.com', NULL, '$2y$10$7m0zuBxvtdY/0OCPAa.WRuhuHr/8gs42UwBF1YqNSSq1nkdZ8O4Yi', 'E1w5OtEyaK1jP9445jcTbFE66bEKAMFqkS8yFYnDDl5A1V6azwnGOGkcvleM', '2019-03-26 00:31:13', '2019-03-26 00:31:13'),
(21, 'Liz Gomez', 'rockeravirtual@hotmail.com', NULL, '$2y$10$RJLfbtIpkbULDMfhQXbkxuc4e6T6hQUKFILOBn4rBf3QMAL70HhU.', 'VMwzSIpukAouuWi6lx8ONXyDkmMqoOYsncFY2OEaC5IT7Fes8rTRp7igNGgh', '2019-03-26 00:36:24', '2019-03-26 00:36:24'),
(22, 'Elva Rodriguez', 'elvahope95@gmail.com', NULL, '$2y$10$aLbaSoGIENxwJjPPIZS.l.LfMQAUDLpq.SXVlPZc.FyTzum6x/QjS', 'NITsjhbDD1W4PAWJSEM6VD24BBgmEMzb6wkZvXULVNQRVX8iSf4rJ1b2tGqF', '2019-03-26 00:41:11', '2019-03-26 00:41:11'),
(23, 'Nicole', 'niki19951@hotmail.com', NULL, '$2y$10$xUsfGyvNv73h6UItqwZ0Fu7wDEIIoEUHZ9nCIAdZiDPALQn5xe7zi', 'AqWjWBxmkeveNLRW0p0J1rVafUwTick4CPzdNAYSEVEX4CvTiI0hoQ4q94vy', '2019-03-26 00:44:53', '2019-03-26 00:44:53'),
(24, 'Victor Acuna', 'victor@gmail.com', NULL, '$2y$10$FLBR4EeTBUKiEAJIWyq75.Ya7uoEICN7C5hzkphEfmGyrSObeZ.m2', 'WhjcZG6njRWC3tf4PiMo6vS7iIBqQOAHOJ0LdX7crVX3C9lrFlJNuI8NhqpW', '2019-03-26 00:57:09', '2019-03-26 00:57:09'),
(25, 'Juan Benetti', 'juanbc90@gmail.com', NULL, '$2y$10$elV6ZUW0TuorbH/r/gV24eMPiLzYdhpJaS8G9TX7VmI.Pv2GanvAO', 'a9Qmqk0DU0QI3eu5X91RnTHNI0o106iNFcWo9pBZx8eduiOUD7YseSYpEkUK', '2019-03-27 01:41:09', '2019-03-27 01:41:09'),
(26, 'Diego', 'diego@hotmail.com', NULL, '$2y$10$GCC.xJGKsq67apM16ocrlePL5758b37WSw7yFJ0cMXgtF8K9hwFgi', 'rxrWLm5LNZS6tGGjbVh5bl4E13mfM2E3yc9dklH2E2n1EpFonLplLVds9R79', '2019-03-27 01:51:14', '2019-03-27 01:51:14'),
(27, 'Maria Villalba', 'villalbapaiva@gmail.com', NULL, '$2y$10$V.XwYThhj4KPkMNEqnLGTufM4Uq4XX9dngPyX9ftm8ZNZbxKFlwgO', 'zelSRiJWL9vuWsODnp4TFgARO3ShTGl2Z8ufuRD7SEdhb9fHwtGBRBmGGLgX', '2019-03-28 00:55:48', '2019-03-28 00:55:48'),
(28, 'Guido Gimenez', 'guidogimenez2014@gmail.com', NULL, '$2y$10$DBFKOJt1ez2KPojbBGTvkepl3S2BQdQrKrR.5JSbvO0ri264BUIsm', 'GLwegYcOQzxqG6MAT9H4EGuhIxsgEfIu5yH4tYmRnaZeOl443YUkmwqsWl4f', '2019-03-28 01:19:53', '2019-03-28 01:19:53'),
(29, 'fabian', 'hector.125@hotmail.es', NULL, '$2y$10$hr6AhLRztTtb0Ok/V.9uX..8YNmj6i9SHmRys8AfMA3XF8KNcXjqa', 'kdPrf89G3XTSXVhz6n8tLpyCmyUuImlUGsCrzTGBrlLC67uVabvtkbplP7ok', '2019-03-28 01:50:23', '2019-03-28 01:50:23'),
(30, 'ana lopez', 'ana.gh1s92@gmail.com', NULL, '$2y$10$oScYppaOUcVUwxZ6dnfVruxYxrvBsjnNmiNLFcH425v0W8e3003Vu', 'KU0iG9gP8EcKqLgT1o2IB7QP5J8N4l6LMx8EEr5CGfqAyq9Pp6flaWKkGMm1', '2019-03-28 02:27:48', '2019-03-28 02:27:48'),
(31, 'ruben galeano', 'rubengaleano97@gmail.com', NULL, '$2y$10$/ImfhjjrDnO8QjQ3mz/rKOROyXscUMtUDTlP5ojjOTOJ2.1gr9tIi', 'BXmoGVNuju3pA5oSdIa8gj6yKHBnBoK6howS7GvmS8WXJJJHDjfMqhMMPXRT', '2019-03-30 01:44:59', '2019-03-30 01:44:59'),
(32, 'Gisele Velazquez', 'giselepao_@hotmail.com', NULL, '$2y$10$4iVhnDLNGz02wUejE/wo0OFSlqvkMGScs5hdLIt1c4ordivgVrsFG', 'TfCkCG8eppHSghgLYxDAgz5yHSTNZ9OgfiqyYpbfgG8VVSwcDQepM52I3WVK', '2019-03-30 02:02:10', '2019-03-30 02:02:10'),
(33, 'Rodrigo Amarilla', 'rodrigoamarilla@hotmail.com', NULL, '$2y$10$NoRvDQVphLccfr6yiE33fextX.hLf3LvAuX4Oka4sGRfXG46VuO1m', 'BR6JwijETr1YTZyI4z8jQgQUfl7u1aTPijqkNj1RwMIRo8lbo5NhhRP1F8Od', '2019-03-30 02:11:02', '2019-03-30 02:11:02'),
(34, 'Antonio Morales', 'moraanto@gmail.com', NULL, '$2y$10$rSAK.NNemmkbqtYhq.MILucRbNtT9HrOqS8lmWXGzyQeXb9Iv1jfC', '8zLa3TxUFJanTN7SZnDi75YEj6ojWu2PFPwnLgWIBUZnBTO5Ors4IRj246P6', '2019-03-30 02:19:05', '2019-03-30 02:19:05'),
(35, 'Richard', 'richard@hotmail.com', NULL, '$2y$10$hpqz/z29E41UVitNeLmVnOHpg1NcmCz26TRVnUHLIjhX4GtGK9g0G', 'prq0vrxM6LOOZbB0PQlvmpEo6cDnsclij2gTFBU4dhiriwA8GUtJAO7JLvyA', '2019-03-31 02:48:08', '2019-03-31 02:48:08');

-- --------------------------------------------------------

--
-- Estructura de tabla para la tabla `user_libros`
--

CREATE TABLE `user_libros` (
  `id` int(10) UNSIGNED NOT NULL,
  `user_id` int(11) NOT NULL,
  `libro_id` int(11) NOT NULL,
  `busqueda_id` int(11) NOT NULL,
  `calificado` tinyint(1) NOT NULL DEFAULT '0',
  `created_at` timestamp NULL DEFAULT NULL,
  `updated_at` timestamp NULL DEFAULT NULL
) ENGINE=InnoDB DEFAULT CHARSET=utf8mb4 COLLATE=utf8mb4_unicode_ci;

--
-- Volcado de datos para la tabla `user_libros`
--

INSERT INTO `user_libros` (`id`, `user_id`, `libro_id`, `busqueda_id`, `calificado`, `created_at`, `updated_at`) VALUES
(1, 1, 1133, 4, 1, '2019-01-29 23:19:14', '2019-01-30 01:15:00'),
(2, 1, 1302, 5, 1, '2019-01-29 23:19:48', '2019-03-06 23:45:15'),
(3, 1, 622, 4, 1, '2019-01-30 01:14:51', '2019-03-06 23:45:19'),
(4, 1, 2113, 7, 1, '2019-02-27 02:18:08', '2019-03-06 21:10:18'),
(5, 2, 289, 10, 1, '2019-03-06 20:39:48', '2019-03-06 20:40:01'),
(6, 2, 1110, 11, 1, '2019-03-06 20:40:59', '2019-03-06 20:41:15'),
(7, 2, 315, 12, 3, '2019-03-06 20:42:00', '2019-03-06 20:42:55'),
(8, 2, 385, 13, 1, '2019-03-06 20:42:39', '2019-03-06 20:43:00'),
(9, 2, 300, 14, 1, '2019-03-06 20:43:24', '2019-03-06 20:43:35'),
(10, 2, 1027, 15, 1, '2019-03-06 20:44:20', '2019-03-06 20:44:53'),
(11, 2, 809, 16, 1, '2019-03-06 20:44:36', '2019-03-06 20:44:52'),
(12, 3, 1110, 17, 1, '2019-03-06 20:47:07', '2019-03-06 20:50:00'),
(13, 3, 1295, 18, 1, '2019-03-06 20:48:00', '2019-03-06 20:49:57'),
(14, 3, 2120, 19, 1, '2019-03-06 20:48:15', '2019-03-06 20:49:54'),
(15, 3, 559, 19, 1, '2019-03-06 20:48:20', '2019-03-06 20:49:04'),
(16, 3, 2124, 19, 1, '2019-03-06 20:48:31', '2019-03-06 20:49:03'),
(17, 3, 1987, 19, 1, '2019-03-06 20:48:35', '2019-03-06 20:49:01'),
(18, 3, 289, 20, 4, '2019-03-06 20:50:18', '2019-03-06 20:50:23'),
(19, 3, 2281, 21, 1, '2019-03-06 20:50:48', '2019-03-06 20:51:24'),
(20, 3, 1870, 21, 1, '2019-03-06 20:51:11', '2019-03-06 20:51:30'),
(21, 4, 1153, 23, 1, '2019-03-06 21:41:25', '2019-03-06 21:43:17'),
(22, 4, 300, 24, 1, '2019-03-06 21:42:01', '2019-03-06 21:43:18'),
(23, 4, 1871, 25, 1, '2019-03-06 21:42:23', '2019-03-06 21:43:19'),
(24, 4, 1423, 26, 1, '2019-03-06 21:42:35', '2019-03-06 21:43:20'),
(25, 5, 289, 27, 2, '2019-03-06 21:44:36', '2019-03-06 21:45:40'),
(26, 5, 1804, 28, 1, '2019-03-06 21:44:59', '2019-03-06 21:45:41'),
(27, 5, 346, 29, 1, '2019-03-06 21:45:20', '2019-03-06 21:45:42'),
(28, 6, 1024, 30, 1, '2019-03-06 21:47:48', '2019-03-06 21:47:57'),
(29, 6, 1656, 31, 1, '2019-03-06 21:48:12', '2019-03-06 21:48:25'),
(30, 6, 266, 31, 5, '2019-03-06 21:48:15', '2019-03-06 21:48:28'),
(31, 7, 1295, 32, 1, '2019-03-06 21:52:07', '2019-03-06 21:53:03'),
(32, 7, 1520, 32, 1, '2019-03-06 21:52:12', '2019-03-06 21:53:08'),
(33, 7, 566, 33, 4, '2019-03-06 21:52:25', '2019-03-06 21:53:11'),
(34, 7, 1110, 33, 5, '2019-03-06 21:52:29', '2019-03-06 21:53:15'),
(35, 7, 2120, 34, 1, '2019-03-06 21:52:43', '2019-03-06 21:53:18'),
(36, 3, 1228, 20, 1, '2019-03-06 23:41:10', '2019-03-06 23:41:25'),
(37, 1, 1382, 22, 1, '2019-03-06 23:46:15', '2019-03-06 23:50:37'),
(38, 8, 1280, 38, 1, '2019-03-10 21:33:31', '2019-03-10 21:34:27'),
(39, 8, 434, 38, 4, '2019-03-10 21:33:37', '2019-03-12 02:29:50'),
(40, 8, 1758, 38, 5, '2019-03-10 21:33:45', '2019-03-12 02:30:14'),
(41, 8, 822, 38, 3, '2019-03-10 21:33:57', '2019-04-07 23:16:27'),
(42, 9, 1600, 39, 5, '2019-03-19 22:39:31', '2019-03-19 22:39:43'),
(43, 9, 1024, 40, 3, '2019-03-19 22:40:23', '2019-03-19 22:40:31'),
(44, 10, 174, 41, 3, '2019-03-19 22:44:01', '2019-03-19 22:44:16'),
(45, 10, 2167, 42, 4, '2019-03-19 22:44:46', '2019-03-19 22:44:52'),
(46, 11, 890, 45, 5, '2019-03-19 23:07:27', '2019-03-19 23:07:47'),
(47, 12, 1280, 46, 5, '2019-03-19 23:10:01', '2019-03-19 23:10:10'),
(48, 13, 1978, 49, 4, '2019-03-19 23:52:45', '2019-03-19 23:53:11'),
(49, 14, 2178, 50, 4, '2019-03-20 00:04:38', '2019-03-20 00:04:55'),
(50, 14, 262, 51, 5, '2019-03-20 00:05:21', '2019-03-20 00:05:31'),
(51, 15, 1365, 53, 5, '2019-03-20 00:10:26', '2019-03-20 00:10:53'),
(52, 15, 143, 56, 5, '2019-03-20 00:12:32', '2019-03-20 00:12:40'),
(53, 16, 2072, 58, 4, '2019-03-20 00:23:55', '2019-03-20 00:27:33'),
(54, 16, 289, 58, 1, '2019-03-20 00:24:02', '2019-03-20 00:27:34'),
(55, 16, 860, 59, 4, '2019-03-20 00:24:14', '2019-03-20 00:27:50'),
(56, 16, 1110, 61, 3, '2019-03-20 00:24:50', '2019-03-20 00:28:01'),
(57, 16, 1078, 62, 5, '2019-03-20 00:25:50', '2019-03-20 00:28:04'),
(58, 16, 2109, 63, 5, '2019-03-20 00:26:06', '2019-03-20 00:28:08'),
(59, 16, 1602, 63, 3, '2019-03-20 00:26:13', '2019-03-20 00:28:12'),
(60, 16, 1215, 63, 3, '2019-03-20 00:26:18', '2019-03-20 00:28:16'),
(61, 16, 77, 66, 5, '2019-03-20 00:26:48', '2019-03-20 00:28:20'),
(62, 17, 1110, 67, 4, '2019-03-23 00:19:13', '2019-03-23 00:21:08'),
(63, 17, 600, 68, 4, '2019-03-23 00:19:41', '2019-03-23 00:21:21'),
(64, 17, 1890, 69, 1, '2019-03-23 00:20:10', '2019-03-23 00:21:22'),
(65, 17, 2120, 70, 4, '2019-03-23 00:20:44', '2019-03-23 00:21:28'),
(66, 18, 2123, 71, 5, '2019-03-25 23:19:08', '2019-03-25 23:20:12'),
(67, 19, 1827, 72, 1, '2019-03-25 23:19:15', '2019-03-25 23:23:12'),
(68, 18, 1110, 73, 5, '2019-03-25 23:19:31', '2019-03-25 23:20:17'),
(69, 19, 2123, 74, 1, '2019-03-25 23:20:09', '2019-03-25 23:23:10'),
(70, 19, 2276, 72, 1, '2019-03-25 23:21:10', '2019-03-25 23:23:08'),
(71, 19, 1286, 75, 1, '2019-03-25 23:21:34', '2019-03-25 23:23:05'),
(72, 19, 550, 74, 1, '2019-03-25 23:21:50', '2019-03-25 23:23:01'),
(73, 19, 389, 74, 5, '2019-03-25 23:21:57', '2019-03-25 23:22:55'),
(74, 20, 1295, 76, 3, '2019-03-26 00:32:09', '2019-03-26 00:34:07'),
(75, 20, 345, 77, 4, '2019-03-26 00:32:32', '2019-03-26 00:34:16'),
(76, 20, 174, 78, 3, '2019-03-26 00:33:09', '2019-03-26 00:34:24'),
(77, 20, 2120, 80, 5, '2019-03-26 00:33:40', '2019-03-26 00:34:28'),
(78, 21, 289, 81, 5, '2019-03-26 00:37:14', '2019-03-26 00:38:41'),
(79, 21, 1110, 82, 3, '2019-03-26 00:37:51', '2019-03-26 00:38:47'),
(80, 21, 1873, 83, 4, '2019-03-26 00:38:15', '2019-03-26 00:38:55'),
(81, 22, 289, 84, 5, '2019-03-26 00:41:23', '2019-03-26 00:43:02'),
(82, 22, 840, 85, 5, '2019-03-26 00:41:46', '2019-03-26 00:43:08'),
(83, 22, 983, 87, 5, '2019-03-26 00:42:37', '2019-03-26 00:43:12'),
(84, 22, 2078, 87, 5, '2019-03-26 00:42:41', '2019-03-26 00:43:17'),
(85, 23, 720, 88, 4, '2019-03-26 00:45:23', '2019-03-26 00:46:19'),
(86, 23, 289, 90, 5, '2019-03-26 00:45:46', '2019-03-26 00:46:25'),
(87, 23, 1409, 91, 3, '2019-03-26 00:46:03', '2019-03-26 00:46:29'),
(88, 24, 424, 93, 3, '2019-03-26 00:58:27', '2019-03-26 01:00:03'),
(89, 24, 1827, 94, 4, '2019-03-26 00:58:46', '2019-03-26 01:00:08'),
(90, 24, 1407, 95, 5, '2019-03-26 00:59:24', '2019-03-26 01:00:13'),
(91, 25, 1987, 96, 4, '2019-03-27 01:42:36', '2019-03-27 01:46:20'),
(92, 25, 1882, 97, 1, '2019-03-27 01:43:26', '2019-03-27 01:46:21'),
(93, 25, 345, 98, 4, '2019-03-27 01:44:11', '2019-03-27 01:46:31'),
(94, 25, 306, 99, 3, '2019-03-27 01:44:28', '2019-03-27 01:46:35'),
(95, 25, 1286, 99, 3, '2019-03-27 01:44:36', '2019-03-27 01:46:42'),
(96, 25, 1732, 99, 4, '2019-03-27 01:44:49', '2019-03-27 01:46:49'),
(97, 25, 905, 100, 3, '2019-03-27 01:45:46', '2019-03-27 01:46:54'),
(98, 26, 576, 101, 4, '2019-03-27 01:52:03', '2019-03-27 01:52:18'),
(99, 26, 647, 102, 4, '2019-03-27 01:55:38', '2019-03-27 01:56:23'),
(100, 26, 2140, 102, 5, '2019-03-27 01:55:45', '2019-03-27 01:56:27'),
(101, 27, 369, 103, 5, '2019-03-28 00:56:19', '2019-03-28 00:56:45'),
(102, 27, 172, 103, 4, '2019-03-28 00:56:23', '2019-03-28 00:56:50'),
(103, 27, 583, 103, 5, '2019-03-28 00:56:29', '2019-03-28 00:56:55'),
(104, 28, 287, 104, 5, '2019-03-28 01:20:30', '2019-03-28 01:21:11'),
(105, 28, 623, 105, 1, '2019-03-28 01:20:56', '2019-03-28 01:21:12'),
(106, 29, 2078, 106, 5, '2019-03-28 01:50:39', '2019-03-28 01:50:51'),
(107, 29, 1409, 107, 5, '2019-03-28 01:51:01', '2019-03-28 01:51:08'),
(108, 30, 1873, 108, 1, '2019-03-28 02:28:11', '2019-03-28 02:28:22'),
(109, 30, 2017, 109, 5, '2019-03-28 02:28:49', '2019-03-28 02:28:57'),
(110, 1, 289, 110, 4, '2019-03-29 03:29:12', '2019-03-29 03:29:42'),
(111, 31, 1024, 112, 5, '2019-03-30 01:47:39', '2019-03-30 01:48:12'),
(112, 32, 412, 115, 1, '2019-03-30 02:05:45', '2019-03-30 02:05:54'),
(113, 33, 8, 116, 5, '2019-03-30 02:11:25', '2019-03-30 02:11:42'),
(114, 33, 1779, 117, 3, '2019-03-30 02:12:30', '2019-03-30 02:13:30'),
(115, 33, 345, 119, 5, '2019-03-30 02:13:16', '2019-03-30 02:13:35'),
(116, 34, 143, 121, 2, '2019-03-30 02:19:15', '2019-03-30 02:19:54'),
(117, 34, 1280, 122, 4, '2019-03-30 02:19:27', '2019-03-30 02:20:01'),
(118, 34, 573, 122, 4, '2019-03-30 02:19:31', '2019-03-30 02:20:06'),
(119, 34, 1367, 122, 3, '2019-03-30 02:19:34', '2019-03-30 02:20:12'),
(120, 35, 768, 123, 4, '2019-03-31 02:49:11', '2019-03-31 02:50:07'),
(121, 35, 561, 124, 3, '2019-03-31 02:49:33', '2019-03-31 02:50:12'),
(122, 35, 2120, 124, 5, '2019-03-31 02:49:37', '2019-03-31 02:50:16'),
(123, 35, 1758, 124, 4, '2019-03-31 02:49:41', '2019-03-31 02:50:20'),
(124, 35, 409, 124, 4, '2019-03-31 02:49:48', '2019-03-31 02:50:24'),
(125, 27, 2068, 129, 0, '2019-03-31 02:50:12', '2019-03-31 02:50:12'),
(126, 27, 324, 129, 0, '2019-03-31 02:50:15', '2019-03-31 02:50:15'),
(127, 27, 2096, 129, 0, '2019-03-31 02:50:18', '2019-03-31 02:50:18'),
(128, 1, 1078, 130, 5, '2019-04-02 03:54:02', '2019-04-02 03:54:16'),
(129, 1, 1153, 131, 4, '2019-04-02 04:00:52', '2019-04-02 04:01:14'),
(130, 1, 369, 132, 4, '2019-04-03 02:47:46', '2019-04-03 02:47:57'),
(131, 3, 1304, 133, 5, '2019-04-03 02:55:28', '2019-04-03 02:55:38'),
(132, 3, 1600, 137, 4, '2019-04-04 02:11:23', '2019-04-04 02:11:42'),
(133, 3, 174, 137, 5, '2019-04-04 02:11:29', '2019-04-04 02:11:51'),
(134, 3, 313, 137, 4, '2019-04-04 02:15:22', '2019-04-04 02:18:08'),
(135, 3, 173, 137, 4, '2019-04-04 02:17:26', '2019-04-12 02:50:15'),
(136, 3, 95, 137, 4, '2019-04-04 02:17:28', '2019-04-04 02:30:01'),
(137, 3, 248, 137, 5, '2019-04-04 02:29:43', '2019-04-12 02:50:23'),
(138, 1, 1110, 138, 5, '2019-04-07 21:50:19', '2019-04-07 22:09:02'),
(139, 1, 400, 139, 4, '2019-04-07 21:50:55', '2019-04-07 22:22:19'),
(140, 1, 2120, 140, 3, '2019-04-07 22:22:09', '2019-04-07 22:22:44'),
(141, 1, 1600, 141, 4, '2019-04-07 22:22:35', '2019-04-11 00:20:16'),
(142, 8, 289, 142, 4, '2019-04-07 22:23:13', '2019-04-07 23:16:45'),
(143, 8, 1600, 143, 4, '2019-04-07 22:23:26', '2019-04-07 23:24:06'),
(144, 8, 2120, 144, 4, '2019-04-07 22:23:38', '2019-04-07 23:24:14'),
(145, 8, 900, 145, 5, '2019-04-07 22:23:56', '2019-04-07 23:25:35'),
(146, 8, 2164, 146, 3, '2019-04-07 22:24:12', '2019-04-07 23:52:04'),
(147, 8, 710, 146, 1, '2019-04-07 22:24:16', '2019-04-08 00:24:33'),
(148, 8, 2096, 147, 2, '2019-04-07 22:24:29', '2019-04-08 00:32:22'),
(149, 8, 2292, 153, 0, '2019-04-07 22:25:58', '2019-04-07 22:25:58'),
(150, 1, 817, 154, 4, '2019-04-11 00:19:47', '2019-04-11 00:36:18'),
(151, 1, 1953, 154, 4, '2019-04-11 00:19:53', '2019-04-11 00:36:26'),
(152, 1, 1520, 155, 1, '2019-04-11 00:37:55', '2019-04-11 00:43:29'),
(153, 1, 2078, 156, 4, '2019-04-11 00:45:00', '2019-04-11 01:07:16'),
(154, 1, 566, 156, 4, '2019-04-11 00:45:05', '2019-04-11 01:08:23'),
(155, 1, 174, 156, 5, '2019-04-11 00:45:11', '2019-04-11 00:49:58'),
(156, 1, 2124, 154, 3, '2019-04-11 01:07:31', '2019-04-11 01:09:37'),
(157, 1, 300, 157, 5, '2019-04-11 01:07:58', '2019-04-11 01:09:44'),
(158, 1, 1024, 157, 4, '2019-04-11 01:08:01', '2019-04-11 01:09:48'),
(159, 3, 566, 158, 4, '2019-04-12 02:50:04', '2019-04-12 02:50:29'),
(160, 3, 647, 159, 3, '2019-04-12 02:50:52', '2019-04-12 02:51:23'),
(161, 3, 548, 159, 5, '2019-04-12 02:50:58', '2019-04-12 02:51:28');

-- --------------------------------------------------------

--
-- Estructura de tabla para la tabla `usuario`
--

CREATE TABLE `usuario` (
  `id` int(11) NOT NULL,
  `name` varchar(100) COLLATE utf8_spanish2_ci NOT NULL,
  `created` datetime DEFAULT NULL,
  `updated` datetime DEFAULT NULL,
  `login` varchar(100) COLLATE utf8_spanish2_ci NOT NULL,
  `password` varchar(100) COLLATE utf8_spanish2_ci NOT NULL,
  `email` varchar(100) COLLATE utf8_spanish2_ci NOT NULL,
  `perfil_id` int(11) NOT NULL
) ENGINE=InnoDB DEFAULT CHARSET=utf8 COLLATE=utf8_spanish2_ci;

--
-- Volcado de datos para la tabla `usuario`
--

INSERT INTO `usuario` (`id`, `name`, `created`, `updated`, `login`, `password`, `email`, `perfil_id`) VALUES
(1, 'Usuario Administrador', '2013-05-12 00:00:00', '2013-06-29 21:01:00', 'jmm', '6e8c19b0ca409458f47c0bca4630ab11', 'j@j.com', 1),
(3, 'Jose Pepe', '2013-05-17 02:58:00', '2013-07-08 20:35:00', 'operador', '06d4f07c943a4da1c8bfe591abbc3579', 'operador@operado.com', 2),
(5, 'Carlos Consulta', '2013-06-29 16:43:00', '2013-06-30 02:07:00', 'consulta', '202cb962ac59075b964b07152d234b70', 'j@d.com', 6),
(6, 'Otro Administrador', '2013-06-29 19:57:00', '2013-07-02 17:36:00', 'admin', '21232f297a57a5a743894a0e4a801fc3', 'admin@admin.com', 1);

--
-- Índices para tablas volcadas
--

--
-- Indices de la tabla `asignatura`
--
ALTER TABLE `asignatura`
  ADD PRIMARY KEY (`id`),
  ADD KEY `plan_estudio_id` (`plan_estudio_id`);

--
-- Indices de la tabla `asignatura_contenido`
--
ALTER TABLE `asignatura_contenido`
  ADD PRIMARY KEY (`id`),
  ADD KEY `asignatura_idfk1` (`asignatura_id`),
  ADD KEY `contenido_idfk1` (`contenido_id`);

--
-- Indices de la tabla `bibliografia`
--
ALTER TABLE `bibliografia`
  ADD PRIMARY KEY (`id`);

--
-- Indices de la tabla `bibliografia_contenido`
--
ALTER TABLE `bibliografia_contenido`
  ADD PRIMARY KEY (`id`),
  ADD KEY `id_bibliografia` (`bibliografia_id`),
  ADD KEY `id_contenido_fk` (`contenido_id`);

--
-- Indices de la tabla `busquedas`
--
ALTER TABLE `busquedas`
  ADD PRIMARY KEY (`id`);

--
-- Indices de la tabla `calificar`
--
ALTER TABLE `calificar`
  ADD PRIMARY KEY (`id`),
  ADD KEY `id_usuario` (`usuario_id`),
  ADD KEY `id_bibliografia` (`bibliografia_id`),
  ADD KEY `id_contenido` (`contenido_id`),
  ADD KEY `id_plan_estudio` (`plan_estudio_id`),
  ADD KEY `id_asignatura` (`asignatura_id`);

--
-- Indices de la tabla `contenido`
--
ALTER TABLE `contenido`
  ADD PRIMARY KEY (`id`);

--
-- Indices de la tabla `menu`
--
ALTER TABLE `menu`
  ADD PRIMARY KEY (`id`);

--
-- Indices de la tabla `menu_perfil`
--
ALTER TABLE `menu_perfil`
  ADD PRIMARY KEY (`id`),
  ADD KEY `menu_id` (`menu_id`),
  ADD KEY `perfil_id` (`perfil_id`);

--
-- Indices de la tabla `migrations`
--
ALTER TABLE `migrations`
  ADD PRIMARY KEY (`id`);

--
-- Indices de la tabla `password_resets`
--
ALTER TABLE `password_resets`
  ADD KEY `password_resets_email_index` (`email`);

--
-- Indices de la tabla `perfil`
--
ALTER TABLE `perfil`
  ADD PRIMARY KEY (`id`);

--
-- Indices de la tabla `plan_estudio`
--
ALTER TABLE `plan_estudio`
  ADD PRIMARY KEY (`id`);

--
-- Indices de la tabla `users`
--
ALTER TABLE `users`
  ADD PRIMARY KEY (`id`),
  ADD UNIQUE KEY `users_email_unique` (`email`);

--
-- Indices de la tabla `user_libros`
--
ALTER TABLE `user_libros`
  ADD PRIMARY KEY (`id`);

--
-- Indices de la tabla `usuario`
--
ALTER TABLE `usuario`
  ADD PRIMARY KEY (`id`),
  ADD KEY `perfil_id` (`perfil_id`);

--
-- AUTO_INCREMENT de las tablas volcadas
--

--
-- AUTO_INCREMENT de la tabla `asignatura`
--
ALTER TABLE `asignatura`
  MODIFY `id` int(5) NOT NULL AUTO_INCREMENT, AUTO_INCREMENT=133;

--
-- AUTO_INCREMENT de la tabla `asignatura_contenido`
--
ALTER TABLE `asignatura_contenido`
  MODIFY `id` int(11) NOT NULL AUTO_INCREMENT, AUTO_INCREMENT=153;

--
-- AUTO_INCREMENT de la tabla `bibliografia`
--
ALTER TABLE `bibliografia`
  MODIFY `id` int(5) NOT NULL AUTO_INCREMENT, AUTO_INCREMENT=2294;

--
-- AUTO_INCREMENT de la tabla `bibliografia_contenido`
--
ALTER TABLE `bibliografia_contenido`
  MODIFY `id` int(11) NOT NULL AUTO_INCREMENT, AUTO_INCREMENT=639;

--
-- AUTO_INCREMENT de la tabla `busquedas`
--
ALTER TABLE `busquedas`
  MODIFY `id` int(10) UNSIGNED NOT NULL AUTO_INCREMENT, AUTO_INCREMENT=160;

--
-- AUTO_INCREMENT de la tabla `calificar`
--
ALTER TABLE `calificar`
  MODIFY `id` int(11) NOT NULL AUTO_INCREMENT, AUTO_INCREMENT=2;

--
-- AUTO_INCREMENT de la tabla `contenido`
--
ALTER TABLE `contenido`
  MODIFY `id` int(11) NOT NULL AUTO_INCREMENT, AUTO_INCREMENT=838;

--
-- AUTO_INCREMENT de la tabla `menu`
--
ALTER TABLE `menu`
  MODIFY `id` int(11) NOT NULL AUTO_INCREMENT, AUTO_INCREMENT=14;

--
-- AUTO_INCREMENT de la tabla `menu_perfil`
--
ALTER TABLE `menu_perfil`
  MODIFY `id` int(11) NOT NULL AUTO_INCREMENT, AUTO_INCREMENT=28;

--
-- AUTO_INCREMENT de la tabla `migrations`
--
ALTER TABLE `migrations`
  MODIFY `id` int(10) UNSIGNED NOT NULL AUTO_INCREMENT, AUTO_INCREMENT=5;

--
-- AUTO_INCREMENT de la tabla `perfil`
--
ALTER TABLE `perfil`
  MODIFY `id` int(11) NOT NULL AUTO_INCREMENT, AUTO_INCREMENT=8;

--
-- AUTO_INCREMENT de la tabla `plan_estudio`
--
ALTER TABLE `plan_estudio`
  MODIFY `id` int(11) NOT NULL AUTO_INCREMENT, AUTO_INCREMENT=3;

--
-- AUTO_INCREMENT de la tabla `users`
--
ALTER TABLE `users`
  MODIFY `id` int(10) UNSIGNED NOT NULL AUTO_INCREMENT, AUTO_INCREMENT=36;

--
-- AUTO_INCREMENT de la tabla `user_libros`
--
ALTER TABLE `user_libros`
  MODIFY `id` int(10) UNSIGNED NOT NULL AUTO_INCREMENT, AUTO_INCREMENT=162;

--
-- AUTO_INCREMENT de la tabla `usuario`
--
ALTER TABLE `usuario`
  MODIFY `id` int(11) NOT NULL AUTO_INCREMENT, AUTO_INCREMENT=7;

--
-- Restricciones para tablas volcadas
--

--
-- Filtros para la tabla `asignatura`
--
ALTER TABLE `asignatura`
  ADD CONSTRAINT `plan_estudio_idfk` FOREIGN KEY (`plan_estudio_id`) REFERENCES `plan_estudio` (`id`) ON DELETE CASCADE ON UPDATE CASCADE;

--
-- Filtros para la tabla `asignatura_contenido`
--
ALTER TABLE `asignatura_contenido`
  ADD CONSTRAINT `asignatura_idfk1` FOREIGN KEY (`asignatura_id`) REFERENCES `asignatura` (`id`) ON DELETE CASCADE ON UPDATE CASCADE,
  ADD CONSTRAINT `contenido_idfk1` FOREIGN KEY (`contenido_id`) REFERENCES `contenido` (`id`) ON DELETE CASCADE ON UPDATE CASCADE;

--
-- Filtros para la tabla `bibliografia_contenido`
--
ALTER TABLE `bibliografia_contenido`
  ADD CONSTRAINT `id_bibliografia_fk` FOREIGN KEY (`bibliografia_id`) REFERENCES `bibliografia` (`id`) ON DELETE CASCADE ON UPDATE CASCADE,
  ADD CONSTRAINT `id_contenido_fk` FOREIGN KEY (`contenido_id`) REFERENCES `contenido` (`id`) ON DELETE CASCADE ON UPDATE CASCADE;

--
-- Filtros para la tabla `calificar`
--
ALTER TABLE `calificar`
  ADD CONSTRAINT `id_asignatura` FOREIGN KEY (`asignatura_id`) REFERENCES `asignatura` (`id`),
  ADD CONSTRAINT `id_bibliografia` FOREIGN KEY (`bibliografia_id`) REFERENCES `bibliografia` (`id`) ON DELETE CASCADE ON UPDATE CASCADE,
  ADD CONSTRAINT `id_contenido` FOREIGN KEY (`contenido_id`) REFERENCES `contenido` (`id`) ON DELETE CASCADE ON UPDATE CASCADE,
  ADD CONSTRAINT `id_plan_estudio` FOREIGN KEY (`plan_estudio_id`) REFERENCES `plan_estudio` (`id`) ON DELETE CASCADE ON UPDATE CASCADE,
  ADD CONSTRAINT `id_usuario` FOREIGN KEY (`usuario_id`) REFERENCES `usuario` (`id`) ON DELETE CASCADE ON UPDATE CASCADE;

--
-- Filtros para la tabla `usuario`
--
ALTER TABLE `usuario`
  ADD CONSTRAINT `usuario_ibfk_1` FOREIGN KEY (`perfil_id`) REFERENCES `perfil` (`id`);
COMMIT;

/*!40101 SET CHARACTER_SET_CLIENT=@OLD_CHARACTER_SET_CLIENT */;
/*!40101 SET CHARACTER_SET_RESULTS=@OLD_CHARACTER_SET_RESULTS */;
/*!40101 SET COLLATION_CONNECTION=@OLD_COLLATION_CONNECTION */;
